Date,Open,High,Low,Close,Volume
2020-11-30,1.7001188612951643,1.712438551482193,1.6385204103600208,1.656999945640564,2942999
2020-12-01,1.6569997644211059,1.6816391421004526,1.6385202311615956,1.6631596088409424,1898807
2020-12-02,1.663159796961677,1.6816393323114154,1.6138808891667489,1.6446802616119385,3644998
2020-12-03,1.6446800755814324,1.6816391421004526,1.6262005423219221,1.6631596088409424,2773760
2020-12-06,1.6631598896366313,1.7124386533151892,1.6631598896366313,1.69395911693573,3728182
2020-12-07,1.6939588733973237,1.7247580962684557,1.6877990288230973,1.7062785625457764,2323747
2020-12-08,1.7062787171842098,1.8725946826236604,1.693959026919235,1.8171560764312744,20902226
2020-12-09,1.8171560521445012,1.909553727896892,1.798676516994023,1.8664348125457764,9275015
2020-12-10,1.8664347888837427,1.9711523002711693,1.7986764941910065,1.9157135486602783,14181517
2020-12-13,1.9157134134648364,2.0881893542353414,1.9526726275512465,2.0327506065368652,12129495
2020-12-14,2.032750755490317,2.032750755490317,1.9280333906819245,1.9711523056030273,9234855
2020-12-15,1.9711521812222843,2.0327506272226796,1.9341931136220472,1.9834718704223633,6381020
2020-12-16,1.9834720651892592,2.0081114460088796,1.909553775868104,1.9526728391647339,7967560
2020-12-17,1.952672845586434,1.9711523812619223,1.903393936922837,1.9403531551361084,3754440
2020-12-20,1.940353086552094,2.0019515366264535,1.934193241544658,1.9588326215744019,3296889
2020-12-21,1.9588325447007904,1.9403530104037046,1.767877063239669,1.7925165891647339,4849163
2020-12-22,1.792516657730388,1.8048363477330196,1.7124385258509924,1.7740371227264404,3548072
2020-12-23,1.7740370938587584,1.8787544571771346,1.7863567836609204,1.8356355428695679,5531858
2020-12-24,1.8356356181715077,1.8725946890941385,1.7617173294639534,1.804836392402649,4392725
2020-12-27,1.8048363240970315,1.8171560139383256,1.7185983483456857,1.7555574178695679,2569258
2020-12-28,1.7555574782441086,1.8602749923586857,1.7678771685090833,1.8171560764312744,4832826
2020-12-29,1.8171557727615562,1.9649921780982111,1.8787542137925508,1.9280331134796143,9785120
2020-12-30,1.9280334583451135,1.9957917555990692,1.909553775868104,1.9526728391647339,7451868
2020-12-31,1.9526724595505587,1.9465126155431736,1.9033935606292116,1.9218730926513672,3685443
2021-01-03,1.9218732981137445,1.958832512971533,1.9157134534478266,1.9341931343078613,2102682
2021-01-04,1.9341932304387677,1.9465129203829015,1.8849143237999435,1.9157135486602783,3173792
2021-01-05,1.915713621073009,1.977312219984354,1.8972340854582939,1.9526728391647339,5331145
2021-01-06,1.952672747639524,2.07586964596317,1.971152282388071,2.0204310417175293,23864656
2021-01-10,2.020430965986834,2.1682673852962258,2.088189404387374,2.1313083171844482,11013861
2021-01-11,2.1313083090603255,2.143627998383958,2.032750647608986,2.075869560241699,9519017
2021-01-12,2.0758696341808807,2.0697097892996608,2.00811134048746,2.0450704097747803,4035988
2021-01-13,2.0450704213822584,2.069709801046988,2.0019515069689824,2.0204310417175293,2747899
2021-01-14,2.0204310190553096,2.1189886834710387,2.0019514845140387,2.0697097778320312,6547070
2021-01-17,2.0697098527148907,2.0881895347870487,2.01427124708529,2.0389106273651123,4184190
2021-01-18,2.0389105246273664,2.0327506798677963,1.9773120770316663,2.0019514560699463,3263857
2021-01-19,2.0019515690931944,2.032750794629862,1.9834720337711937,2.0142712593078613,1858244
2021-01-20,2.0142713716440386,2.0450705988983833,2.00811152619317,2.0265910625457764,2218160
2021-01-21,2.0265908866337115,2.0450704213822584,1.9957916620528,2.0204310417175293,1639931
2021-01-24,2.0204309903486566,2.0265908351082267,1.9896317665508063,2.0019514560699463,1631257
2021-01-25,2.0019514560699463,2.0019514560699463,2.0019514560699463,2.0019514560699463,0
2021-01-26,1.9834718704223633,2.0019514042224817,1.9711521812222843,1.9834718704223633,1832254
2021-01-27,1.9834719217912362,2.0265908351082267,1.9834719217912362,2.0019514560699463,2327466
2021-01-31,2.0019515815418845,2.0204311169787963,1.9588326655224244,1.9896318912506104,2669749
2021-02-01,1.9896318058438,2.0758696341808807,1.99579165072502,2.0450704097747803,5276817
2021-02-02,2.0450703984436704,2.1005091489297683,2.0450703984436704,2.0697097778320312,2700647
2021-02-03,2.0697098527148907,2.082029689717093,2.008111402015334,2.0389106273651123,3569303
2021-02-04,2.0389107033964806,2.0327508580968234,1.9957917862988783,2.0081114768981934,1318327
2021-02-07,2.008111228387444,2.045070295611576,2.008111228387444,2.0327506065368652,2392861
2021-02-08,2.0327507702550114,2.106669057518946,1.9957917000541887,2.0635499954223633,7304615
2021-02-09,2.0635499561308053,2.038910576466076,2.0019515069689824,2.0204310417175293,1612099
2021-02-10,2.020430917462155,2.051230140148931,2.008111228387444,2.0327506065368652,1822827
2021-02-11,2.0327507822951567,2.063550007644935,2.01427124708529,2.0389106273651123,1391287
2021-02-14,2.0389106397371957,2.0573901750591963,1.9896318788785272,2.0142712593078613,1377475
2021-02-15,2.0142710882032233,2.02659077737138,1.9588324869465192,1.9957915544509888,1349573
2021-02-16,1.995791723985861,2.032750794629862,1.9834720337711937,2.0142712593078613,819243
2021-02-17,2.014271156775368,2.0081113119815894,1.95267270883758,1.9773120880126953,1420395
2021-02-18,1.977312088012695,2.0019514671878103,1.9403530192500222,1.9773120880126953,2286184
2021-02-21,1.9773120258223238,2.0019514042224817,1.9649923366222448,1.9834718704223633,1039441
2021-02-22,1.9834720016041458,1.9773121565967098,1.934193241544658,1.9588326215744019,1468340
2021-02-23,1.958832303557944,1.9711519915727143,1.9033935606292116,1.9218730926513672,1632353
2021-02-24,1.921873393632345,1.9403530754108345,1.8972340137440775,1.9157135486602783,860251
2021-02-25,1.9157134534478266,1.958832512971533,1.9157134534478266,1.9341931343078613,1447321
2021-02-28,1.9341932549598198,1.9218734179972106,1.82947574224482,1.8664348125457764,2565023
2021-03-01,1.866434818657813,1.8787545087984752,1.8356355933061574,1.8541151285171509,1050039
2021-03-02,1.8541151224454575,1.909553727896892,1.8171560521445012,1.8664348125457764,2194331
2021-03-03,1.866434656416977,1.8787543454867435,1.7370777743221495,1.8109960556030273,1625795
2021-03-04,1.8109960556030271,1.8109960556030271,1.8109960556030271,1.8109960556030273,0
2021-03-07,1.786356552246059,1.989631554510609,1.829475460967755,1.9280331134796143,6432406
2021-03-08,1.9280334397942387,2.0389106524157077,1.9218734477863086,1.9896318912506104,5903483
2021-03-09,1.9896319745804338,2.0081115107913057,1.9095538374710233,1.946513056755066,1203878
2021-03-10,1.9465126457889128,1.9649921780982111,1.8849140578956503,1.9280331134796143,1179676
2021-03-11,1.9280332896419436,1.9711522023033685,1.9033937641159908,1.9341931343078613,814430
2021-03-14,1.9341931844512348,1.9218733479377297,1.8479552100304102,1.8849142789840698,1448134
2021-03-15,1.8849143476962544,1.9341932549598198,1.8048363620441825,1.8664348125457764,1501989
2021-03-16,1.8664347673749728,1.8725946122760537,1.7863567836609204,1.8356355428695679,805689
2021-03-17,1.8356354805871562,1.8725945487396347,1.8171559465109168,1.8417953252792358,900110
2021-03-18,1.8417952782774436,1.8417952782774436,1.7986763665332606,1.8109960556030273,650823
2021-03-21,1.8109964072969182,1.8417956359525174,1.6939591915433343,1.7678773403167725,788741
2021-03-22,1.7678771029804408,1.7001188090346284,1.5954012988015407,1.638520359992981,1909991
2021-03-23,1.6385202787747641,1.7185982585595985,1.4906838615404827,1.6138807535171509,2211514
2021-03-24,1.613880895301042,1.7062787192632267,1.5830816696010779,1.632360577583313,1327563
2021-03-25,1.6323603223508467,1.6323603223508467,1.5399625128357912,1.5892412662506104,2375779
2021-03-28,1.5892414365961651,1.6385203421552974,1.595401281433271,1.607720971107483,1423195
2021-03-29,1.607721033775026,1.6262007158689509,1.5892414985433927,1.601561188697815,2451599
2021-03-30,1.6015611262703768,1.6323604973181916,1.595401281433271,1.607720971107483,2055226
2021-03-31,1.6077207987811675,1.6077207987811675,1.5707617337200532,1.5892412662506104,1158289
2021-04-01,1.5892414365961651,1.6262006524810857,1.595401281433271,1.607720971107483,907694
2021-04-04,1.6077210462659086,1.6077210462659086,1.5584422852653572,1.576921820640564,967891
2021-04-05,1.5769216144992275,1.5646019258595674,1.447564736920523,1.4906837940216064,1961311
2021-04-06,1.490683856188657,1.5214830790722493,1.4352451081359119,1.4845240116119385,806017
2021-04-07,1.4845241129244922,1.5830816328781252,1.47836426792739,1.5214831829071045,1784467
2021-04-08,1.5214829973979476,1.558442062874269,1.515323153151894,1.5399625301361084,848507
2021-04-11,1.5399625776321293,1.5892413331204291,1.5461224220681669,1.570761799812317,1177655
2021-04-12,1.5707617911707588,1.7247580480867601,1.5892413243772059,1.6754792928695679,4740043
2021-04-13,1.6754792115280006,2.020430775026106,1.841795149173954,1.9280331134796143,13619644
2021-04-14,1.928033326832056,1.891074111261356,1.7370778447806723,1.7801969051361084,12259068
2021-04-15,1.7801969563707518,1.78635680133277,1.6754794451541521,1.730918049812317,1114148
2021-04-18,1.7309182659300533,1.8048365615657984,1.7247584201989334,1.7678773403167725,2618768
2021-04-19,1.7678770687043524,1.8109961290597882,1.7678770687043524,1.7801969051361084,3116678
2021-04-20,1.7801969876731776,1.9157135792204618,1.7432377703889002,1.8541151285171509,4474785
2021-04-21,1.8541153369479006,1.946513170252079,1.8479554911851093,1.903394103050232,2165271
2021-04-22,1.9033935768360375,1.9033935768360375,1.8602746684171965,1.8725943565368652,874799
2021-04-25,1.8725947272242822,1.903393953620281,1.8233159649906838,1.847955346107483,899804
2021-04-26,1.84795523267173,1.84795523267173,1.8109961632652443,1.8356355428695679,1019330
2021-04-27,1.8356355872949792,1.897234037796573,1.8171560521445012,1.8664348125457764,782701
2021-04-28,1.866434704047555,1.8602748593554752,1.8294756358950763,1.8417953252792358,508025
2021-05-04,1.8417955008282831,1.8664348819450824,1.8233159649906838,1.847955346107483,939811
2021-05-05,1.8479552834468196,1.8787545087984752,1.8417954383764885,1.8541151285171509,743204
2021-05-06,1.85411480857013,1.9403527715357884,1.8602746525775153,1.9218730926513672,1994224
2021-05-09,1.9218730926513672,1.9403527715357884,1.9033935606292116,1.9218730926513672,763524
2021-05-10,1.9218733366199912,1.9341931730609458,1.8972339574626502,1.9095536470413208,1043349
2021-05-11,1.9095537036882113,1.9526727653549685,1.8910741687720105,1.9157135486602783,5071266
2021-05-17,1.9157137945758147,1.9341934787264963,1.891074411524649,1.903394103050232,2033588
2021-05-18,1.9033939920673992,1.9834721291768098,1.9095538374710233,1.946513056755066,4933624
2021-05-19,1.94651293155953,1.9957916916190177,1.9095537146526247,1.9588326215744019,3643612
2021-05-20,1.958832303557944,1.9465126155431736,1.8972337166218265,1.9218730926513672,2852083
2021-05-23,1.921873122514247,1.9526724898920123,1.9157132784111475,1.9280331134796143,1300915
2021-05-24,1.928033099937642,1.958832320236814,1.82331560405819,1.8725943565368652,2056739
2021-05-25,1.8725945062001714,1.8417952834394342,1.7432376237427962,1.7986763715744019,1565141
2021-05-26,1.7986765410338124,1.8602749923586857,1.792516695901325,1.8171560764312744,548299
2021-05-27,1.817155789129405,1.8233156332879887,1.7740368800193196,1.7863565683364868,1349178
2021-05-30,1.7863567893174255,1.8787544631262174,1.7801969443968395,1.8233158588409424,1055834
2021-05-31,1.8233159278639641,1.860274998786595,1.7801970117875616,1.804836392402649,1012571
2021-06-01,1.8048362161265494,1.823315749782992,1.767877001951386,1.7986763715744019,1020037
2021-06-02,1.7986767158346786,1.817156253028038,1.7247584201989334,1.7678773403167725,1794424
2021-06-03,1.7678769927114635,1.7617171481915108,1.724758081071795,1.7432376146316528,1571367
2021-06-06,1.7432379573922931,1.7863570243724387,1.749397803123413,1.7678773403167725,1479044
2021-06-07,1.7678770687043524,1.8048362842750523,1.7678770687043524,1.7801969051361084,1715089
2021-06-08,1.7801969051361084,1.8109961290597882,1.7432376895654083,1.7801969051361084,1369006
2021-06-09,1.7801969876731776,1.8972340440094684,1.7801969876731776,1.8541151285171509,5199981
2021-06-10,1.8541150775728108,1.8664347673749728,1.8109961632652443,1.8356355428695679,1259157
2021-06-13,1.835635321605156,1.854114854080907,1.7555572006812994,1.7863565683364868,1104626
2021-06-14,1.7863567443990385,1.8109961234618197,1.7555573737082784,1.7925165891647339,433729
2021-06-15,1.7925165176535518,1.7925165176535518,1.7124383920318897,1.7432376146316528,880376
2021-06-16,1.7432376895654083,1.8109961290597882,1.7247581552112004,1.7801969051361084,2043452
2021-06-17,1.7801969387598393,1.8787544571771346,1.7801969387598393,1.8356355428695679,4214841
2021-06-20,1.8356355933061574,1.8849143538688062,1.804836367954502,1.8541151285171509,3048209
2021-06-21,1.854115098939609,1.9526727653549685,1.854115098939609,1.9157135486602783,4496082
2021-06-22,1.9157136026406716,2.0820297152974607,1.8849143769124856,1.9896318912506104,8978573
2021-06-23,1.9896317349762729,2.143627998383958,2.020430958285354,2.075869560241699,15484849
2021-06-24,2.075869560241699,2.1313083090603255,2.045070336932618,2.075869560241699,4619152
2021-06-27,2.075869826152728,2.075869826152728,2.001951680742301,2.0265910625457764,4553232
2021-06-28,2.026590962124433,2.0327508072700704,1.9588326655224244,1.9896318912506104,2332976
2021-06-29,1.989631736301122,1.9711522023033685,1.9033937641159908,1.9341931343078613,3339381
2021-06-30,1.934193365947818,1.9834721291768098,1.915713682874647,1.946513056755066,3661108
2021-07-04,1.9465128640438012,2.0019514671878103,1.9465128640438012,1.9773120880126953,2445188
2021-07-05,1.9773121886638603,2.0512303299518626,1.9711523435565266,2.0142712593078613,5394834
2021-07-06,2.0142712266413256,1.9773121565967098,1.934193241544658,1.9588326215744019,2045888
2021-07-07,1.9588324920222053,2.0019514042224817,1.9465128028221261,1.9834718704223633,2397033
2021-07-08,1.9834718704223633,2.014271093422561,1.9403529582220866,1.9834718704223633,3225642
2021-07-11,1.9834720651892592,1.977312219984354,1.9341933035500185,1.9526728391647339,976600
2021-07-12,1.952672776566966,1.9773121565967098,1.940353086552094,1.9588326215744019,1012420
2021-07-13,1.9588324920222053,2.0019514042224817,1.9465128028221261,1.9834718704223633,962661
2021-07-14,1.9834720337711937,2.032750794629862,2.0019515690931944,2.0142712593078613,1316570
2021-07-15,2.0142711912656908,2.1374682361130515,2.0327507259634516,2.1005091667175293,6911120
2021-07-18,2.1005092780890533,2.291464626952887,2.0697099050974783,2.2298660278320312,7941000
2021-07-25,2.2298658590083087,2.353062901060445,2.2298658590083087,2.279144763946533,3898836
2021-07-26,2.279144936501175,2.297624472178743,2.199066801702751,2.2298660278320312,3724283
2021-07-27,2.2298659144192388,2.242185751106649,2.199066689856432,2.217546224594116,6335100
2021-07-28,2.2175463124801476,2.2237061576368364,2.125148635129812,2.1621077060699463,15592056
2021-07-29,2.1621075703267927,2.2606652335083846,2.1497878807868793,2.199066638946533,13436607
2021-08-01,2.1990667682819702,2.27914490186339,2.1990667682819702,2.2421858310699463,4350146
2021-08-02,2.242185783283598,2.4085017451717943,2.2606653182864767,2.34074330329895,11027886
2021-08-03,2.340743189463822,2.402341783340041,2.2853045871512796,2.328423500061035,6397164
2021-08-04,2.328423675723174,2.3777024370520374,2.2853047595604195,2.3345835208892822,5423796
2021-08-05,2.3345832915033564,2.414661417656926,2.3161037578207506,2.390022039413452,5527697
2021-08-08,2.390022039413452,2.390022039413452,2.390022039413452,2.390022039413452,0
2021-08-09,2.390022039413452,2.390022039413452,2.390022039413452,2.390022039413452,0
2021-08-10,2.3037842573148253,2.316103947445202,2.2360259615977527,2.2914645671844482,4509244
2021-08-11,2.2914646300088513,2.3345835466473486,2.272985094306638,2.2853047847747803,2425848
2021-08-15,2.2853045361576734,2.3592226709250097,2.2791446915937286,2.309943914413452,1005425
2021-08-16,2.3099441788708392,2.3037843336016754,2.229866043509415,2.2606654167175293,1076105
2021-08-17,2.2606654008236067,2.2729850912753187,2.2175463373803193,2.2298660278320312,1303988
2021-08-18,2.2298660278320312,2.2729850912753187,2.223706182606175,2.2298660278320312,686928
2021-08-19,2.229865810298431,2.217546121048561,2.162107519424145,2.18058705329895,1375239
2021-08-22,2.1805873832052147,2.1867472287620875,2.1005093909658683,2.1251487731933594,2465679
2021-08-23,2.1251485974124757,2.162107667696657,2.082029682080931,2.1189887523651123,3150654
2021-08-24,2.118988892211892,2.118988892211892,2.0327509089950695,2.0820298194885254,6311771
2021-08-25,2.0820296526865785,2.2853046832420025,2.112828877488569,2.2483456134796143,14095691
2021-08-26,2.2483458237214746,2.3407435067675135,2.229866140249965,2.2976245880126953,6194897
2021-08-29,2.2976243381848733,2.371542476584356,2.2360258895186376,2.322263717651367,7687414
2021-08-30,2.3222639701583057,2.3715427344495263,2.2483458237214746,2.2976245880126953,3754860
2021-08-31,2.2976244246189474,2.3469031854057483,2.236025973635447,2.2668251991271973,1647233
2021-09-01,2.266825136608403,2.3037842061791762,2.2483456018230163,2.2729849815368652,1146285
2021-09-02,2.2729848470297838,2.3407431372331757,2.2853045361576734,2.309943914413452,2767699
2021-09-05,2.309944045144824,2.3222637349699466,2.1929068449438707,2.217546224594116,1576382
2021-09-06,2.2175462997336073,2.2175462997336073,2.1251486229143772,2.1867470741271973,1886988
2021-09-07,2.1867467738428745,2.2113861509445205,2.143627863914994,2.192906618118286,654464
2021-09-08,2.1929068449438707,2.2298659144192388,2.205226534768993,2.217546224594116,1118221
2021-09-09,2.2175462997336073,2.211386454612325,2.180587229005915,2.1867470741271973,814150
2021-09-12,2.1867470741271973,2.1990667643697615,2.174427383884633,2.1867470741271973,523130
2021-09-13,2.1867470741271973,2.2175462997336073,2.180587229005915,2.1867470741271973,2596780
2021-09-14,2.186747078017489,2.316103972656833,2.1990667682819702,2.2421858310699463,5022670
2021-09-15,2.2421857685192164,2.309944063083595,2.2360259235588185,2.2483456134796143,1539781
2021-09-16,2.2483457505620663,2.322263894593659,2.1559479236602783,2.1559479236602783,20257796
2021-09-19,2.1559475524658174,2.2545052077346726,2.1621073967412285,2.192906618118286,6096137
2021-09-20,2.1929067640374105,2.229865832149188,2.100509093757967,2.1313083171844482,1459403
2021-09-21,2.1313083171844482,2.1313083171844482,2.1313083171844482,2.1313083171844482,0
2021-09-22,1.971152453487956,2.038910753447514,1.983472144389694,2.0265910625457764,1433331
2021-09-23,2.0265908593072797,2.186746971830771,2.020431014474156,2.1497879028320312,7394113
2021-09-26,2.149787726331175,2.205226325277691,2.131308193349003,2.143627882003784,1796196
2021-09-27,2.143628132554566,2.1682675127440203,2.094349372175658,2.1189887523651123,2263121
2021-09-28,2.1189887523651123,2.1189887523651123,2.1189887523651123,2.1189887523651123,0
2021-09-29,2.1189887523651123,2.1189887523651123,2.1189887523651123,2.1189887523651123,0
2021-09-30,2.2545054732855174,2.353062993300869,2.205226566415552,2.34074330329895,8229296
2021-10-03,2.34074330329895,2.3838622183056666,2.297624388292234,2.34074330329895,3404300
2021-10-04,2.34074330329895,2.34074330329895,2.2791448532893552,2.34074330329895,2471143
2021-10-05,2.3407430753509724,2.4516204214329926,2.3407430753509724,2.39618182182312,6233935
2021-10-06,2.39618182182312,2.4639401102351868,2.3777021417575543,2.39618182182312,3873321
2021-10-10,2.396181854256014,2.5070592018387856,2.4023416987404858,2.463940143585205,5699280
2021-10-11,2.463940246430856,2.5255386938467144,2.463940246430856,2.500899314880371,2752971
2021-10-12,2.500899112107104,2.50705910321152,2.3961817599906436,2.402341604232788,2851241
2021-10-13,2.402341788638056,2.5440183639448395,2.4085016333530342,2.525538682937622,4795037
2021-10-14,2.5255387121174366,2.5748174704066247,2.507059324621275,2.531698703765869,3577085
2021-10-17,2.5316986745148826,2.574817440657448,2.5008993040777088,2.525538682937622,2659653
2021-10-18,2.525538682937622,2.525538682937622,2.525538682937622,2.525538682937622,0
2021-10-19,2.557507853684232,2.685383124416966,2.5447203266109586,2.5894768238067627,5597947
2021-10-20,2.589476402467131,2.6214450625092733,2.4935698125834143,2.602263927459717,3149809
2021-10-24,2.602264043083781,2.653414145326831,2.589476517523018,2.6214451789855957,1895330
2021-10-25,2.621445481024084,2.66620197808285,2.499963974199947,2.551114082336426,6062297
2021-10-26,2.5511139981316546,2.7493209654969744,2.5575077614376753,2.672595500946045,6505436
2021-10-27,2.6725954628632906,2.730139484236852,2.6086578307141552,2.615051746368408,2134536
2021-10-28,2.615051603923883,2.730139335523381,2.6214452143511906,2.685382843017578,3860942
2021-10-31,2.6853829121368724,2.6853829121368724,2.589476619108082,2.653414249420166,1669301
2021-11-01,2.6534142823466564,2.755714492115444,2.678989334788853,2.7173519134521484,3060098
2021-11-02,2.7173515345100263,2.8644082179845376,2.7493204980439496,2.794076681137085,9506566
2021-11-03,2.794077235852234,2.8132586787564544,2.717352073992737,2.7557146549224854,2629718
2021-11-04,2.755714355823136,2.768501881411788,2.634232710291611,2.7493207454681396,3478124
2021-11-07,2.7493207454681396,2.7493207454681396,2.7493207454681396,2.7493207454681396,0
2021-11-08,2.7493207454681396,2.7493207454681396,2.7493207454681396,2.7493207454681396,0
2021-11-09,2.7493207454681396,2.7493207454681396,2.7493207454681396,2.7493207454681396,0
2021-11-10,2.5127515035458226,2.5255390305917067,2.333725972464095,2.4296324253082275,2477097
2021-11-11,2.429632231735962,2.551113881432594,2.429632231735962,2.5319325923919678,1234695
2021-11-14,2.531932808927395,2.5575078631687873,2.455207493763871,2.4616012573242188,1502421
2021-11-15,2.4616011884890034,2.4935701578361242,2.404057318055004,2.4168448448181152,807341
2021-11-16,2.4168449088096624,2.4168449088096624,2.3273322190978307,2.346513509750366,642733
2021-11-17,2.346513395180021,2.4104510275666673,2.352907158418686,2.404057264328003,456668
2021-11-18,2.404057231818041,2.4424198107312534,2.3337258371438185,2.3401196002960205,625878
2021-11-21,2.3401192908091937,2.3784818646488564,2.244212703770719,2.288969039916992,631864
2021-11-22,2.288969432988881,2.352907219473981,2.250606852561427,2.333725929260254,322731
2021-11-23,2.3337258159896805,2.429632262403364,2.3465133421781714,2.3912696838378906,479873
2021-11-24,2.3912695740605603,2.410450862462731,2.352906997256219,2.365694522857666,247337
2021-11-25,2.365694522857666,2.410450862462731,2.352906997256219,2.365694522857666,529738
2021-11-28,2.365694522857666,2.365694522857666,2.365694522857666,2.365694522857666,0
2021-11-29,2.244213223763028,2.301757097855645,2.1483066145026455,2.18666934967041,2517711
2021-11-30,2.18666934967041,2.18666934967041,2.18666934967041,2.18666934967041,0
2021-12-01,2.18666934967041,2.18666934967041,2.18666934967041,2.18666934967041,0
2021-12-02,2.2314257093379024,2.2697882922924055,2.2058506540349,2.2186381816864014,1695454
2021-12-05,2.218637997169928,2.2314255237579346,2.193062943993915,2.2314255237579346,835962
2021-12-06,2.2314254147038204,2.2570004666299313,2.1930628368146547,2.20585036277771,1717821
2021-12-07,2.2058504857326597,2.333725904930371,2.2378193024222517,2.263394355773926,4909635
2021-12-08,2.263394370886865,2.3081507145511373,2.2378193173644236,2.295363187789917,3156705
2021-12-09,2.295362979610377,2.3912695740605603,2.3081505052118243,2.365694522857666,2152318
2021-12-12,2.3656946314609084,2.4360260254976094,2.3593008683666628,2.3912696838378906,2892684
2021-12-13,2.391269751042375,2.3976635143163114,2.314544439315796,2.314544439315796,2100434
2021-12-14,2.314544385073878,2.365694642505992,2.2953630957015863,2.3017568588256836,830088
2021-12-15,2.301756896990133,2.3337258655800195,2.2761818440696953,2.2825756072998047,556257
2021-12-16,2.282575616790635,2.3465134017969187,2.3081506698174126,2.3209383487701416,607560
2021-12-19,2.320938355029073,2.378482224494502,2.3081506760418593,2.314544439315796,862593
2021-12-20,2.3145442759161767,2.2953629874485064,2.1738814938199273,2.1930627822875977,4354065
2021-12-21,2.193063113458479,2.244213223763028,2.1802755858823417,2.18666934967041,2852229
2021-12-22,2.1866692713674905,2.231425616281281,2.1802755078083775,2.225031852722168,1471961
2021-12-23,2.225031775746415,2.2761818824497624,2.225031775746415,2.263394355773926,1994932
2021-12-26,2.2633940259848013,2.327331802487238,2.244212738765867,2.2697877883911133,2166863
2021-12-27,2.2697877883911133,2.3401193272998615,2.25700026357849,2.2697877883911133,2054186
2021-12-28,2.2697880003365105,2.3529070718192693,2.2761817633398507,2.327332019805908,2867644
2021-12-29,2.327332019805908,2.35930083482261,2.3209382568025676,2.327332019805908,1622825
2021-12-30,2.3273320739916166,2.365694652904829,2.314544395247874,2.3401196002960205,1500836
2022-01-02,2.3401194716547717,2.4040570996620074,2.320938183252601,2.365694522857666,2730503
2022-01-03,2.3656945406298746,2.4104508805711706,2.3656945406298746,2.3976633548736572,2376099
2022-01-04,2.397663605487643,2.5830828999217252,2.397663605487643,2.551114082336426,12381940
2022-01-05,2.5511139581935356,2.5766891634565754,2.48078256292836,2.49357008934021,6862032
2022-01-09,2.49357008934021,2.49357008934021,2.49357008934021,2.49357008934021,0
2022-01-10,2.455207267145271,2.5447201011673486,2.467994793085663,2.4999637603759766,5118297
2022-01-11,2.4999640450466956,2.5127515724432024,2.4488137830213175,2.474388837814331,1458973
2022-01-12,2.474388656642426,2.6214453633742814,2.4871763355419843,2.6086578369140625,16133253
2022-01-13,2.6086579143821975,2.6662019376013806,2.5511140436023587,2.5702953338623047,7262461
2022-01-16,2.5702952575334064,2.6150517525835117,2.5383264413828592,2.6086578369140625,5408778
2022-01-17,2.608657653424833,2.6917767220091187,2.608657653424833,2.6214451789855957,8986496
2022-01-18,2.6214452336482985,2.685382862785347,2.608657707820889,2.634232759475708,4322609
2022-01-19,2.634232661400885,2.634232661400885,2.5511137466173137,2.563901424407959,4024412
2022-01-20,2.563901486284781,2.583082622335347,2.4807824170558987,2.4871761798858643,10273741
2022-01-23,2.487176338869983,2.4807825756313187,2.3912697378506738,2.404057264328003,5521275
2022-01-24,2.4040575431614295,2.429632599082398,2.34651366733925,2.384876251220703,7148551
2022-01-25,2.3848760364968586,2.3912697999014343,2.3081507232026075,2.333725929260254,2653021
2022-01-26,2.333725929260254,2.352907219473981,2.320938402451103,2.333725929260254,1068097
2022-01-30,2.333726127362747,2.4232388226252497,2.340119891310069,2.352907419204712,8016406
2022-01-31,2.3529072110025604,2.4232386081996706,2.333725920857894,2.4168448448181152,1866805
2022-02-01,2.4168445340940843,2.455207109451294,2.4168445340940843,2.455207109451294,2276112
2022-02-02,2.455207493763871,2.519145281806699,2.4616012573242188,2.4616012573242188,3893744
2022-02-03,2.461601242922938,2.4807826859311115,2.410451134739401,2.4296324253082275,1847484
2022-02-06,2.4296323048416197,2.50635761575206,2.44241983125347,2.49357008934021,1708841
2022-02-07,2.493569837247828,2.5191448874859677,2.442419584332224,2.455207109451294,1996325
2022-02-08,2.455207425107448,2.4616011884890034,2.41045108143656,2.4168448448181152,1409238
2022-02-09,2.4168447527159826,2.4616010946812774,2.4168447527159826,2.423238515853882,1218234
2022-02-10,2.4232386723605073,2.448813726563888,2.3273322190978307,2.346513509750366,2997823
2022-02-13,2.346513308815929,2.397663412842652,2.3081505783565524,2.327332019805908,2682962
2022-02-14,2.3273322190978307,2.3656948004029017,2.2825757218025675,2.346513509750366,1715003
2022-02-15,2.3465132520836054,2.4232384062686836,2.3656945406298746,2.3976633548736572,1641025
2022-02-16,2.397663392192599,2.442419732830514,2.3656945774512312,2.3784821033477783,1760621
2022-02-17,2.378482066327388,2.4232384062686836,2.3401194892348487,2.3976633548736572,1126627
2022-02-20,2.397663412842652,2.4232384648560137,2.3209382568025676,2.327332019805908,1359040
2022-02-21,2.3273320739916166,2.365694652904829,2.314544395247874,2.3401196002960205,946576
2022-02-22,2.3401192908091937,2.3337255285025833,2.2506064660773295,2.288969039916992,4759709
2022-02-23,2.2889694244093066,2.3145444779317477,2.2697881342674755,2.295363187789917,1780283
2022-02-24,2.2953630620673784,2.269788009945744,2.1738815644896152,2.237819194793701,4476807
2022-02-27,2.2378189414641088,2.3209380038893626,2.2633939906905507,2.288969039916992,1179825
2022-02-28,2.2889690756100483,2.2825753132037363,2.25700026357849,2.2697877883911133,1027088
2022-03-01,2.269788043205198,2.3529071162577977,2.269788043205198,2.3017568588256836,1739233
2022-03-02,2.3017567424111007,2.397663336861284,2.3081505052118243,2.365694522857666,2564667
2022-03-03,2.365694498787683,2.5191449568830824,2.3912695497303615,2.506357431411743,8747610
2022-03-06,2.5063575777570897,2.5447201564110853,2.4679948466637573,2.512751340866089,1695713
2022-03-07,2.512751124926433,2.5894764280801765,2.442419584332224,2.455207109451294,5046029
2022-03-08,2.455207109451294,2.455207109451294,2.455207109451294,2.455207109451294,0
2022-03-09,2.391269909737037,2.4935702813484424,2.404057437133544,2.474388837814331,3457381
2022-03-10,2.4743884338519586,2.4743884338519586,2.416844569962143,2.436025857925415,3753573
2022-03-13,2.43602604212968,2.4935700628101114,2.4104509895780835,2.423238515853882,1409817
2022-03-14,2.4232384062686836,2.4232384062686836,2.3976633548736572,2.3976633548736572,1392203
2022-03-15,2.3976635078504733,2.3976635078504733,2.2761818535339406,2.3209383487701416,2410927
2022-03-16,2.3209384454182107,2.461601242922938,2.3273322089411526,2.4296324253082275,3815623
2022-03-17,2.429632262403364,2.4871762826909105,2.3784821576493993,2.3912696838378906,4078642
2022-03-20,2.3912697378506738,2.4296323172826613,2.384875974612009,2.404057264328003,1075404
2022-03-21,2.404057467929007,2.800471279616747,2.4296325230496314,2.7365336418151855,16683396
2022-03-22,2.7365336287487416,2.8388338487427753,2.653414547564237,2.6598081588745117,11721405
2022-03-23,2.659808074120034,2.7173520984723964,2.608657965752909,2.7045645713806152,6977059
2022-03-24,2.7045642048065375,2.8132583227937262,2.710957815046497,2.7301392555236816,11503071
2022-03-27,2.7301396537413227,2.787683678687584,2.67898954484629,2.7685022354125977,7842217
2022-03-28,2.7685020701061367,2.8516211445368986,2.602264226123293,2.6086578369140625,15096704
2022-03-29,2.6086578678858396,2.6917769433034477,2.5319327082135934,2.672595500946045,5539209
2022-03-30,2.672595281228646,2.7109578579109335,2.602264043083781,2.6214451789855957,2654720
2022-03-31,2.6214451606537965,2.647020211596475,2.4807823804690643,2.506357431411743,5009798
2022-04-03,2.506357431411743,2.55111377056143,2.487176143204734,2.506357431411743,2078540
2022-04-04,2.5063573623668978,2.531932412605038,2.442419584332224,2.455207109451294,2799850
2022-04-05,2.4552074793999963,2.493570212976996,2.416844898262343,2.4296324253082275,4549514
2022-04-06,2.429632095270991,2.4743884338519586,2.423238332616567,2.436025857925415,2406136
2022-04-07,2.43602604212968,2.4616010946812774,2.3848759370264863,2.423238515853882,5337162
2022-04-10,2.423238388064178,2.4296321508649017,2.3465132344554953,2.365694522857666,2017617
2022-04-11,2.3656945481218266,2.3976633624668517,2.2889692412544353,2.30815052986145,2523261
2022-04-12,2.30815052986145,2.3465132595148117,2.2889692412544353,2.30815052986145,3255970
2022-04-13,2.30815052986145,2.3593007852528216,2.2825754783854304,2.30815052986145,2740675
2022-04-14,2.3081506217564978,2.2889693323858125,2.097156286239624,2.097156286239624,11271513
2022-04-17,2.0971561944317307,2.1994565523696195,2.052399854526112,2.1035499572753906,9076580
2022-04-18,2.1035497805859715,2.288969039916992,2.1355185921190234,2.288969039916992,6321821
2022-04-19,2.288969039916992,2.3593005777290252,2.2761815153037714,2.288969039916992,4866544
2022-04-20,2.2889693934039643,2.301756919991971,2.218637997169928,2.2314255237579346,2049997
2022-04-21,2.2314256303405697,2.2953632663345434,2.237819393939967,2.257000684738159,2223619
2022-04-26,2.2570004548912466,2.3784821033477783,2.2570004548912466,2.3784821033477783,4645737
2022-04-27,2.378482195508028,2.397663485096076,2.3273320899399,2.3720884323120117,3152199
2022-04-28,2.372088296507155,2.506357468375761,2.3529070080172585,2.4871761798858643,6382826
2022-05-08,2.4871762344355846,2.5255388122567606,2.436025978234683,2.4999637603759766,3757497
2022-05-09,2.4999637871675455,2.519145076283695,2.4168447152248946,2.4424197673797607,2885668
2022-05-10,2.442419898344337,2.448813661725892,2.3976635546734486,2.4168448448181152,1241708
2022-05-11,2.41684460067304,2.5191449568830824,2.4104508379373706,2.506357431411743,3431583
2022-05-12,2.506357754686003,2.4999639911256546,2.404057385281086,2.4616012573242188,3413102
2022-05-15,2.461600872010829,2.5575074628431778,2.4488133468917592,2.455207109451294,8014940
2022-05-16,2.455207440255109,2.4679949670971135,2.4232386231500964,2.4488136768341064,3476435
2022-05-17,2.4488137302035224,2.4871764640049587,2.4488137302035224,2.4616012573242188,1530150
2022-05-18,2.461600976126672,2.4999637055457953,2.4552072132967067,2.4871761798858643,1780071
2022-05-19,2.4871761116001325,2.4679946711975345,2.416844569962143,2.436025857925415,2765479
2022-05-22,2.4360263630626404,2.461601418983609,2.378482487240461,2.384876251220703,2741202
2022-05-23,2.384875958704044,2.4104510114881075,2.3273320899399,2.3720884323120117,4039580
2022-05-24,2.3720884612205655,2.378482224494502,2.282575622946113,2.314544439315796,3034693
2022-05-25,2.3145445571327357,2.340119763969674,2.2442131575393645,2.257000684738159,2699257
2022-05-26,2.257000631143188,2.2825756849334695,2.1866692332199134,2.244213104248047,3184921
2022-05-29,2.2442130657601704,2.2761818824497624,2.225031775746415,2.263394355773926,1501853
2022-05-30,2.2633943270205523,2.327332112026836,2.244213037250469,2.3209383487701416,1826496
2022-05-31,2.320938455546986,2.352907273301211,2.314544539556793,2.346513509750366,963109
2022-06-01,2.346513447274143,2.346513447274143,2.2697881342674755,2.295363187789917,1027134
2022-06-02,2.2953631337600235,2.2953631337600235,2.237819264689039,2.2825756072998047,871316
2022-06-05,2.2825756072998047,2.2825756072998047,2.2825756072998047,2.2825756072998047,0
2022-06-06,2.282575277610382,2.314544089143434,2.282575277610382,2.288969039916992,617699
2022-06-07,2.288969432988881,2.346513456069405,2.2825756695843054,2.333725929260254,728880
2022-06-08,2.3337258319232923,2.429632278991781,2.3337258319232923,2.423238515853882,2270096
2022-06-09,2.4232384062686836,2.4360259319661965,2.378482066327388,2.3976633548736572,868917
2022-06-12,2.397663336861284,2.397663336861284,2.352906997256219,2.365694522857666,1357176
2022-06-13,2.365694691567002,2.37848221808039,2.3209383487701416,2.3209383487701416,976554
2022-06-14,2.3209382568025676,2.346513308815929,2.314544341359893,2.327332019805908,886546
2022-06-15,2.327332063761409,2.3593008793818946,2.282575569453392,2.3017568588256836,2452415
2022-06-16,2.3017565645302134,2.327331766195973,2.282575277610382,2.288969039916992,1287188
2022-06-19,2.2889693543940366,2.3081506439491477,2.2442130120987764,2.2506067752838135,1367521
2022-06-20,2.250606720854518,2.269788009945744,2.2250316687328837,2.237819194793701,814075
2022-06-21,2.237818976359555,2.3017566004226713,2.2506065011721783,2.2697877883911133,1369128
2022-06-22,2.2697881976359584,2.2761819611950713,2.212244325603942,2.225031852722168,2505761
2022-06-23,2.2250316687328837,2.250606720854518,2.193062853580841,2.237819194793701,923296
2022-06-26,2.237819194793701,2.269788009945744,2.2250316687328837,2.237819194793701,665483
2022-06-27,2.2378194731636527,2.2442132369894034,2.2058506540349,2.2186381816864014,855620
2022-06-28,2.2186379814883783,2.2250317447371897,2.1355189068144873,2.1994566917419434,1836983
2022-06-29,2.1994567743950544,2.2825756997531204,2.205850537884136,2.276181936264038,1184053
2022-07-03,2.276181936264038,2.3145445171985304,2.2378193553295462,2.276181936264038,1848348
2022-07-04,2.2761819611950713,2.2825757247541842,2.1994567984857163,2.225031852722168,1244857
2022-07-05,2.225031813905336,2.269788158038329,2.212244287010195,2.244213104248047,837967
2022-07-06,2.2442130279191486,2.2953631337600235,2.2314255014589297,2.2825756072998047,2141920
2022-07-07,2.2825756072998047,2.2953631337600235,2.2633943176094764,2.2825756072998047,895220
2022-07-17,2.282575645787681,2.2953631724635177,2.2506068290980887,2.263394355773926,390431
2022-07-18,2.2633943176094764,2.301756896990133,2.2633943176094764,2.2825756072998047,650203
2022-07-19,2.2825755263431913,2.340119545812589,2.295363052349872,2.327332019805908,689550
2022-07-20,2.327332375398523,2.391270015200945,2.3401199033590077,2.384876251220703,1901724
2022-07-21,2.384875874473115,2.5191450492865646,2.372088348532723,2.4999637603759766,4701178
2022-07-24,2.4999640450466956,2.5127515724432024,2.4616013104178243,2.474388837814331,894850
2022-07-25,2.4743884338519586,2.4935698742545567,2.429632095270991,2.436025857925415,900814
2022-07-26,2.4360258764264904,2.493569893192666,2.4296321137235073,2.4679946899414062,1290162
2022-07-27,2.4679949670971135,2.4871764097994653,2.442419913413104,2.4488136768341064,442591
2022-07-28,2.4488136768341064,2.474388730518116,2.4360261499921014,2.4488136768341064,520112
2022-07-31,2.448813594459395,2.5319326685757604,2.4616011208712454,2.49357008934021,3276656
2022-08-01,2.4935699427158298,2.5383262825255883,2.4679947389566377,2.4871761798858643,2890449
2022-08-02,2.4871761798858643,2.506357468375761,2.474388501786603,2.4871761798858643,992993
2022-08-03,2.4871765176501888,2.4999640450466956,2.474388837814331,2.474388837814331,672800
2022-08-04,2.474388662945686,2.538326447848995,2.4807825786314233,2.525538921356201,2898112
2022-08-07,2.5255389899224303,2.60226430340156,2.5447202801823767,2.5702953338623047,5433620
2022-08-08,2.570295318758364,2.5830828455231845,2.5255389750814934,2.5383265018463135,2646274
2022-08-09,2.538326393302086,2.5830827350650805,2.4935700515390913,2.512751340866089,3084146
2022-08-10,2.5127512863163686,2.5319325752269566,2.4935699974057806,2.4999637603759766,1183244
2022-08-11,2.499963868370614,2.538326447848995,2.493570105124217,2.525538921356201,1342751
2022-08-14,2.5255388363566635,2.653414249420166,2.531932599387872,2.653414249420166,5132268
2022-08-15,2.6534142209621554,2.6534142209621554,2.576689065410536,2.583082675933838,2855051
2022-08-16,2.5830828455231845,2.589476761344938,2.531932738463903,2.5383265018463135,913978
2022-08-17,2.538326463514622,2.576689195669104,2.5191451736570514,2.5575077533721924,1895891
2022-08-18,2.5575077533721924,2.5575077533721924,2.5575077533721924,2.5575077533721924,0
2022-08-21,2.5511141240599495,2.6662020216886386,2.5702954149248396,2.6470205783843994,4069351
2022-08-22,2.6470204100036367,2.6725954628632906,2.6086578307141552,2.615051746368408,1741179
2022-08-23,2.615051746368408,2.615051746368408,2.615051746368408,2.615051746368408,0
2022-08-24,2.576689288844012,2.6022643429122514,2.538326555302306,2.551114082336426,1650623
2022-08-25,2.5511140901475953,2.6086579619773254,2.557507853684232,2.5894768238067627,1495695
2022-08-28,2.5894767765615954,2.595870387542233,2.5575078070223407,2.5702953338623047,670457
2022-08-29,2.5702953274732177,2.595870381089573,2.55750780066504,2.5766892433166504,2129659
2022-08-30,2.5766889919622558,2.6406266197660684,2.563901466401493,2.6214451789855957,2084480
2022-08-31,2.6214450625092733,2.6470201124944452,2.589476402467131,2.602263927459717,1319756
2022-09-01,2.6022642969330056,2.6150518237411835,2.5702953274732177,2.5766892433166504,1402432
2022-09-04,2.576689065410536,2.602264117261076,2.551113861120663,2.583082675933838,1340231
2022-09-05,2.5830826023033078,2.6214451789855957,2.589476517523018,2.6214451789855957,1237889
2022-09-06,2.6214456216394013,2.7045647042590644,2.647020677079496,2.6789896488189697,4319207
2022-09-07,2.678989334788853,2.749320881444232,2.659807893017869,2.7173519134521484,3946931
2022-09-08,2.71735199652753,2.7365334388849334,2.666201890079366,2.672595500946045,2222258
2022-09-11,2.672595419238967,2.7621084076653304,2.698170471681164,2.7173519134521484,2096109
2022-09-12,2.7173520984723964,2.7429271526559584,2.6981706553953773,2.7045645713806152,1659992
2022-09-13,2.704564278177403,2.7173518038828814,2.6853828371798536,2.691776752471924,1138838
2022-09-14,2.6917770761751583,2.6789895489318982,2.6406269672021185,2.6470205783843994,2055733
2022-09-15,2.647020677079496,2.6789896488189693,2.6086580939193538,2.6789896488189697,1713902
2022-09-18,2.678989457782072,2.678989457782072,2.5319327470486845,2.5766892433166504,3376198
2022-09-19,2.5766888829153127,2.602263932954487,2.512751105378054,2.595870018005371,1553796
2022-09-20,2.5958700125241014,2.615051452452303,2.563901352481959,2.602263927459717,735860
2022-09-21,2.602264350880036,2.6086579619773254,2.5830829078307787,2.5894768238067627,485953
2022-09-22,2.5894765715191066,2.6406266748287455,2.55750760451125,2.634232759475708,1356649
2022-09-25,2.634232704546358,2.672595281228646,2.6150515686445432,2.6214451789855957,2690008
2022-09-26,2.6214452336482985,2.6789892523109744,2.634232759475708,2.634232759475708,1956555
2022-09-27,2.634232759475708,2.672595336957937,2.634232759475708,2.634232759475708,988019
2022-09-28,2.634232704546358,2.6406266197660684,2.589476517523018,2.6214451789855957,2186492
2022-09-29,2.621445281824789,2.653414249420166,2.5958702296999556,2.653414249420166,1697874
2022-10-02,2.653414033032836,2.64702011808372,2.5894764079349,2.595870018005371,1520408
2022-10-03,2.595870018005371,2.64702011808372,2.5894764079349,2.595870018005371,2071293
2022-10-04,2.5958704105723425,2.6598080453394064,2.621445464479168,2.640626907348633,2194089
2022-10-05,2.6406266496500086,2.691776752471924,2.653414175355487,2.691776752471924,2096460
2022-10-09,2.6917766794479654,2.7812893569579695,2.6725952389707808,2.7301392555236816,2534537
2022-10-10,2.730139445811916,2.768502024561469,2.7045643933122143,2.7109580039978027,1438745
2022-10-11,2.7109579495004787,2.7301393909289957,2.678989286957842,2.6981704235076904,1442762
2022-10-12,2.6981707413722744,2.717352185060508,2.6470206313752573,2.6598081588745117,1061404
2022-10-13,2.6598078455293255,2.7045643389434186,2.6598078455293255,2.6981704235076904,1112826
2022-10-16,2.6981707542555426,2.7493211693754978,2.704564670475052,2.7365336418151855,2687720
2022-10-17,2.736533170642294,2.755714306240826,2.710957815046497,2.7301392555236816,4579381
2022-10-18,3.1337892246026535,2.840225759894979,2.7741740590755906,2.7888522148132324,7793433
2022-10-19,2.788851900056044,2.8182082082180977,2.7521565148534775,2.7961909770965576,2459074
2022-10-20,2.796191382739148,2.825547695159912,2.781513226528766,2.825547695159912,1543057
2022-10-23,2.8255472852586108,2.8255472852586108,2.788851900056044,2.7961909770965576,733468
2022-10-24,2.796191370256183,2.8108695264010377,2.7741741360389005,2.781513214111328,904066
2022-10-25,2.781513214111328,2.7888522921837553,2.7374787456767637,2.781513214111328,1486073
2022-10-26,2.781513214111328,2.781513214111328,2.781513214111328,2.781513214111328,0
2022-10-27,2.7815132352579774,3.0383811447232154,2.8255477040273167,2.972329616546631,11868091
2022-10-30,2.9723295328261514,3.0383810591422877,2.876921344869151,2.906277656555176,8384702
2022-10-31,2.9062776698729382,2.987007702356865,2.8695822800972537,2.9503121376037598,3321699
2022-11-01,2.9503122071845365,3.0090248322103226,2.9576514602901844,2.972329616546631,3585187
2022-11-02,2.9723295328261514,2.9943465916132506,2.906277656555176,2.906277656555176,3335111
2022-11-03,2.906277586799945,2.935633897781372,2.8769212758185176,2.935633897781372,1545657
2022-11-06,2.935633875413429,2.9429731280802804,2.862243098519059,2.869582176208496,1326658
2022-11-07,2.869581952337111,2.964989954856505,2.869581952337111,2.9429728984832764,1987495
2022-11-08,2.9429730655368,2.98700753073761,2.913616580425516,2.9209556579589844,2412344
2022-11-09,2.920955727566231,2.920955727566231,2.869582183607706,2.891599416732788,2000987
2022-11-10,2.8915991836877404,2.9796681090902584,2.8915991836877404,2.9429728984832764,2170386
2022-11-13,2.9429729165601253,3.0090244360403258,2.9649899730685907,2.9870073795318604,1719465
2022-11-14,2.9870073795318604,3.0016855338557717,2.9576510708840367,2.9870073795318604,1387385
2022-11-15,2.9870073611845354,3.009024417557764,2.9429728984832764,2.9429728984832764,1842066
2022-11-16,2.9429731797801515,3.141128455853403,2.9503120826210982,3.126450300216675,9383546
2022-11-17,3.1264504693157393,3.1631456854148627,3.038381180777166,3.104433059692383,3105503
2022-11-20,3.1044328059174386,3.1117717085553958,3.0530590876324375,3.0603983402252197,1602176
2022-11-21,3.0603982716477534,3.1117716388267542,3.0457201167459225,3.089754581451416,2619375
2022-11-22,3.089754903261763,3.119111216123003,3.082415650069026,3.104433059692383,2061987
2022-11-23,3.1044328348144186,3.155806553577621,3.0457202133449455,3.0970935821533203,4868721
2022-11-24,3.0970933362614708,3.214518919832312,3.0970933362614708,3.155806303024292,5468071
2022-11-27,3.1558067790569826,3.4787262202113673,3.170484935473091,3.4493699073791504,16630873
2022-11-28,3.4493695841789735,3.5741340770030967,3.405335119056604,3.4346914291381836,8233634
2022-11-29,3.4346917390610567,3.5227610272073804,3.3833183667601245,3.4053354263305664,5122571
2022-11-30,3.4053354263305664,3.456709148586351,3.3833183667601245,3.4053354263305664,2639835
2022-12-01,3.405335246868014,3.7649505837969266,3.4493697136431156,3.7355942726135254,16861782
2022-12-04,3.735594363743243,4.183278295188761,3.867697767291206,4.146583080291748,11489809
2022-12-05,4.146582995704282,4.293364552207775,3.977784030747848,4.080531120300293,10425487
2022-12-06,4.080531066387177,4.227312970906182,4.014479191855884,4.205295562744141,9578647
2022-12-07,4.205295337517628,4.315381672522188,4.095209002513068,4.197956085205078,11140112
2022-12-08,4.197956614228077,4.5355545641433075,4.168600301188044,4.520876407623291,10987445
2022-12-11,4.520876407623291,4.953882549896056,4.491520094583259,4.520876407623291,14374276
2022-12-12,4.520876419001004,4.586928298484739,4.3080429739477015,4.564910888671875,9312783
2022-12-13,4.564910744481025,4.79242268885977,4.682336343182439,4.726370811462402,6982045
2022-12-14,4.726370613549953,4.829117701900762,4.586927961525014,4.608945369720459,6282079
2022-12-15,4.608945584392602,4.733709736795199,4.425468457385737,4.469502925872803,6919293
2022-12-18,4.469503034780662,4.56491087718334,4.300704059823047,4.520876407623291,5359933
2022-12-19,4.5208761554970645,4.601606186832322,4.3667553456546795,4.528215408325195,5552005
2022-12-20,4.528215550522225,4.770405302178512,4.440146613548092,4.469502925872803,11738460
2022-12-21,4.469503168456305,4.506198385876413,4.35941681628625,4.4181294441223145,4374133
2022-12-22,4.4181291082048135,4.484180984475789,4.352077231933838,4.359416484832764,3718857
2022-12-25,4.359416726356485,4.403451196325153,4.183278496526952,4.308043003082275,3899151
2022-12-26,4.3080429407752625,4.45482485516945,4.293364784331329,4.432807445526123,2444904
2022-12-27,4.432807152021993,4.616284270400237,4.447485307494059,4.506197929382324,4356308
2022-12-28,4.50619789139168,4.704353163571392,4.520876046739999,4.674996852874756,5558393
2022-12-29,4.67499706441908,4.755727097465291,4.6236236933527275,4.638301849365234,3452009
2023-01-02,4.638301874902476,4.79242268885977,4.623623718809155,4.726370811462402,5062466
2023-01-03,4.726371056566857,4.90250893882103,4.733709960016683,4.821779251098633,4732888
2023-01-04,4.82177900534049,5.1226813804989675,4.447485499695202,5.07130765914917,10657254
2023-01-05,5.071307168907449,5.423583231361305,5.166715349353346,5.284140586853027,10831982
2023-01-09,5.284140729532572,5.5410089684311625,5.298818884616364,5.3281755447387695,9173512
2023-01-10,5.328175740094463,5.37954910979391,5.115341958643772,5.144698619842529,4447909
2023-01-11,5.144698490274459,5.651095021456058,5.071307364058157,5.5043134689331055,8307556
2023-01-12,5.504313369102607,5.819893876280755,5.357531819241799,5.753842353820801,8541977
2023-01-15,5.753842833747347,5.856589927220021,5.577704609267914,5.651095390319824,6608230
2023-01-16,5.651094880797771,5.988692793152424,5.687790442992553,5.819893836975098,10177920
2023-01-17,5.819893975467652,5.915302509435429,5.746503199286468,5.761181354522705,4104805
2023-01-18,5.761182000880374,5.841912038714341,5.32083694443532,5.401566982269287,8552201
2023-01-19,5.401566629696582,5.548348188945874,5.3134973441921645,5.496974468231201,6564294
2023-01-22,5.496974299535373,5.65109510699476,5.438261677637478,5.467617988586426,2912483
2023-01-23,5.467617890512703,5.577704229574031,5.430922677462145,5.4602789878845215,4986649
2023-01-24,5.460279322728844,5.680451664398448,5.489635634951458,5.518991947174072,12148316
2023-01-25,5.518991876020536,5.643756376335542,5.548348187864674,5.599721908569336,6336110
2023-01-29,5.599721394280875,5.680451069460475,5.563025832868468,5.665772914886475,4149319
2023-01-30,5.665772984301046,5.717146700916861,5.342853579716759,5.430922508239746,7892666
2023-01-31,5.430922622250754,5.570365270316868,5.3428536918789415,5.482295989990234,3489600
2023-02-01,5.482296228647163,5.59972182420954,5.328175768764685,5.533669948577881,4204328
2023-02-02,5.533669591516564,5.577704055778058,5.379548791623931,5.430922508239746,3529689
2023-02-05,5.430922830854949,5.541009173025592,5.225428302139428,5.445600986480713,3194941
2023-02-06,5.445601258741448,5.658434700933349,5.46761831830345,5.629078388214111,4873194
2023-02-07,5.629077926954962,5.783198731079387,5.658434237268679,5.673112392425537,4556930
2023-02-08,5.67311268817968,5.717147155945887,5.518991876020536,5.599721908569336,3714452
2023-02-09,5.599721529320222,5.863928318023682,5.577704121950858,5.863928318023682,6213461
2023-02-12,5.863928456671379,6.010710009421606,5.790537680296266,5.805215835571289,6108783
2023-02-13,5.805216446648139,5.922641701208902,5.67311303526728,5.702469348907471,5092014
2023-02-14,5.702468733577758,5.7831987623544725,5.673112423105285,5.761181354522705,2436505
2023-02-15,5.761181373118453,5.922641081238211,5.7758595284020675,5.907963275909424,5107281
2023-02-16,5.907963000108482,6.407020256453923,5.922640804752067,6.340969085693359,17128856
2023-02-19,6.3409692167777925,6.517107075599767,6.157492105527494,6.179509162902832,7396188
2023-02-20,6.179509301373398,6.245561174889138,5.951997370364697,6.1207966804504395,3961389
2023-02-21,6.120796543295507,6.208865472706494,6.025388361456195,6.179509162902832,4182126
2023-02-22,6.179509528205447,6.348308144577652,5.981353900384501,6.128136157989502,5356166
2023-02-23,6.128135707556842,6.157492016938148,5.996031965386153,6.113457202911377,2395802
2023-02-26,6.113457202911377,6.223543188113868,6.06942308879423,6.113457202911377,3170445
2023-02-27,6.113457679290889,6.23822217886088,6.091440620516678,6.21620512008667,3193235
2023-02-28,6.216205315150311,6.296934999795488,6.179509749435339,6.2308831214904785,2680370
2023-03-01,6.230882617830923,6.274917433111373,6.172169997396752,6.245561122894287,2613730
2023-03-02,6.245561265015121,6.480411752095942,6.289595381387945,6.385003566741943,5164794
2023-03-05,6.385003027103808,6.443715643911829,6.289594849813375,6.311612606048584,2592037
2023-03-06,6.311613054060779,6.414359790813204,6.23822192788649,6.318951606750488,2272393
2023-03-07,6.31895180357092,6.348308114973086,6.201526557962258,6.238222122192383,3035179
2023-03-08,6.238222064790276,6.238222064790276,6.018049381345156,6.062084197998047,3261641
2023-03-09,6.062084499075189,6.296934999795488,6.032728186485151,6.2308831214904785,2343021
2023-03-12,6.230882726674416,6.230882726674416,6.032727804225054,6.098779678344727,1655346
2023-03-13,6.098780189269357,6.194187682202019,5.518992128895223,5.981354236602783,3799802
2023-03-14,5.9813537867656805,5.974015233952571,5.629078054988554,5.871267795562744,1794463
2023-03-15,5.8712678954032835,6.0327279585015825,4.704353289206333,5.276802062988281,2824906
2023-03-16,5.276801924025591,5.658434313178458,4.953882156287806,5.335514545440674,5972960
2023-03-19,5.335514657511934,5.386888377306638,5.085985661301704,5.188733100891113,3513696
2023-03-20,5.188732826704312,5.423583304887485,5.1373591096243345,5.306158065795898,4955599
2023-03-21,5.306158198049707,5.526330876788961,5.3795489743111835,5.5043134689331055,1802309
2023-03-22,5.5043133317403585,5.592382261059048,5.284140658488817,5.306158065795898,2774428
2023-03-23,5.306158168087925,5.467617874951473,5.298818915525806,5.4162445068359375,777092
2023-03-26,5.41624490795149,6.164831226985109,5.4749575329772755,5.944659233093262,4877065
2023-03-27,5.944659007709804,6.385003678708143,5.922641249227632,6.135474681854248,5857451
2023-03-28,6.135473823475832,6.517106518192057,5.988692287011736,6.414359092712402,5935448
2023-03-29,6.414360121430309,7.228999004297404,6.421699374407957,6.884061813354492,7646065
2023-03-30,6.884061178999036,7.148267962660949,6.539124019841544,6.641871452331543,9486093
2023-04-02,6.6418719019309425,6.935435014760401,6.649211154729096,6.854705333709717,3025827
2023-04-03,6.85470508906514,7.339084557901067,6.957451824933583,7.06019926071167,6583535
2023-04-04,7.060199685359929,7.118912309361741,6.8473662483759385,6.884061813354492,2029809
2023-04-05,6.884061901389476,6.92809601999911,6.700584774060044,6.744618892669678,2434833
2023-04-06,6.744618892669678,6.869383395246468,6.678567714755227,6.744618892669678,2227316
2023-04-09,6.7446193505170475,6.8033326791650435,6.54646440350288,6.656550407409668,1129888
2023-04-10,6.656550012177817,6.854705647336261,6.663889265311767,6.722601890563965,2348579
2023-04-11,6.722601070249686,7.052859721971458,6.773974436099183,6.979469299316406,3455720
2023-04-12,6.979469263904229,7.045521133895375,6.825348467228092,6.891400337219238,3366721
2023-04-13,6.8914004598883265,7.082216121147578,6.840026393475397,7.045521259307861,5428320
2023-04-18,7.045522220487831,7.405137234890407,7.03084371382174,7.3317461013793945,6343711
2023-04-19,7.331745154381021,7.507883012165095,7.265693282734585,7.434492588043213,4845174
2023-04-26,7.434492981270383,7.54457897323072,7.295049978216977,7.471188545227051,2888228
2023-04-27,7.471188520841922,7.918872439905013,7.485866326430882,7.882176876068115,7165916
2023-04-30,7.882176789365609,8.131705780820143,7.691360419440417,7.720717430114746,4870472
2023-05-01,7.720717430114746,7.720717430114746,7.720717430114746,7.720717430114746,0
2023-05-02,6.8914007581235355,7.074877874900853,6.862044447435551,6.913417816162109,9158926
2023-05-03,6.913418495791911,7.060200063661327,6.66388948045904,6.832688808441162,9496345
2023-05-07,6.832687987180718,6.840026539759831,6.605176059396808,6.671227931976318,8719054
2023-05-08,6.671227769597094,7.162946475820858,6.71526188363854,7.155607223510742,10543985
2023-05-09,7.155607815366217,7.317067879995346,6.906078815460205,6.906078815460205,8163755
2023-05-10,6.906078264642288,7.05285981173003,6.803331531635681,7.045521259307861,5722908
2023-05-11,7.045521735180877,7.111572910899411,6.84002685546875,6.84002685546875,6597982
2023-05-14,6.840027082870146,6.935435273070614,6.612515836931079,6.744618892669678,8119681
2023-05-15,6.744618640426423,6.840026827058702,6.524446655793113,6.553802967071533,7482115
2023-05-16,6.553802879263529,6.531785121167457,6.252900517713812,6.385003566741943,10059254
2023-05-17,6.385003474603752,6.465733853305058,6.054744806934699,6.1207966804504395,5399709
2023-05-18,6.1207966804504395,6.194187106649312,5.907963254627303,6.1207966804504395,5025675
2023-05-21,6.120796820262123,6.23088281202985,6.047405692477194,6.062084197998047,4378618
2023-05-22,6.06208462280541,6.186849128837001,5.981354236602783,5.981354236602783,5100071
2023-05-23,5.98135367708102,6.05474480314359,5.871267687896815,6.018049240112305,4386173
2023-05-24,6.018049436721306,6.238222122192383,6.025388689549265,6.238222122192383,3966565
2023-05-25,6.238221922296356,6.31161304840488,6.098779622581742,6.1207966804504395,4760819
2023-05-28,6.120797075070379,6.179509699778657,6.018049631876045,6.054745197296143,4209854
2023-05-29,6.054744495134756,6.120796365249038,5.966675568285586,6.047405242919922,5451223
2023-05-30,6.047405748123471,6.289595492168755,6.091440565181555,6.238222122192383,7404374
2023-05-31,6.238222121708697,6.340969561563146,6.113457623281749,6.135474681854248,5755065
2023-06-01,6.135474430029993,6.216204807998448,6.128135877413479,6.142813682556152,1952593
2023-06-04,6.142813934681638,6.238222121708697,6.0547450004819705,6.135474681854248,3253106
2023-06-05,6.135474538930386,6.172170102302855,5.9446588692309295,5.996032238006592,3534708
2023-06-06,5.996032322973544,6.142813878633735,5.974015264601932,6.062084197998047,9207485
2023-06-07,6.06208462280541,6.128136502458572,5.981354236602783,5.981354236602783,4073065
2023-06-08,5.98135351470042,6.106118005673918,5.98135351470042,6.091440200805664,3173539
2023-06-11,6.091440592014589,6.274917714063766,6.1281361564063594,6.223543643951416,6083388
2023-06-12,6.223543589250223,6.34096953425372,6.208865783568329,6.25290060043335,2466588
2023-06-13,6.2529003199764395,6.392342617293636,6.245561067509841,6.267578125,5826665
2023-06-14,6.267577837302723,6.326290454521188,6.164830407215607,6.186848163604736,3729714
2023-06-15,6.1868483821330225,6.208865439390219,6.091440200805664,6.091440200805664,2586468
2023-06-18,6.091440259790675,6.164830684661865,6.0841010073306645,6.164830684661865,2786190
2023-06-19,6.164830852554743,6.194187163284636,6.0767619203650645,6.098779678344727,3420475
2023-06-20,6.098779453194607,6.150152820097942,6.084100948416721,6.091440200805664,3005935
2023-06-21,6.091440935994624,6.128136502458572,5.981354236602783,5.981354236602783,2444301
2023-06-22,5.981354236602783,6.01804980306673,5.907963803584604,5.981354236602783,3311652
2023-06-25,5.98135390039143,6.06208428205621,5.915302724360715,5.922641277313232,2718413
2023-06-26,5.922640719875241,5.966675532994178,5.915302167613427,5.959336280822754,2509349
2023-07-04,5.959336588305919,6.054744771728372,5.907963220274462,5.929980278015137,2494651
2023-07-05,5.929980278015137,6.032727713987697,5.907963220274462,5.929980278015137,3148665
2023-07-06,5.929980417525599,5.988693039488453,5.871267795562744,5.871267795562744,2119070
2023-07-09,5.8712679087839135,5.885946414512518,5.57770444335375,5.621738910675049,2557779
2023-07-10,5.6217387739268085,5.834572202446687,5.577704307676644,5.783198833465576,1254946
2023-07-11,5.783198402898065,6.040065928589118,5.746502842110884,5.974014759063721,4256004
2023-07-12,5.974015376815397,6.032728000182307,5.915302753448486,5.915302753448486,2276407
2023-07-13,5.915302853435585,6.42169941351229,5.944659165615254,6.370326042175293,14527766
2023-07-16,6.370325931325502,6.436377807557813,6.20152661429741,6.21620512008667,4928453
2023-07-17,6.216205091000803,6.282256966924055,6.164831020888454,6.223543643951416,2038881
2023-07-18,6.223543255307231,6.340969194009885,6.208865450412919,6.289595127105713,2555780
2023-07-19,6.289595127105713,6.289595127105713,6.289595127105713,6.289595127105713,0
2023-07-24,6.238221809442693,6.267578119373097,6.120796569721078,6.164830684661865,734874
2023-07-25,6.164830853571904,6.296934601833046,6.157492300820462,6.194187164306641,1563155
2023-07-26,6.1941873324199355,6.230882896811706,6.142813962217263,6.223543643951416,1327513
2023-07-27,6.223543310110043,6.267578125,6.1795091951297225,6.267578125,1911131
2023-07-30,6.267578245436941,6.605176166381726,6.267578245436941,6.524446487426758,9326126
2023-07-31,6.524446992374224,6.583159617959911,6.407021041293144,6.509768486022949,2321871
2023-08-01,6.509767851276336,6.5317849087467295,6.113457317261068,6.164830684661865,16793031
2023-08-02,6.164831022488219,6.1795095282126065,5.893284965774133,5.922641277313232,8096828
2023-08-03,5.92264102546503,5.981353646046594,5.885946162533787,5.929980278015137,2371298
2023-08-06,5.92998058605153,6.01071026856732,5.922641333120181,6.003371715545654,2189710
2023-08-07,6.003371658974475,6.076762087867341,5.996032406112286,6.025388717651367,2130198
2023-08-08,6.025388267200273,6.128135699860617,5.996031957855835,6.010709762573242,2163042
2023-08-09,6.010710411314997,6.047405976933538,5.944659233093262,5.944659233093262,2251936
2023-08-10,5.944659233093262,6.032728170631941,5.929980726881966,5.944659233093262,1811033
2023-08-13,5.944659257293233,6.084101567319702,5.966676316790107,6.03272819519043,1613342
2023-08-14,6.032727970513556,6.120796905130802,6.018049464789177,6.025388717651367,2204413
2023-08-15,6.025388774430018,6.084101398061445,5.988693209682956,6.003371715545654,1464593
2023-08-16,6.0033719964269805,6.054745369530678,5.959337176688301,5.981354236602783,1166871
2023-08-17,5.981353337427417,6.0253881505463545,5.922640719875241,5.959336280822754,713120
2023-08-20,5.959336280822753,6.018048898374929,5.959336280822753,5.959336280822754,636219
2023-08-21,5.959337039394859,6.003371858119048,5.929980726881966,5.944659233093262,817439
2023-08-22,5.944658450415897,6.032727376359367,5.951997002645648,5.974014759063721,1595139
2023-08-23,5.974014900824913,6.135474252264509,5.996031957855835,6.010709762573242,3129320
2023-08-24,6.0107100434097855,6.062084112095104,5.9813537326937425,5.996032238006592,1062700
2023-08-27,5.996032267522109,6.106118258271757,6.018049325690106,6.08410120010376,2120703
2023-08-28,6.0841014816918815,6.194187477536598,6.069423675537109,6.069423675537109,2255784
2023-08-29,6.069423450758473,6.142813878633735,6.05474494523762,6.062084197998047,1923951
2023-08-30,6.0620837473495905,6.106117860819368,6.025388186185033,6.047405242919922,1977989
2023-08-31,6.047405242919922,6.047405242919922,6.047405242919922,6.047405242919922,0
2023-09-03,6.069423312120263,6.208865611834877,6.062084059527481,6.1207966804504395,4612372
2023-09-04,6.120796736414732,6.186848610534405,6.091440425684839,6.098779678344727,1792796
2023-09-05,6.098779987756346,6.157492612194821,6.069423675537109,6.069423675537109,1147601
2023-09-06,6.069423949660763,6.186849203841187,6.069423949660763,6.150153636932373,2470907
2023-09-07,6.150152885172964,6.2749173774666,6.150152885172964,6.267578125,2982568
2023-09-10,6.267578125,6.267578125,6.267578125,6.267578125,0
2023-09-11,6.451055526733399,6.524446654873942,6.370325845706537,6.451055526733398,4244413
2023-09-12,6.451056110916291,6.524447245702853,6.362987169118255,6.502429485321045,2908970
2023-09-13,6.502429175594297,6.5831595599960755,6.49509062239298,6.531785488128662,3754803
2023-09-14,6.531785207760261,6.568480771830533,6.429038468255103,6.451055526733398,1193693
2023-09-17,6.451055219664088,6.568480459171798,6.4437159672174475,6.480411529541016,1938091
2023-09-18,6.480412173230106,6.539124798815792,6.487751426405743,6.509768486022949,1273228
2023-09-19,6.509768428705313,6.539124741239678,6.458395056747599,6.531785488128662,1750190
2023-09-20,6.531785488128661,6.531785488128661,6.531785488128661,6.531785488128662,0
2023-09-21,6.531785488128661,6.531785488128661,6.531785488128661,6.531785488128662,0
2023-09-24,6.531785488128661,6.531785488128661,6.531785488128661,6.531785488128662,0
2023-09-25,6.994147300720215,7.22899847959081,6.942773933424913,6.994147300720215,3510332
2023-09-26,6.994148183142658,7.126251944179995,6.766636927922494,6.832688808441162,3676356
2023-09-27,6.832688808441162,6.832688808441162,6.832688808441162,6.832688808441162,0
2023-10-01,6.832688808441162,6.832688808441162,6.832688808441162,6.832688808441162,0
2023-10-02,7.045521793532275,7.118912222686139,6.546463795683416,6.818009853363037,3618445
2023-10-03,6.8180104676568725,6.825349721206419,6.282257556915283,6.282257556915283,3766298
2023-10-04,6.282256701288356,6.671227987610839,6.282256701288356,6.6492109298706055,1972005
2023-10-08,6.649210808980832,6.612515246807843,5.944658674916039,6.495090007781982,2785803
2023-10-09,6.495090343599659,6.495090343599659,6.289595464770005,6.451055526733398,1521567
2023-10-10,6.451055692629993,6.6345328177900145,6.362986756542345,6.583159446716309,1912937
2023-10-11,6.583158811544287,6.6418714299378685,6.311612776496569,6.340969085693359,2121149
2023-10-12,6.340968914452594,6.458394148068634,6.208865176679748,6.311612606048584,2391926
2023-10-15,6.31161301157855,6.935434780222587,6.531784988800183,6.6492109298706055,5355092
2023-10-16,6.6492115612766325,7.045522137782544,6.685906427691668,6.876722812652588,6837435
2023-10-17,6.8767226874483205,7.228999137878418,6.7079240653013885,7.228999137878418,8279335
2023-10-18,7.228999126445556,7.772091257593771,7.228999126445556,7.529901504516602,23079500
2023-10-19,7.529901504516602,7.529901504516602,7.529901504516602,7.529901504516602,0
2023-10-22,7.713377538715206,8.036296930386214,7.728055342927271,7.786767959594727,5702027
2023-10-23,7.7867681515817,8.55003288698693,7.860159274180318,8.432607650756836,24761898
2023-10-24,8.432608165033464,9.071108450906817,8.542694855645209,8.92432689666748,18565158
2023-10-25,8.92432751682798,9.181195779529094,8.755528892700173,8.865614891052246,9833718
2023-10-26,8.865614122933994,9.01239567465615,8.447286525548437,8.579389572143555,6863032
2023-10-29,8.579389243576935,8.667458871147055,8.175740166777048,8.307843208312988,6384219
2023-10-30,8.307844092137804,8.806902101882233,8.29316628592104,8.733510971069336,7245516
2023-10-31,8.7335109284644,8.95368361991932,8.197758055836797,8.256470680236816,6048562
2023-11-01,8.256470236827736,8.586728906318916,8.183079110314296,8.447286605834961,3899896
2023-11-02,8.447287487821178,8.586729802864385,8.278488159179688,8.278488159179688,4185267
2023-11-05,8.278486864410176,8.513338037097224,7.962906716592911,8.21977424621582,7741247
2023-11-06,8.726206597575823,8.515843071321324,7.947080995238124,8.001620292663574,8650811
2023-11-07,8.001620428651254,8.102906104808278,7.736717600469275,7.931499004364014,7220066
2023-11-08,7.931498834667519,8.102905931444484,7.830212417645453,7.9159159660339355,8124955
2023-11-09,7.915916195856532,7.993829055222339,7.736717659560108,7.752299785614014,8015180
2023-11-12,7.752299306969549,7.892542147956254,7.518561486335723,7.612057209014893,5873135
2023-11-13,7.612056993036339,7.651012676176639,7.534144140691686,7.573100566864014,3298651
2023-11-14,7.5731016196011325,7.978246576229272,7.5731016196011325,7.806839466094971,7529458
2023-11-15,7.806838427295035,7.954871955991832,7.643222030823821,7.697760581970215,5585209
2023-11-16,7.697760581970214,7.775672691746201,7.674387023340621,7.697760581970215,5107561
2023-11-19,7.697760372959395,7.962663173675537,7.705551806635048,7.962663173675537,11846423
2023-11-20,7.962664095004901,8.165236192786665,7.838004113898555,7.876959800720215,11583347
2023-11-21,7.876959016814044,7.931498310394454,7.760090481915495,7.791255474090576,10928317
2023-11-22,7.791256247822593,7.884751233632612,7.783464813247067,7.838004112243652,4961310
2023-11-23,7.838004113898555,7.923707665151143,7.838004113898555,7.876959800720215,4792662
2023-11-26,7.876959713962567,7.954872572811942,7.822421158587257,7.830212593078613,4080593
2023-11-27,7.83021264497982,7.900334069802628,7.7133433559311095,7.752299785614014,5049428
2023-11-28,7.75229965725205,7.830212515327782,7.689969668004298,7.721134662628174,4158824
2023-11-29,7.721133975260117,7.986036777496338,7.74450753338919,7.986036777496338,7967294
2023-11-30,7.986037620522497,8.375600431279691,8.040576176258234,8.282105445861816,20116956
2023-12-03,8.282105263386637,8.53142521900784,8.282105263386637,8.469095230102539,8573445
2023-12-04,8.469095804518581,8.554799359318189,8.3678093799197,8.375600814819336,5748243
2023-12-05,8.375600215396991,8.437930204069009,8.227566678058972,8.243148803710938,5341291
2023-12-06,8.243148098710977,8.31326951572784,7.94708030632423,7.962663173675537,5051172
2023-12-07,7.962663173675537,7.962663173675537,7.721133930954345,7.962663173675537,4588572
2023-12-10,7.96266312116376,8.009410236845374,7.713342446411121,7.7367167472839355,2899528
2023-12-11,7.736717050153713,7.7133427483658625,7.456231372955803,7.479605674743652,3361696
2023-12-12,7.4796062465796345,7.658804782461143,7.401693387394227,7.425066947937012,3061225
2023-12-13,7.425067046097651,7.775673431002877,7.448441349981542,7.760091304779053,5863230
2023-12-14,7.760090394718375,7.861376803907279,7.651012551815244,7.682177543640137,3215349
2023-12-17,7.682178486973481,7.845794899903452,7.713343482625279,7.7834649085998535,1803888
2023-12-18,7.783464813247067,7.947081224172626,7.783464813247067,7.838004112243652,3032151
2023-12-19,7.838004250294682,7.9159163683259175,7.760091389231335,7.767882823944092,2923199
2023-12-20,7.767882739407017,7.853586291218306,7.75229987015109,7.760091304779053,2863143
2023-12-21,7.760091314690231,7.845794866610982,7.612057771730371,7.658804893493652,3726518
2023-12-24,7.6588048934936515,7.6588048934936515,7.6588048934936515,7.658804893493652,0
2023-12-25,7.277033605555978,7.30819860147354,6.949800776905512,7.136790752410889,4040960
2023-12-26,7.136790140785745,7.323780100266023,7.167955134032458,7.308197975158691,6361177
2023-12-27,7.308198298103791,7.736717531456153,7.3393632927276675,7.721134662628174,3933597
2023-12-28,7.72113400920264,7.767881868698309,7.619847599488705,7.666595458984375,3008109
2023-12-31,7.666595419243698,7.713342535465029,7.635430427418806,7.682177543640137,2265893
2024-01-02,7.6821783928615215,7.869169107513658,7.713343388131529,7.838004112243652,2005886
2024-01-03,7.838004027569968,7.908124708895898,7.806839032636637,7.830212593078613,1939994
2024-01-04,7.830212423393557,7.915915971844954,7.806838863458098,7.814629554748535,1581511
2024-01-08,7.814629946156411,7.845794941975328,7.744508519805821,7.767882823944092,1499163
2024-01-09,7.767881916660514,7.900333319178698,7.775672607431212,7.892541885375977,1654483
2024-01-10,7.892542490630164,8.063950332274663,7.915916050798751,7.923707485198975,3878781
2024-01-11,7.923706831795224,7.9704539482775445,7.791255430041949,7.869168281555176,1610729
2024-01-14,7.869168761767052,8.009410862804234,7.845794459067467,7.9081244468688965,6356464
2024-01-15,7.908124009949397,7.970453994307128,7.861376893197111,7.892541885375977,4307446
2024-01-16,7.892543103508571,8.219775943407686,7.830213109530849,8.180819511413574,15334815
2024-01-17,8.18081812421425,8.336643082735739,8.071740281733202,8.1029052734375,10092559
2024-01-18,8.10290522750442,8.165235210559684,8.032784553841255,8.0795316696167,2177702
2024-01-21,8.07953259122509,8.531425391437836,8.141862581390154,8.52363395690918,14437801
2024-01-22,8.523633437702433,8.663876278547148,8.352226346705613,8.39897346496582,14584345
2024-01-23,8.398973817241266,8.492468800715157,8.21977528467433,8.227566719055176,5176597
2024-01-24,8.22756722536204,8.375600772547347,8.219775790501728,8.352227210998535,4390994
2024-01-28,8.35222642229007,9.271594101058543,8.476886396154809,8.850866317749023,20446637
2024-01-29,8.850866278749692,8.99890055433583,8.578172772880153,8.624919891357422,12368338
2024-01-30,8.624920025786462,8.726206441441944,8.39118294369296,8.414556503295898,9456689
2024-01-31,8.414556248868772,8.5158426614617,7.4016928659715235,7.502979278564453,19639231
2024-02-01,7.502979110713068,7.845794024638963,6.233004379272461,7.791255474090576,11441774
2024-02-04,7.791255734247194,7.822420727462902,7.518561486335723,7.612057209014893,4345484
2024-02-05,7.61205690876611,7.744507567434464,7.619847599488705,7.666595458984375,3441949
2024-02-06,7.666596127048263,7.931498953532529,7.308198316457565,7.37831974029541,8299765
2024-02-07,7.3783198923244075,7.674387719611244,7.393902018480505,7.635431289672852,3130911
2024-02-08,7.635431973316848,7.79125696399022,7.612058410473884,7.713344097137451,2638252
2024-02-11,7.713342886490746,7.7522993138027285,7.487396499719701,7.549726486206055,2848785
2024-02-12,7.549726351011094,7.596474211554757,7.315989277388884,7.479605674743652,2384530
2024-02-13,7.479605976947385,7.682178066069159,7.479605976947385,7.565309524536133,2935375
2024-02-14,7.56530975699292,7.931499004364014,7.56530975699292,7.931499004364014,7932627
2024-02-15,7.931499012369965,8.06395042659465,7.822421158587257,7.830212593078613,7794278
2024-02-18,7.830212593078613,7.830212593078613,7.830212593078613,7.830212593078613,0
2024-02-19,7.721134739295906,7.908124708895898,7.7133433048045505,7.830212593078613,20626348
2024-02-20,7.830211900067433,8.048366845293003,7.791255474090576,7.791255474090576,8106261
2024-02-21,7.791255296589822,7.85358527951998,7.713342446411121,7.7367167472839355,4220526
2024-02-22,7.736717743927265,7.853586291218306,7.697761313819551,7.760091304779053,5088608
2024-02-25,7.760090851305348,7.479605908378188,7.012130260467529,7.012130260467529,10174757
2024-02-26,7.012130338632161,7.448440997747827,7.082251760903613,7.261450290679932,7113182
2024-02-27,7.26145038175006,7.401693228051833,7.128998969805513,7.16795539855957,5260822
2024-02-28,7.167955305443359,7.300406715667278,7.121208185971426,7.222494602203369,3328775
2024-02-29,7.22249434664923,7.331571450245632,7.0588779482225865,7.199120044708252,2929938
2024-03-03,7.199119954485359,7.238076380866728,6.9186350219971615,6.94980001449585,4334313
2024-03-04,6.94980059362256,7.28482484817505,6.9575920281545,7.284824848175049,4621314
2024-03-05,7.284824900525564,7.331572021988953,7.128999180895335,7.206912040710449,2522849
2024-03-06,7.206911948073706,7.939289700187076,7.2224948170492675,7.3004069328308105,11780473
2024-03-07,7.300407026669327,7.526353428494641,7.144582050071197,7.206912040710449,2700523
2024-03-10,7.20691190510226,7.370528313209649,7.191329036219611,7.27703332901001,3463355
2024-03-11,7.2770332058716685,7.393901748385604,7.082251806327061,7.1445817947387695,6380249
2024-03-12,7.144582210237559,7.206912202274117,6.934217929840088,6.934217929840088,2647781
2024-03-13,6.934217474089786,6.9731739023102595,6.3576647141294,6.388829708099365,6165164
2024-03-14,6.388829663836084,6.505698947687806,6.23300469506585,6.3654561042785645,6300776
2024-03-17,6.365455932178621,6.451159476927106,6.108344554901123,6.108344554901123,5886675
2024-03-18,6.108344609350078,6.155092099133958,5.485044002532959,5.485044002532959,4768795
2024-03-19,5.48504445787801,5.703199799829137,5.414923031622995,5.687617301940918,7172248
2024-03-20,5.687616958829061,5.8512333625430495,5.570748045959635,5.617495536804199,4594248
2024-03-21,5.617495720949896,5.781112130027354,5.547374296626402,5.765529632568359,4264189
2024-03-24,5.765529386929214,6.046014700757129,5.8200679399540665,6.0382232666015625,7028152
2024-03-25,6.038223415731569,6.100553404451393,5.952519495483791,6.0615973472595215,2423274
2024-03-26,6.061597135049125,6.116135687511612,5.905771797188813,5.921354293823242,4016368
2024-03-27,5.921354995449121,5.936937493929933,5.726573578680953,5.859025001525879,3960768
2024-03-28,5.859024375010598,5.882398305990436,5.74994689730876,5.835650444030762,1501704
2024-03-31,5.83565040255495,5.866815767478573,5.6486604421093665,5.7109904289245605,1262999
2024-04-01,5.710990277729877,5.905771667128664,5.710990277729877,5.890189170837402,1593735
2024-04-02,5.890189888188942,6.116136297687704,5.851233828474434,6.053806304931641,3667760
2024-04-03,6.0538056315480695,6.12392705135685,5.968101715283564,6.108344554901123,3355481
2024-04-04,6.108344855724396,6.334291251217831,6.123927352947528,6.1940484046936035,5472747
2024-04-07,6.194048392254463,6.513489770445175,6.264169815375756,6.396621227264404,7801534
2024-04-08,6.396621177855588,6.490116160284445,6.349873315125124,6.474534034729004,2502968
2024-04-15,6.474534072535473,6.599194049835205,6.451159769517717,6.599194049835205,6882688
2024-04-16,6.5991941419953335,6.614776267859373,6.49011628881872,6.505699157714844,3656368
2024-04-17,6.505699157714844,6.552446278339046,6.466742728506619,6.505699157714844,3091423
2024-04-18,6.5056991430101805,6.5446548290982705,6.014849547856956,6.077179908752441,2984519
2024-04-21,6.077180110993885,6.279752954734508,6.155092600311027,6.256378650665283,3286407
2024-04-22,6.256378283794783,6.31091758039271,6.131718308197348,6.155092239379883,1169214
2024-04-23,6.155092449204783,6.194048507148964,5.562956801899209,5.664243221282959,2989250
2024-04-24,5.664242810338313,5.718781733322583,5.4305049935668865,5.57853889465332,4247364
2024-04-28,5.57853889465332,5.57853889465332,5.57853889465332,5.57853889465332,0
2024-04-29,5.4616705673223205,5.625286599520277,5.45387913309021,5.617495536804199,5662641
2024-04-30,5.61749584286257,5.749947259896542,5.360384443451238,5.368175506591797,5222390
2024-05-02,5.469461311399854,5.58633021746076,5.430504885540882,5.5395827293396,2163288
2024-05-07,5.539583376231244,5.7187822873798675,5.485044447963035,5.594121932983398,6298948
2024-05-08,5.594121890015116,5.65645225249262,5.56295689453439,5.570748329162598,2018960
2024-05-09,5.5707481802483905,5.6252867351237406,5.508418190953108,5.547374248504639,1517417
2024-05-12,5.547374284604508,5.594121776880182,5.337010383605957,5.337010383605957,1365982
2024-05-13,5.337010275306775,5.407131698055395,5.126646378576949,5.298054218292236,1799514
2024-05-14,5.298054071277928,5.368175120564742,5.150020167091948,5.173393726348877,1230536
2024-05-15,5.173393530126913,5.20455852229811,5.103272483499725,5.126646041870117,1523129
2024-05-16,5.126646502450058,5.344801838763613,5.134437936950849,5.329219341278076,1937311
2024-05-19,5.3292191700884874,6.388829708099365,5.34480166707347,6.388829708099365,17514716
2024-05-20,6.388829659713098,6.536863937223333,6.20183969730949,6.466742515563965,9315823
2024-05-21,6.466742668305343,7.097833992081611,6.427786239459777,6.825140476226807,20646869
2024-05-22,6.825140351796499,6.825140351796499,6.552446097881152,6.692688941955566,5016208
2024-05-23,6.692689259121709,6.762810684481965,6.529072847625141,6.575819969177246,2894466
2024-05-26,6.575819969177246,6.575819969177246,6.575819969177246,6.575819969177246,0
2024-05-27,7.074460653318144,7.16016420503404,6.731645703422454,6.903052806854248,6093466
2024-05-28,6.903052415005116,6.949800277035137,6.6225674719211725,6.910843849182129,2391798
2024-05-29,6.910843715352437,7.245867948155611,6.895261590332221,7.08225154876709,13665151
2024-05-30,7.0822521101255855,7.152373535854687,6.965382819566382,7.090043544769287,4596644
2024-06-02,7.090042856664544,7.674387023652324,7.128998540038103,7.495187759399414,23509074
2024-06-03,7.495188379312777,7.541936243472325,7.230285549483562,7.284824848175049,7171224
2024-06-04,7.2848246345091745,7.409484611235531,7.19912034323575,7.24586820602417,4990718
2024-06-05,7.2458685224827875,7.284824952669189,6.77839284631018,7.090043544769287,8433558
2024-06-06,7.090042898992142,7.1445814504663465,6.87188720703125,6.87188720703125,3870467
2024-06-09,6.871887339424932,6.934217326034025,6.739435932122596,6.8017659187316895,4846278
2024-06-10,6.801766529529308,7.206912221902486,6.778392968209968,7.1601643562316895,8324813
2024-06-11,7.160163749872639,7.2848244667604884,7.035503776016846,7.128998756408691,4851431
2024-06-12,7.128999231923584,7.191329223008984,7.066669240838183,7.090043544769287,2894457
2024-06-13,7.090043284083534,7.323780370543719,7.035503986615024,7.16795539855957,4267608
2024-06-23,7.167955904116293,7.300407325402653,7.160164469209536,7.253660202026367,1416992
2024-06-24,7.253659905205938,7.378319886484442,7.206912040710449,7.206912040710449,3685342
2024-06-25,7.206911997481142,7.238076992613831,7.012130592143814,7.183538436889648,1777736
2024-06-26,7.183538082140732,7.557518005264525,7.144581654390656,7.417275905609131,13141076
2024-06-27,7.4172763737023875,7.635431342625369,7.4172763737023875,7.557518482208252,4387041
2024-07-02,7.401693228051833,7.4718146512027195,7.152373272877194,7.16795539855957,4381169
2024-07-03,7.1679557053608685,7.245868566203791,7.082252152859341,7.113417148590088,2564309
2024-07-04,7.113417012083076,7.323780543470701,7.113417012083076,7.183538436889648,4059758
2024-07-07,7.183538758269567,7.238077316433715,7.027713775634766,7.027713775634766,2025764
2024-07-08,7.027713426803409,7.167955532697534,7.027713426803409,7.058878421783447,2751871
2024-07-09,7.058877993739084,7.10562511185839,6.864096601167202,6.879678726196289,3143202
2024-07-10,6.879678728242234,7.03550369373967,6.762810189877167,6.778392314910889,2310841
2024-07-14,6.77839275717335,6.8874706116544635,6.638150650591455,6.653732776641846,1648266
2024-07-15,6.653732557562875,6.786183968274563,6.6693154261322825,6.716062545776367,915203
2024-07-16,6.71606258962253,6.778392578242947,6.692689029647893,6.739436149597168,807822
2024-07-17,6.739435841776109,6.9030522401896075,6.70048015794169,6.856305122375488,1888422
2024-07-18,6.856305385422821,6.980965361752533,6.817348957061768,6.817348957061768,1442671
2024-07-21,6.817349296266041,6.957592148130931,6.786184300632967,6.887470722198486,4270840
2024-07-22,6.887470702225683,7.292615644280786,6.903052828480981,7.090043544769287,9360963
2024-07-23,7.090043375354262,7.191329051173761,7.074460506439209,7.074460506439209,1787402
2024-07-24,7.074460556052194,7.144581980597518,6.949800575985879,6.957592010498047,1463471
2024-07-28,6.95759184081226,7.222494663508621,6.91084397791146,6.942008972167969,4196927
2024-07-29,6.942009364602686,7.090043652963599,6.910844368584407,6.934217929840088,2788549
2024-07-30,6.934218043111991,7.082252333891074,6.918635916364372,7.066669464111328,2990439
2024-07-31,7.066668639170872,7.199120044708252,7.027712955333323,7.199120044708252,3760925
2024-08-01,7.199120304435998,7.315989589261142,7.121208190917969,7.121208190917969,4281728
2024-08-04,7.121207933428965,7.012130086809286,6.7939751366019685,6.856305122375488,3027140
2024-08-05,6.856305724725219,6.840722855396812,5.8434422523739755,6.458951473236084,3205822
2024-08-06,6.458951189676046,6.980965400746623,6.4823247496104095,6.942008972167969,4824227
2024-08-07,6.942008842858123,7.012130264387124,6.832931736508175,6.910843849182129,2485851
2024-08-08,6.910844240019393,7.012130660952559,6.856305683760034,6.8640971183776855,1187901
2024-08-11,6.864096726347321,7.090043116129992,6.887470285833236,7.012130260467529,1729966
2024-08-12,7.012130473603086,7.121208326239572,7.012130473603086,7.051086902618408,1786566
2024-08-13,7.051086425874596,7.105624976989293,6.926426455879841,6.94980001449585,837323
2024-08-14,6.949800437781761,7.175746832916797,6.9575918721389876,7.16795539855957,2308813
2024-08-15,7.167954966751001,7.393901348274682,7.199119959270404,7.292614936828613,7630779
2024-08-18,7.29261563554196,7.393902056692389,7.191329214391531,7.23028564453125,1568175
2024-08-19,7.230284652757714,7.5029788832983515,7.230284652757714,7.409483909606934,5322544
2024-08-20,7.409484430955421,7.526352970534835,7.277033023148324,7.432857990264893,2235300
2024-08-21,7.432858295266141,7.4873968502368715,7.362736871428296,7.37831974029541,2756376
2024-08-22,7.378319485293124,7.440649472543225,7.323780189175244,7.354945182800293,1173927
2024-08-25,7.354944791378548,7.4094840845939105,7.315989108694456,7.362736225128174,1873062
2024-08-26,7.3627363557552785,7.401692782162541,7.230284951789807,7.292614936828613,1326004
2024-08-27,7.292616016356006,7.417276747919203,7.245868892172932,7.3237810134887695,1541440
2024-08-28,7.32378101348877,7.3783203157452135,7.261451019223243,7.3237810134887695,945793
2024-08-29,7.323780534770563,7.495188379312777,7.269241979111169,7.284824848175049,5318813
2024-09-01,7.2848245007145245,7.393901606830718,7.2536595071053185,7.3159894943237305,2032741
2024-09-02,7.315989238178537,7.588682736953616,7.370527789327147,7.495187759399414,7779549
2024-09-03,7.495188102403491,7.627639512424689,7.495188102403491,7.565309524536133,4066771
2024-09-04,7.565309873770386,7.5575184391666275,7.393902027648195,7.534144878387451,3194602
2024-09-05,7.534144354459601,7.713342879691903,7.557517913613369,7.612057209014893,4716707
2024-09-08,7.612057478364921,7.682178158307421,7.401693209441196,7.4718146324157715,2917853
2024-09-09,7.471814114659984,7.541935532775529,7.370527704385533,7.386109828948975,2214408
2024-09-10,7.386110533736079,7.479606262166239,7.175747002348453,7.183538436889648,2132885
2024-09-11,7.1835381423734495,7.222494570450168,7.012130304655123,7.03550386428833,5742090
2024-09-12,7.035503870056946,7.128998851698493,6.793975353240967,6.793975353240967,10276679
2024-09-16,6.793974960520591,6.8485135109009185,6.653732124648865,6.700479984283447,2270042
2024-09-17,6.7004802057313,6.79397518505841,6.645940910516451,6.677105903625488,2475169
2024-09-18,6.677106287875506,6.832932005420099,6.692689156842801,6.770601272583008,4181358
2024-09-19,6.770601389030069,6.934217800840246,6.77839282364772,6.8640971183776855,4037265
2024-09-22,6.864096470882464,7.004338565610547,6.910843588114481,6.94980001449585,2971113
2024-09-23,6.94980044758478,7.043295430907149,6.8874704587032,6.926426887512207,2818031
2024-09-24,6.942008972167969,7.004338960680986,6.918635412233606,6.942008972167969,2207284
2024-09-25,6.926426846555751,7.0121303950031315,6.934217537845823,6.942008972167969,1870249
2024-09-26,6.942008972167969,7.004338960680986,6.918635412233606,6.942008972167969,2207284
2024-09-29,6.942008972167969,6.980965400746623,6.903052543589315,6.942008972167969,1527354
2024-09-30,6.942009013216563,6.988756876393786,6.91863545314399,6.926426887512207,2170399
2024-10-01,6.926426846555751,6.980965400746623,6.926426846555751,6.942008972167969,1214165
2024-10-02,6.942009300554924,7.378319983817495,6.871887874402715,7.113417148590088,12880078
2024-10-03,7.1134168874300014,7.269241860362822,7.128999013207243,7.191329002380371,2199661
2024-10-07,7.191328958599174,7.26145038175006,7.090043284083534,7.16795539855957,1594961
2024-10-08,7.167955872016837,7.2069123033440405,6.77839304480905,6.840723037719727,3815756
2024-10-09,6.840722721911807,6.988757005514625,6.840722721911807,6.957592010498047,2695678
2024-10-10,7.595512695403572,7.178737040450784,6.974602522407665,7.042647361755371,4281052
2024-10-13,7.042647536497587,7.11919818545275,6.821502208709717,6.821502208709717,1099246
2024-10-14,6.82150240174963,7.017131122474655,6.7194347317279455,6.915063858032227,1455853
2024-10-15,6.915063545149249,7.00011918942354,6.804490477550044,6.838512897491455,2161507
2024-10-16,6.838512897491456,6.974602577257101,6.830007089716484,6.838512897491455,2386135
2024-10-17,6.838513246226629,6.864029859694308,6.67690654047405,6.693917751312256,3568449
2024-10-20,6.693917359010776,6.804490425768531,6.379209774157998,6.464265823364258,4623167
2024-10-21,6.464266075768533,6.5748391468437335,6.413232444252114,6.549322128295898,1641787
2024-10-22,6.5493223453349625,6.659895420074463,6.5578281536592,6.659895420074463,3050397
2024-10-23,6.659895284760409,6.855524816450473,6.634378671464666,6.710928916931152,2952721
2024-10-24,6.710929210374234,6.804491076234656,6.676906787439402,6.7789740562438965,2592417
2024-10-27,6.7789738514138405,6.847019100806756,6.668401183006283,6.676906585693359,6633716
2024-10-28,6.676906455756733,6.7194346851022715,6.464266120187542,6.532310962677002,6982074
2024-10-29,6.532310843382288,6.566333264005693,6.396221160888672,6.396221160888672,8119202
2024-10-30,6.3962215918867535,6.455761034779294,6.379210380428781,6.413232803344727,3214447
2024-10-31,6.4132323826477675,6.642883925055289,6.4217381906084245,6.600356101989746,5211673
2024-11-03,6.600356262862376,6.761962562261267,6.600356262862376,6.71943473815918,6655006
2024-11-04,6.719434483791124,6.787479324241993,6.634378433227539,6.634378433227539,5264480
2024-11-05,6.634378509320912,6.685412140244397,6.583344472818182,6.591850280761719,1841409
2024-11-06,6.591850191842791,6.693917452312952,6.600355999671592,6.625872611999512,1887961
2024-11-07,6.62587262538156,6.676906255719711,6.6173672231148215,6.634378433227539,1803395
2024-11-10,6.634378509320912,6.685412140244397,6.574839070453891,6.591850280761719,2379320
2024-11-11,6.591850325566275,6.659895167260086,6.566333307141472,6.574839115142822,3602393
2024-11-12,6.5748389401558995,6.864029509657895,6.557827730185195,6.838512897491455,7024191
2024-11-13,6.838513063301725,6.932074517619528,6.736445801002713,6.761962413787842,6992949
2024-11-14,6.761962364434319,6.983108503380679,6.761962364434319,6.821502208709717,6608020
2024-11-17,6.8215025040404855,6.8980523451513145,6.7449514461918705,6.889547348022461,3377938
2024-11-18,6.889547348022461,6.932074767142303,6.847019117744096,6.889547348022461,6622856
2024-11-19,6.889547518482201,6.923569941314964,6.787479844404639,6.812996864318848,4512490
2024-11-20,6.812996600110583,6.8810414431373275,6.702423527402494,6.71943473815918,3056003
2024-11-21,6.719434770359193,6.81299663275895,6.693917751312256,6.693917751312256,1297070
2024-11-24,6.69391749734461,6.761962338115805,6.600356044073838,6.608861446380615,820318
2024-11-25,6.608861522677386,6.668400961829163,6.566333293914795,6.566333293914795,1116572
2024-11-26,6.5663332492601905,6.668400916480443,6.583344459533691,6.583344459533691,975021
2024-11-27,6.583344744817381,6.64288418614435,6.447255056732039,6.48978328704834,1734515
2024-11-28,6.48978328704834,6.51529990077471,6.396221423700035,6.48978328704834,2126558
2024-12-01,6.489783138910716,6.583344594544098,6.515299752054637,6.532310962677002,2402416
2024-12-02,6.5323108862945665,6.651389764837984,6.55782790471937,6.574839115142822,1518698
2024-12-03,6.57483923743727,6.600356256336699,6.5152997970581055,6.5152997970581055,1036454
2024-12-04,6.515299810109532,6.583344653205309,6.523805618286133,6.523805618286133,708336
2024-12-05,6.523805351529351,6.6343784198283124,6.532310753778911,6.625872611999512,1449328
2024-12-08,6.625872567653901,6.736445635212819,6.634378375425774,6.642883777618408,1580688
2024-12-09,6.642884002222311,6.693917633841343,6.557827949523926,6.557827949523926,895586
2024-12-10,6.557827604766173,6.608861233702267,6.489782766184714,6.506793975830078,1518815
2024-12-11,6.506794050757005,6.549321872570517,6.464265823364258,6.464265823364258,795739
2024-12-12,6.46426625484359,6.540816907028473,6.46426625484359,6.4812774658203125,1139561
2024-12-15,6.481277478753374,6.540816920080343,6.4557608650270035,6.48978328704834,646926
2024-12-16,6.489782840915753,6.532310662729265,6.464265823364258,6.464265823364258,738819
2024-12-17,6.4642659134654705,6.6343784198283124,6.44725470338711,6.625872611999512,2471244
2024-12-18,6.625872961912087,6.676906594842255,6.46426625484359,6.4812774658203125,1729665
2024-12-19,6.481277375578371,6.523805605217667,6.3962213218790325,6.5152997970581055,1218746
2024-12-22,6.51529990077471,6.583344744817381,6.481277478753374,6.48978328704834,432686
2024-12-23,6.489783094316368,6.557827936338261,6.472771883810895,6.549322128295898,1696477
2024-12-24,6.549321872570517,6.549321872570517,6.413232193840502,6.464265823364258,811302
2024-12-25,6.464265956952204,6.634378464459435,6.464265956952204,6.608861446380615,1833167
2024-12-26,6.608861144733305,6.634378161647456,6.532310499570079,6.540816307067871,460855
2024-12-29,6.540816999060581,6.600356441106488,6.4472551345825195,6.4472551345825195,511049
2024-12-30,6.447254886847453,6.506794326605563,6.124041480582147,6.166569709777832,1749445
2024-12-31,6.166569444507347,6.3707039624750745,6.175075252212286,6.268636703491211,1277099
2025-01-02,6.268636880761283,6.4642660021354805,6.294153899018459,6.396221160888672,740413
2025-01-05,6.396221160888672,6.472771810080954,6.396221160888672,6.396221160888672,1216384
2025-01-06,6.396221328381918,6.438749558064452,6.319670677185059,6.319670677185059,1005215
2025-01-08,6.319670690227323,6.396221341582164,6.302659479435054,6.328176498413086,713591
2025-01-09,6.328176440275589,6.370704264075927,6.319670632167969,6.336681842803955,628476
2025-01-12,6.336681733318845,6.608861504371156,6.268636891950579,6.600356101989746,4615832
2025-01-13,6.600356103896605,6.736445786672453,6.404726982116699,6.404726982116699,5428172
2025-01-14,6.404727400405377,6.549322495008506,6.319670937536241,6.413232803344727,1216198
2025-01-15,6.413232296182975,6.676906255719711,6.438749314141671,6.634378433227539,2330847
2025-01-16,6.634378433227539,6.727939886057863,6.6173672231148215,6.634378433227539,2027203
2025-01-19,6.634378761099456,6.7279402185535995,6.617367550146042,6.676906585693359,2665818
2025-01-20,6.642883563566023,6.6854117898965315,6.540816307067871,6.540816307067871,927181
2025-01-21,6.540816725832787,6.60886156785468,6.515299707284952,6.549322128295898,590871
2025-01-22,6.549322052202526,6.625872701377375,6.5578278601460624,6.591850280761719,862741
2025-01-23,6.591850357349207,6.642883988865626,6.540816725832787,6.549322128295898,1154453
2025-01-26,6.549321991010265,7.102187334797209,6.574839009023218,7.03414249420166,13901243
2025-01-27,7.034142512220797,7.136209773375583,6.804490566253662,6.804490566253662,6314396
2025-01-28,6.804490548822818,7.03414249420166,6.78747933867393,7.03414249420166,3413318
2025-01-29,7.034142738794316,7.034142738794316,6.889547244711248,6.915063858032227,2756030
2025-01-30,6.9150636352943025,6.974602668178306,6.795984758367808,6.804490566253662,1672209
2025-02-02,6.804490477550044,6.983108385032072,6.693917409950839,6.838512897491455,2801545
2025-02-03,6.8385131676342885,6.974602852775905,6.719434693135374,6.736445903778076,3429382
2025-02-04,6.736445903778076,6.872535588919693,6.710928885024396,6.736445903778076,1370138
2025-02-05,6.736445515025133,6.821501968909381,6.693917288083008,6.702423095703125,1066164
2025-02-06,6.7024232736784075,6.753456904016558,6.6088614152688425,6.634378433227539,3426035
2025-02-09,6.634378509320912,6.744951173532172,6.583344472818182,6.591850280761719,2617579
2025-02-10,6.591850280761719,6.659895121993031,6.566333262510354,6.591850280761719,1769269
2025-02-11,6.591850448177137,6.676906501876474,6.5152997970581055,6.5152997970581055,3888916
2025-02-12,6.5152995568592775,6.659895045606994,6.38771568380352,6.634378433227539,4482605
2025-02-13,6.634378433227539,6.744951096170579,6.591850205156126,6.634378433227539,2892979
2025-02-16,6.634378433227539,6.710928675945145,6.6088614152688425,6.634378433227539,7037166
2025-02-17,6.634378509320912,6.693917542608688,6.591850280761719,6.591850280761719,2071585
2025-02-18,6.591850279347101,6.84701883948901,6.58334447140539,6.787479400634766,4541935
2025-02-19,6.787479844404639,6.932074938654247,6.795985247323193,6.812996864318848,2390978
2025-02-20,6.812996567775677,6.9065580237037745,6.787479548972125,6.898052215576172,2072657
2025-02-23,6.898051840566345,6.91506345589672,6.812996197389866,6.872535228729248,1704124
2025-02-24,6.872535497514581,6.8895471135102815,6.770468235015869,6.770468235015869,1109368
2025-02-25,6.770468145868733,6.87253540702352,6.770468145868733,6.804490566253662,2749679
2025-02-26,6.804490791942611,6.838513213455984,6.71943473815918,6.71943473815918,805661
2025-02-27,6.71943473815918,6.812996600110583,6.71943473815918,6.71943473815918,602479
2025-03-02,6.719434590619544,6.804490642535387,6.719434590619544,6.761962413787842,378608
2025-03-03,6.7619624718719935,6.838513122043433,6.744951261342702,6.753457069396973,1138817
2025-03-04,6.753456724686136,6.79598454604903,6.676906078422004,6.702423095703125,2013415
2025-03-05,6.7024233370274455,6.770468178121451,6.574839057186563,6.583344459533691,1890705
2025-03-06,6.583344486068433,6.659895135397355,6.5493220653843,6.600356101989746,6005793
2025-03-09,6.600356101989746,6.659895135397355,6.591850294029089,6.600356101989746,1323974
2025-03-10,6.600356351989412,6.736446039880572,6.600356351989412,6.685412406921387,1958407
2025-03-11,6.685412316645808,6.71943473815918,6.634378684375749,6.71943473815918,722929
2025-03-12,6.719434425248312,6.719434425248312,6.642883777618408,6.642883777618408,881090
2025-03-13,6.6428842672847335,6.7449515345954545,6.6088618448478265,6.651390075683594,2569862
2025-03-16,6.6513898062212204,6.821502317093392,6.6513898062212204,6.753457069396973,2459563
2025-03-17,6.75345723777335,6.821502487166266,6.668401183006283,6.676906585693359,1467947
2025-03-18,6.676906781741308,6.71943501316319,6.608861935929715,6.617367744445801,2874941
2025-03-19,6.617367343991079,6.668400975261437,6.574839115142822,6.574839115142822,2345822
2025-03-20,6.574838725900588,6.634378161647456,6.515299290153721,6.540816307067871,1627420
2025-03-23,6.540816694295917,6.668400975261437,6.506794273449012,6.574839115142822,2560381
2025-03-24,6.574839192022542,6.6173674213680815,6.515299752054637,6.532310962677002,884078
2025-03-25,6.532310962677002,6.574839192022542,6.515299752054637,6.532310962677002,950549
2025-03-26,6.532310917790426,6.557827936338261,6.506794304821841,6.549322128295898,692753
2025-03-27,6.5493220077874525,6.812996374139516,6.557827815673306,6.804490566253662,3197265
2025-04-03,6.804490687694805,6.804490687694805,6.685412214222335,6.744951248168945,976870
2025-04-06,6.744951629564826,6.591850726443074,6.294154323138919,6.413232803344727,2396227
2025-04-07,6.413232295398915,6.472771733575767,6.260131404403179,6.438749313354492,1545157
2025-04-08,6.438749564416411,6.557828039834021,6.464266177787699,6.523805618286133,1958451
2025-04-09,6.523805672009201,6.549322285590615,6.209098067310007,6.3111653327941895,3023429
2025-04-10,6.311165078460748,6.506794198878077,6.4047269375071,6.421738147735596,1114355
2025-04-13,6.421738443005668,6.51529990077471,6.4557608650270035,6.48978328704834,948811
2025-04-14,6.489782678818795,6.540816307067871,6.489782678818795,6.540816307067871,825106
2025-04-15,6.540816738984248,6.600356178662744,6.506794317904895,6.557827949523926,989169
2025-04-16,6.557827981400177,6.583344594544098,6.498288541432272,6.532310962677002,903053
2025-04-17,6.53231105315518,6.549322264013165,6.464266209723239,6.498288631439209,946018
2025-04-22,6.4982881682177815,6.540816395120808,6.464265748927052,6.506793975830078,577672
2025-04-23,6.506794273449012,6.574839115142822,6.489783063025559,6.574839115142822,899798
2025-04-27,6.574838995043408,6.676906255719711,6.549321977084712,6.634378433227539,1480355
2025-04-28,6.634378433227539,6.676906255719711,6.566333187197429,6.634378433227539,1075330
2025-04-29,6.634378433227539,6.651389643340256,6.591850205156126,6.634378433227539,991939
2025-04-30,6.634378509320912,6.634378509320912,6.583344472818182,6.591850280761719,919533
2025-05-04,6.591850236187817,6.676906287151811,6.591850236187817,6.608861446380615,1021861
2025-05-05,6.608861477733566,6.65989510855407,6.557827846913062,6.583344459533691,1183647
2025-05-06,6.583344504303982,6.63437854105079,6.566333293914795,6.566333293914795,1077811
2025-05-07,6.566333429277708,6.608861658917005,6.506794394477799,6.5152997970581055,2178055
2025-05-08,6.515299887773758,6.532311098750481,6.379210199959975,6.4812774658203125,1987974
2025-05-11,6.481277122352163,6.523805350329863,6.413232282051233,6.430243492126465,780150
2025-05-12,6.430243492126465,6.472771720104166,6.404726879803237,6.430243492126465,804418
2025-05-13,6.430243581512076,6.4642660021354805,6.396221160888672,6.396221160888672,1006016
2025-05-14,6.396221205700658,6.464266047424189,6.379209995269775,6.379209995269775,1394587
2025-05-15,6.379210026985665,6.404727045548478,6.345187605954748,6.353693008422852,1142816
2025-05-18,6.353693098699384,6.464266171410568,6.319670677185059,6.319670677185059,1334047
2025-05-19,6.319670780940336,6.370704414049685,6.294154167175293,6.294154167175293,778296
2025-05-20,6.294154121880159,6.379210176450312,6.294154121880159,6.3111653327941895,1025570
2025-05-21,6.3111653327941895,6.345187754622251,6.285648313633514,6.3111653327941895,1275784
2025-05-22,6.311165287620817,6.336681901019592,6.294154076828547,6.328176498413086,898300
2025-05-25,6.32817633276566,6.447254805194528,6.319670524802547,6.404726982116699,1475881
2025-05-26,6.4047269688341455,6.447254791823778,6.387715758522444,6.396221160888672,768602
2025-05-27,6.396221160888672,6.4047269688341455,6.370704142631496,6.396221160888672,680933
2025-05-28,6.396221205700658,6.430243626562423,6.379209995269775,6.379209995269775,949336
2025-05-29,6.379210085374305,6.404727104170674,6.345187664031982,6.345187664031982,966066
2025-06-01,6.345187650911575,6.379210072183547,6.302659421531984,6.336681842803955,596934
2025-06-02,6.336681842803955,6.404727090927153,6.319670632167969,6.336681842803955,917190
2025-06-03,6.336681811035202,6.421738269367958,6.353693021585903,6.362198829650879,912765
2025-06-04,6.362198771633585,6.396221192424734,6.34518756123801,6.370704174041748,796879
2025-06-10,6.370704054073531,6.4557605100289335,6.396221071976,6.430243492126465,1734371
2025-06-11,6.430244014802699,6.489783457695239,6.404727400405377,6.413232803344727,1733392
2025-06-12,6.413232552374433,6.413232552374433,6.311165287620817,6.328176498413086,1427616
2025-06-15,6.328176445665384,6.2176033736476715,5.962435213890552,6.141052722930908,1684670
2025-06-16,6.141052826537723,6.277142919616775,6.115536212921143,6.115536212921143,1061994
2025-06-17,6.115535959147336,6.158063781936631,6.021974100084097,6.030479907989502,878677
2025-06-18,6.030480418275904,6.073008244663813,5.970940974637697,6.004963397979736,848276
2025-06-19,6.004963069576034,6.03898549105743,5.928412418453264,5.962435245513916,1033667
2025-06-22,5.962435155782333,6.013468787236397,5.792322645356201,5.996457576751709,1047359
2025-06-23,5.996457362463258,6.481277046741057,6.038985184365586,6.472771644592285,7001870
2025-06-24,6.472771778421084,6.489782988649581,6.396221129603229,6.421738147735596,1669330
2025-06-25,6.421738611863349,6.455761034779294,6.370704571910158,6.413232803344727,1469392
2025-06-29,6.413232119990957,6.6003558316692,6.430243329636323,6.506793975830078,3508114
2025-06-30,6.506794401093102,6.532311014439217,6.294154063838944,6.319670677185059,5450817
2025-07-01,6.319670391267085,6.362198619025534,6.260131359100342,6.260131359100342,1685796
2025-07-02,6.260131732234672,6.319670767950232,6.268637134945783,6.285648345947266,852752
2025-07-06,6.28564782513702,6.3366814539129726,6.294153632722627,6.302659034729004,1284724
2025-07-07,6.302659373176914,6.566333338801372,6.285648162671441,6.549322128295898,9442763
2025-07-09,6.549322128295898,6.702423428424407,6.481277286274007,6.549322128295898,5083683
2025-07-10,6.549321872570517,6.583344292253021,6.464265823364258,6.464265823364258,1891772
2025-07-13,6.464265970517214,6.506794198878077,6.379209919374733,6.421738147735596,2607197
2025-07-14,6.421738533310775,6.608861857059525,6.396221513646311,6.455760955810547,5986754
2025-07-15,6.4557606862858625,6.651389810281775,6.489783107365217,6.557827949523926,17002266
2025-07-16,6.557828064606614,6.864029859694308,6.574839275444819,6.693917751312256,44218112
2025-07-17,6.69391749734461,6.8044905663874236,6.608861446380615,6.608861446380615,18047070
2025-07-20,6.608861491069547,6.6769063323008595,6.591850280761719,6.591850280761719,12842334
2025-07-21,6.591850402644907,6.6513898426128115,6.515299752054637,6.532310962677002,20391084
2025-07-22,6.532310843382288,6.591850282262869,6.396221160888672,6.396221160888672,33608017
2025-07-23,6.396221160888672,6.396221160888672,6.396221160888672,6.396221160888672,0
2025-07-27,6.379209700700228,6.6003558316692,6.40472671795789,6.506793975830078,14420544
2025-07-28,6.506794198878077,6.642883880706046,6.4047269375071,6.421738147735596,20391971
2025-07-29,6.421738256063937,6.455760677094853,6.328176395439289,6.353693008422852,9663171
2025-07-30,6.353693025964496,6.498288518534725,6.132547288652985,6.166569709777832,16906679
2025-07-31,6.166569444507347,6.311164930857438,6.149558234676703,6.268636703491211,10810829
2025-08-03,6.268636703491211,6.268636703491211,6.268636703491211,6.268636703491211,0
2025-08-04,6.268636703491211,6.268636703491211,6.268636703491211,6.268636703491211,0
2025-08-05,6.268636703491211,6.268636703491211,6.268636703491211,6.268636703491211,0
2025-08-06,6.268636703491211,6.268636703491211,6.268636703491211,6.268636703491211,0
2025-08-07,6.268636703491211,6.268636703491211,6.268636703491211,6.268636703491211,0
2025-08-10,6.27714251119615,6.311164930857438,6.260131301365506,6.268636703491211,4421056
2025-08-11,6.268636837215113,6.302659257602175,6.2176032066345215,6.2176032066345215,10647703
2025-08-12,6.217603742120475,6.260131974056632,6.2090983390808105,6.2090983390808105,5433186
2025-08-13,6.209097952203199,6.251625775910247,6.166569722916899,6.175075531005859,4790572
2025-08-14,6.175075472966962,6.226109104283311,6.149558454519163,6.1835808753967285,3005252
2025-08-17,6.1835808753967285,6.2005920858355115,6.15806385694893,6.1835808753967285,2830524
2025-08-18,6.183580872524999,6.379209995269775,6.200592082955882,6.379209995269775,8767109
2025-08-19,6.37921004020158,6.515299724607186,6.353693021585903,6.362198829650879,10076452
2025-08-20,6.362198919997625,6.396221341582164,6.311165287620817,6.328176498413086,5976452
2025-08-21,6.328176051906595,6.362198471090563,6.294153632722627,6.302659034729004,2832588
2025-08-24,6.302659421531984,6.370704264075927,6.294154019003617,6.336681842803955,2398241
2025-08-25,6.336681946375605,6.353693157289635,6.285648313633514,6.3111653327941895,2425029
2025-08-26,6.311165020366626,6.328176230438534,6.234614372253418,6.234614372253418,2648596
2025-08-27,6.234614770867933,6.3026596155060615,6.243120579237332,6.2771430015563965,2079599
2025-08-28,6.277142956138844,6.353693203013235,6.277142956138844,6.294154167175293,3410705
2025-08-31,6.294153779075406,6.345187409038002,6.24312014911281,6.260131359100342,2186391
2025-09-01,6.260131790396865,6.294154212715929,6.217603559708401,6.2771430015563965,1844989
2025-09-02,6.27714251119615,6.311164930857438,6.251625493660567,6.268636703491211,1615393
2025-09-03,6.268636837215113,6.285648047408644,6.209097804327377,6.2176032066345215,2089598
2025-09-07,6.2176032066345215,6.2601314349079695,6.20059199644099,6.2176032066345215,1516134
2025-09-08,6.217603219957935,6.243120238092533,6.209097817632566,6.226109027862549,1761846
2025-09-09,6.226109014520908,6.2601314349079695,6.2176032066345215,6.2176032066345215,1918538
2025-09-10,6.2176034699773925,6.336681946375605,6.2176034699773925,6.3111653327941895,2134598
2025-09-11,6.311164842314611,6.345187261498579,6.302659034729004,6.302659034729004,1345377
2025-09-14,6.3026594664278965,6.336681887942221,6.3026594664278965,6.319670677185059,1047843
2025-09-15,6.319670767950232,6.336681978951715,6.277142943236155,6.285648345947266,1464675
2025-09-16,6.285648437206398,6.302659648454861,6.20909818937795,6.251626014709473,2412521
2025-09-17,6.251625847058245,6.345187709205356,6.2176034254737065,6.328176498413086,2554650
2025-09-18,6.328176485353268,6.379210117624756,6.311165274596106,6.319670677185059,2019258
2025-09-21,6.319670735461575,6.362198965536281,6.302659524547544,6.3111653327941895,990317
2025-09-22,6.3111653652391215,6.345187787242088,6.277142943236155,6.285648345947266,1307901
2025-09-23,6.28564840434653,6.336682037825127,6.251625982027465,6.2771430015563965,1156973
2025-09-24,6.277142776897375,6.362198829650879,6.277142776897375,6.362198829650879,2243577
2025-09-25,6.362198740265268,6.4897830203926565,6.370704142631496,6.396221160888672,3869462
2025-09-28,6.396221500934286,6.506794576628426,6.438749731764115,6.4472551345825195,3784332
2025-09-29,6.447254760288718,6.5152996012027025,6.4047269375071,6.421738147735596,4792329
2025-09-30,6.421738103243855,6.472771733575767,6.421738103243855,6.438749313354492,5248273
2025-10-01,6.438749357964092,6.472771778421084,6.396221129603229,6.421738147735596,4142639
2025-10-02,6.421738089878469,6.472771720104166,6.404726879803237,6.430243492126465,1763694
2025-10-05,6.430243243071928,6.540816307067871,6.447254452488286,6.540816307067871,3408551
2025-10-06,6.540816725832787,6.617367375897041,6.5238055153273145,6.549322128295898,7276364
2025-10-07,6.549322173299367,6.591850402644907,6.523805560155447,6.532310962677002,2516053
2025-10-08,6.532311098750481,6.540816907028473,6.4812774658203125,6.4812774658203125,3669189
2025-10-12,6.481277122352163,6.498288332427395,6.413232282051233,6.430243492126465,6998296
2025-10-13,7.191219292111769,6.582438945332026,6.439755931074186,6.563414573669434,8265182
2025-10-14,6.563414573229921,6.610975275594817,6.5443902015686035,6.5443902015686035,2724602
2025-10-15,6.54439020112781,6.55390216016943,6.5063414578077365,6.525365829467773,1617553
2025-10-16,6.5253658290256915,6.553902159725414,6.496829044749171,6.506341457366943,2146723
2025-10-19,6.506341447386193,6.5824389339044505,6.515853406412576,6.5729265213012695,2165313
2025-10-20,6.57292653271233,6.620487688657209,6.563414573669434,6.563414573669434,2610415
2025-10-21,6.563414573229921,6.572926532272181,6.534877788949545,6.5443902015686035,2052207
2025-10-22,6.544390189225333,6.582438932476205,6.515853404998779,6.515853404998779,2998561
2025-10-23,6.515853417724554,6.582438945332026,6.506341458681657,6.563414573669434,3096126
2025-10-26,6.563414575402295,6.696585177075598,6.572926534447703,6.639512062072754,6345091
2025-10-27,6.639512061201329,6.687073217152523,6.572926533585018,6.601463317871094,2523855
2025-10-28,6.601463319594081,6.744146333908105,6.629999650310807,6.677560806274414,9422608
2025-10-29,6.677560817705504,6.72512197375053,6.649024033363128,6.668048858642578,2038286
2025-10-30,6.66804884679641,6.696585177511289,6.649024021550758,6.658536434173584,1667233
2025-11-02,6.65853642137202,6.6965851646365735,6.553902150606099,6.61097526550293,2421658
2025-11-03,6.610975276915253,6.6490240202454896,6.5539021619199,6.601463317871094,1515239
2025-11-04,6.601463306005961,6.668048833502596,6.572926521771175,6.5919508934021,2655788
2025-11-05,6.591950891980071,6.639512047835521,6.5158534054727895,6.534877777099609,2443377
2025-11-06,6.534877789387146,6.591950904374922,6.525365830344249,6.563414573669434,1476356
2025-11-09,6.563414573229921,6.620487688213876,6.5443902015686035,6.5443902015686035,1707031
2025-11-10,6.5443902015686035,6.58243894489124,6.515853417288227,6.5443902015686035,1070382
2025-11-11,6.5443902015686035,6.572926532272181,6.525365829907285,6.5443902015686035,1708076
2025-11-12,6.544390189701419,6.572926520353251,6.525365818074598,6.534877777099609,2086959
2025-11-13,6.534877777099609,6.55390214872643,6.525365818074598,6.534877777099609,1227768
2025-11-16,6.534877777099609,6.563414561328239,6.525365818074598,6.534877777099609,1124031
2025-11-17,6.534877788509393,6.5729265318294665,6.525365829467773,6.525365829467773,1796775
2025-11-18,6.525365817599896,6.610975263125962,6.515853404998779,6.515853404998779,2705146
2025-11-19,6.515853416849356,6.55390216016943,6.515853416849356,6.525365829467773,1213301
2025-11-20,6.525365817599896,6.544390189225333,6.50634144597446,6.515853404998779,2320376
2025-11-23,6.515853416407919,6.553902159725414,6.506341457366943,6.506341457366943,1395195
2025-11-24,6.506341445019484,6.544390188264773,6.468292701774196,6.477804660797119,2088371
2025-11-25,6.477804660317525,6.515853403559996,6.458780288696289,6.458780288696289,1832358
2025-11-26,6.458780288215278,6.487317072433405,6.439755916595459,6.439755916595459,1363213
2025-11-27,6.439755916595459,6.468292700813586,6.430243957573948,6.439755916595459,1338868
2025-11-30,6.439755928001982,6.487317083924171,6.420731556348466,6.430243968963623,1718563
2025-12-01,6.430243968963623,6.458780299655498,6.420731556348466,6.430243968963623,1616431
2025-12-02,6.430243944664854,6.458780275248896,6.392194747924805,6.392194747924805,1895633
2025-12-03,6.392194746880179,6.411219118458696,6.335121632144626,6.3541460037231445,1763798
2025-12-04,6.354146015596706,6.401707171420272,6.33512164398264,6.363658428192139,1367245
2025-12-07,6.3636584427042795,6.487317085266113,6.3731704017446065,6.487317085266113,1562066
2025-12-08,6.487317074820957,6.706097575317791,6.5158534054727895,6.534877777099609,6201736
2025-12-09,6.534877789387146,6.6395120603198015,6.534877789387146,6.563414573669434,1561286
2025-12-10,6.5634145882690165,6.706097602844238,6.5634145882690165,6.706097602844238,6720462
2025-12-11,6.706097578186262,6.772682652120216,6.63951205067551,6.64902400970459,2612840
2025-12-14,6.64902402198089,6.753658292954747,6.658536434604331,6.677560806274414,2602674
2025-12-15,6.677560805842436,6.725121961802967,6.639512062504731,6.658536434173584,1395428
2025-12-16,6.658536432866447,6.734633919526919,6.601463317871094,6.601463317871094,2954017
2025-12-17,6.60146331610792,6.649024018469613,6.5063414578077365,6.525365829467773,4673073
2025-12-18,6.525365819946083,6.7251219488733875,6.534877778973822,6.61097526550293,7756056
2025-12-21,6.610975276915253,6.6775608045315655,6.591950905250135,6.601463317871094,1710903
2025-12-22,6.601463306005961,6.68707320513352,6.5919508934021,6.5919508934021,4582851
2025-12-23,6.591950905250135,6.6775608045315655,6.601463317871094,6.601463317871094,5645124
2025-12-24,6.601463316994617,6.658536431982394,6.525365830344249,6.563414573669434,9356256
2025-12-25,6.563414563210636,6.668048833976558,6.54439019157836,6.61097526550293,4972653
2025-12-28,6.61097526550293,6.668048833976558,6.591950893870653,6.61097526550293,4618271
2025-12-29,6.61097527735034,6.658536433304664,6.61097527735034,6.620487689971924,3026073
2025-12-30,6.620487689097981,6.658536432425699,6.582438945770264,6.582438945770264,2860855
2025-12-31,6.582438934375037,6.620487677636885,6.5919508934021,6.5919508934021,1546103
2026-01-04,6.591950893870653,6.639512049739744,6.591950893870653,6.61097526550293,2533544
2026-01-05,6.610975280743034,6.924878093764428,6.6680488493482315,6.7726826667785645,17878955
2026-01-06,6.772682678994318,6.8582925784797295,6.753658307283871,6.801219463348389,4200887
2026-01-08,6.80121946256323,6.848780165045457,6.744146347438478,6.7631707191467285,4440884
2026-01-11,6.763170718753042,6.8107314212325,6.734633934403926,6.744146347045898,5632535
2026-01-12,6.744146346651098,6.791707049127772,6.668048859826979,6.725121974945068,2791022
2026-01-13,6.725121947914583,6.725121947914583,6.553902149671705,6.5729265213012695,4175629
2026-01-14,6.572926531384162,6.610975274701658,6.468292714049448,6.506341457366943,3963167
2026-01-15,6.506341456477578,6.553902158829548,6.468292713165283,6.468292713165283,1744811
2026-01-18,6.468292714049448,6.629999646360406,6.487317085708196,6.506341457366943,1068916
2026-01-19,6.506341447386193,6.610975264560398,6.515853406412576,6.5729265213012695,1926584
2026-01-20,6.572926522238376,6.629999637135207,6.54439019157836,6.61097526550293,1957651
2026-01-21,6.61097526550293,6.629999637135207,6.54439019157836,6.61097526550293,1599655
2026-01-22,6.610975279909236,6.810731409271839,6.6299996515829696,6.734633922576904,6773369
2026-01-25,6.734633925096773,7.019999953886352,6.7726826684584776,6.848780155181885,13290462
2026-01-26,6.848780166228123,6.915365694006899,6.8012194637376835,6.820243835449219,3149065
2026-01-27,6.820243822757297,6.83926819443343,6.725121964376632,6.7726826667785645,2465888
2026-01-28,6.772682677421742,6.88682890765792,6.715609562303653,6.725121974945068,4140893
2026-02-01,6.725121961802967,6.829755779193257,6.620487690835878,6.658536434173584,2696760
2026-02-02,6.65853643503263,6.706097590999297,6.62999965073727,6.696585178375244,2993540
2026-02-03,6.696585178375244,6.801219449355832,6.68707321932799,6.696585178375244,4646287
2026-02-04,6.696585179652924,6.801219450653476,6.71560955132786,6.753658294677734,5087474
2026-02-05,6.753658292954747,6.801219448918355,6.677560806274414,6.677560806274414,3580801
2026-02-08,6.6775608208243,6.848780166228123,6.706097605180004,6.820243835449219,5345551
2026-02-09,6.820243836223488,6.94390247915091,6.801219464509792,6.858292579650879,8055736
2026-02-10,6.858292579262668,6.896341322687905,6.829755794905339,6.839268207550049,3272068
2026-02-11,6.839268205979732,6.867804536753708,6.744146347438478,6.7631707191467285,6211871
2026-02-12,6.763170707303602,6.829755781377481,6.734633923002797,6.753658294677734,3507161
2026-02-15,6.753658306504203,6.867804536753708,6.734633934795953,6.7631707191467285,14261343
2026-02-16,6.763170710231324,7.010487542112564,6.791707040967683,6.886828899383545,29967877
2026-02-17,6.886828914215551,7.1436586128567034,6.858292583417734,7.04853630065918,20883034
2026-02-18,7.048536301408506,7.172194944416992,7.0295119296823385,7.08658504486084,15552758
2026-02-19,7.086585028414291,7.143658597037136,6.8487801556007,6.867804527282715,8316045
2026-02-22,6.8678045375465535,6.924878106254694,6.753658307283871,6.801219463348389,7386993
2026-02-23,6.801219465273381,6.896341323852539,6.801219465273381,6.896341323852539,3955966
2026-02-24,6.896341325375726,7.105609414296094,6.877316953655693,6.972438812255859,11538214
2026-02-25,6.972438808341078,7.115121822949617,6.696585191767075,6.782195091247559,62176889
2026-02-26,6.782195090854979,6.8868289084619585,6.753658306504203,6.7631707191467285,7941745
2026-03-01,6.763170717558541,6.734633933214466,6.458780316721209,6.687073230743408,7420677
2026-03-02,6.68707321932799,6.763170706013218,6.649024022408577,6.696585178375244,4318982
2026-03-03,6.69658519661526,7.105609415450851,6.610975297072796,7.02951192855835,21552959
2026-03-04,7.029511953981021,7.4670729587721665,7.134146225625026,7.162683010101318,33229029
2026-03-05,7.162683011323938,7.324389944794527,7.115121855047598,7.238780498504639,12537659
2026-03-08,7.2387805746222185,8.41829299905636,7.685853543298323,8.380244255065918,60034686
2026-03-09,8.38024427957548,9.3695125333739,8.60853674418582,8.855854034423828,84259785
2026-03-10,8.85585395660886,8.494390437241803,7.942683199037773,8.15195083618164,33435271
2026-03-11,8.151950412911415,8.560975067538505,8.170975237384098,8.446828842163086,32050162
2026-03-12,8.446828856241705,8.941462500359613,8.675121307373047,8.675121307373047,42297837
2026-03-15,8.675121344817757,9.046097259872615,8.713170086837213,8.922438621520996,34063498
2026-03-16,8.922438587793472,9.16975586356183,8.68463372428241,8.751218795776367,33308985
2026-03-17,8.751218783887756,8.84634109202438,8.475365178875816,8.560975074768066,16605421
2026-03-18,8.560975562015361,8.59902430600484,8.209024453324274,8.342195510864258,18773626
2026-03-19,8.342195510864258,8.342195510864258,8.342195510864258,8.342195510864258,0
2026-03-24,8.342195487444405,8.45634171909239,8.228048348642812,8.32317066192627,24910660
2026-03-25,8.323170187388124,8.418292495248268,8.123414066604665,8.180487632751465,16735821
2026-03-26,8.180487602923463,8.228047849526561,8.047316553835545,8.085365295410156,12270991
2026-03-29,8.085365762230571,8.332683050321549,8.123414506001982,8.228048324584961,28322668
2026-03-30,8.228048332782137,8.29463431481365,7.866585720170428,7.895122051239014,18056079
2026-03-31,7.8951220277258285,7.990243433389027,7.799999714909023,7.876097202301025,11951880
2026-04-01,7.876097226532872,8.009268283455397,7.88560963927454,7.971219539642334,10598323
2026-04-02,7.971219529217639,8.218536817255913,8.018780685710169,8.07585334777832,15032851
2026-04-05,8.0758528960463,8.31365775805346,8.06634048384916,8.275609016418457,8165379
2026-04-06,8.275609480214076,8.323170636711723,8.142439330604997,8.15195083618164,5571326
2026-04-07,8.151950396101286,8.256585116178156,8.142438891038118,8.180487632751465,9302167
2026-04-08,8.180488071218862,8.08536575826024,7.685853495279798,7.8856096267700195,21166013
2026-04-09,7.885609602661778,7.980731915329588,7.790487289993968,7.828536033630371,11608151
2026-04-14,7.828536057116281,7.923658370069462,7.7999997260917695,7.847560882568359,8744320
2026-04-15,7.847560895077073,7.942683208181875,7.809512151265874,7.933170795440674,7972063
2026-04-16,7.933170782795501,7.980731939272091,7.7999997260917695,7.847560882568359,12578051
2026-04-19,7.847560870299941,7.847560870299941,7.75243855749547,7.799999713897705,9288763
2026-04-20,8.199999809265137,7.980000019073486,7.860000133514404,7.880000114440918,8270336
2026-04-21,7.880000114440918,7.900000095367432,7.679999828338623,7.71999979019165,12410592
2026-04-22,7.71999979019165,7.949999809265137,7.739999771118164,7.829999923706055,10281966
2026-04-23,7.829999923706055,8.109999656677246,7.900000095367432,8.039999961853027,12027334
2026-04-26,8.039999961853027,8.25,8.09000015258789,8.170000076293945,12349402
2026-04-27,8.170000076293945,8.390000343322754,8.199999809265137,8.350000381469727,22576455
2026-04-28,8.350000381469727,8.510000228881836,8.359999656677246,8.399999618530273,19064014
2026-04-29,8.399999618530273,8.4399995803833,8.279999732971191,8.3100004196167,9406856
2026-04-30,8.3100004196167,8.819999694824219,8.470000267028809,8.600000381469727,27797165
2026-05-03,8.600000381469727,8.670000076293945,8.510000228881836,8.5600004196167,7446430
2026-05-04,8.5600004196167,8.699999809265137,8.460000038146973,8.640000343322754,15001587
2026-05-05,8.640000343322754,8.770000457763672,8.569999694824219,8.600000381469727,9463317
2026-05-06,8.600000381469727,8.649999618530273,8.239999771118164,8.260000228881836,17328893
2026-05-10,8.260000228881836,8.399999618530273,8.289999961853027,8.399999618530273,5806174
2026-05-11,8.399999618530273,8.649999618530273,8.479999542236328,8.5600004196167,10713912
2026-05-12,8.5600004196167,8.619999885559082,8.489999771118164,8.59000015258789,9630033
2026-05-13,8.59000015258789,8.649999618530273,8.5,8.529999732971191,8500343
2026-05-14,8.529999732971191,8.609999656677246,8.449999809265137,8.5,15520540
2026-05-17,8.5,8.9399995803833,8.529999732971191,8.850000381469727,25290886
2026-05-18,8.850000381469727,9.149999618530273,8.859999656677246,8.869999885559082,23863608
2026-05-19,8.869999885559082,8.869999885559082,8.680000305175781,8.699999809265137,7883658
2026-05-20,8.699999809265137,8.75,8.319999694824219,8.399999618530273,6116299
2026-05-21,8.399999618530273,8.449999809265137,8.300000190734863,8.40999984741211,5261531
2026-05-24,8.40999984741211,8.390000343322754,8.149999618530273,8.25,5418302
2026-05-25,8.25,8.289999961853027,8.119999885559082,8.260000228881836,4546917
2026-05-26,8.260000228881836,8.260000228881836,8.260000228881836,8.260000228881836,0
2026-05-27,8.260000228881836,8.260000228881836,8.260000228881836,8.260000228881836,0
2026-05-28,8.260000228881836,8.260000228881836,8.260000228881836,8.260000228881836,0
2026-06-01,8.260000228881836,8.59000015258789,8.25,8.460000038146973,8157350
2026-06-02,8.460000038146973,8.520000457763672,8.390000343322754,8.40999984741211,5215389
2026-06-03,8.40999984741211,8.529999732971191,8.25,8.390000343322754,6130798
2026-06-04,8.390000343322754,8.4399995803833,8.300000190734863,8.319999694824219,4636428
2026-06-07,8.319999694824219,8.350000381469727,8.140000343322754,8.1899995803833,6627868
2026-06-08,8.1899995803833,8.489999771118164,8.289999961853027,8.3100004196167,10737985
2026-06-09,8.3100004196167,8.359999656677246,8.100000381469727,8.260000228881836,3363644
2026-06-10,8.260000228881836,8.390000343322754,8.09000015258789,8.140000343322754,5681391
2026-06-11,8.140000343322754,8.1899995803833,7.920000076293945,7.949999809265137,9105850
2026-06-14,7.949999809265137,8.0600004196167,7.840000152587891,7.900000095367432,7257323
2026-06-15,7.900000095367432,7.949999809265137,7.710000038146973,7.809999942779541,9731983
2026-06-16,7.809999942779541,7.96999979019165,7.809999942779541,7.849999904632568,4042362
