Date,Open,High,Low,Close,Volume
2021-01-11,2.5399999618530273,2.5899999141693115,2.5,2.5399999618530273,3230771
2021-01-12,2.5399999618530273,2.6700000762939453,2.5,2.609999895095825,8572843
2021-01-13,2.609999895095825,2.7799999713897705,2.6600000858306885,2.7200000286102295,7152895
2021-01-14,2.7200000286102295,2.740000009536743,2.6500000953674316,2.690000057220459,4505001
2021-01-17,2.690000057220459,2.7100000381469727,2.6500000953674316,2.6600000858306885,2772888
2021-01-18,2.6600000858306885,2.680000066757202,2.5799999237060547,2.619999885559082,3439345
2021-01-19,2.619999885559082,2.6500000953674316,2.559999942779541,2.619999885559082,1779904
2021-01-20,2.619999885559082,2.9100000858306885,2.6500000953674316,2.799999952316284,22469155
2021-01-21,2.799999952316284,2.799999952316284,2.799999952316284,2.799999952316284,0
2021-01-24,2.799999952316284,2.799999952316284,2.799999952316284,2.799999952316284,0
2021-01-25,2.799999952316284,2.799999952316284,2.799999952316284,2.799999952316284,0
2021-01-26,2.799999952316284,2.799999952316284,2.799999952316284,2.799999952316284,0
2021-01-27,2.799999952316284,2.799999952316284,2.799999952316284,2.799999952316284,0
2021-01-31,2.799999952316284,2.799999952316284,2.799999952316284,2.799999952316284,0
2021-02-01,2.799999952316284,2.799999952316284,2.799999952316284,2.799999952316284,0
2021-02-02,2.799999952316284,2.799999952316284,2.799999952316284,2.799999952316284,0
2021-02-03,2.799999952316284,2.799999952316284,2.799999952316284,2.799999952316284,0
2021-02-04,2.799999952316284,2.799999952316284,2.799999952316284,2.799999952316284,0
2021-02-07,2.799999952316284,2.799999952316284,2.799999952316284,2.799999952316284,0
2021-02-08,2.799999952316284,2.799999952316284,2.799999952316284,2.799999952316284,0
2021-02-09,2.799999952316284,2.799999952316284,2.799999952316284,2.799999952316284,0
2021-02-10,3.0,3.119999885559082,3.0,3.049999952316284,7402566
2021-02-11,3.049999952316284,3.0799999237060547,2.940000057220459,3.0,6629957
2021-02-14,3.0,3.0299999713897705,2.859999895095825,2.950000047683716,5653527
2021-02-15,2.950000047683716,2.940000057220459,2.799999952316284,2.880000114440918,3832058
2021-02-16,2.880000114440918,2.9600000381469727,2.880000114440918,2.930000066757202,2499824
2021-02-17,2.930000066757202,2.9700000286102295,2.75,2.8299999237060547,2683147
2021-02-18,2.8299999237060547,2.8299999237060547,2.700000047683716,2.75,2640460
2021-02-21,2.75,2.8499999046325684,2.7100000381469727,2.7899999618530273,2176430
2021-02-22,2.7899999618530273,2.8499999046325684,2.7200000286102295,2.7799999713897705,3748243
2021-02-23,2.7799999713897705,2.7899999618530273,2.5799999237060547,2.6600000858306885,4864345
2021-02-24,2.6600000858306885,2.6500000953674316,2.559999942779541,2.609999895095825,2169201
2021-02-25,2.609999895095825,2.7200000286102295,2.640000104904175,2.680000066757202,2513765
2021-02-28,2.680000066757202,2.740000009536743,2.4200000762939453,2.630000114440918,4125662
2021-03-01,2.630000114440918,2.609999895095825,2.5299999713897705,2.5799999237060547,1963240
2021-03-02,2.5799999237060547,2.6700000762939453,2.4700000286102295,2.569999933242798,2542183
2021-03-03,2.569999933242798,2.5999999046325684,2.3499999046325684,2.4600000381469727,2626657
2021-03-04,2.4600000381469727,2.4600000381469727,2.4600000381469727,2.4600000381469727,0
2021-03-07,2.4200000762939453,2.5199999809265137,2.450000047683716,2.4800000190734863,1796755
2021-03-08,2.4800000190734863,2.549999952316284,2.4100000858306885,2.4700000286102295,2564403
2021-03-09,2.4700000286102295,2.4800000190734863,2.369999885559082,2.4100000858306885,1579162
2021-03-10,2.4100000858306885,2.5,2.299999952316284,2.4100000858306885,3971875
2021-03-11,2.4100000858306885,2.509999990463257,2.4200000762939453,2.4600000381469727,2056652
2021-03-14,2.4600000381469727,2.4800000190734863,2.380000114440918,2.4200000762939453,1237066
2021-03-15,2.4200000762939453,2.450000047683716,2.190000057220459,2.309999942779541,1337325
2021-03-16,2.309999942779541,2.319999933242798,2.190000057220459,2.259999990463257,1802096
2021-03-17,2.259999990463257,2.3299999237060547,2.2200000286102295,2.2699999809265137,1064180
2021-03-18,2.2699999809265137,2.2799999713897705,2.200000047683716,2.2200000286102295,2417758
2021-03-21,2.2200000286102295,2.2799999713897705,2.049999952316284,2.1700000762939453,1798491
2021-03-22,2.1700000762939453,2.0999999046325684,1.9600000381469727,2.0,2577960
2021-03-23,2.0,1.9800000190734863,1.7999999523162842,1.8600000143051147,2713839
2021-03-24,1.8600000143051147,2.0399999618530273,1.899999976158142,1.9600000381469727,1647501
2021-03-25,1.9600000381469727,1.9900000095367432,1.7999999523162842,1.9199999570846558,872723
2021-03-28,1.9199999570846558,2.009999990463257,1.9600000381469727,1.9900000095367432,659688
2021-03-29,1.9900000095367432,2.0399999618530273,1.9500000476837158,2.010999917984009,1346341
2021-03-30,2.010999917984009,2.138000011444092,2.0439999103546143,2.0869998931884766,2047270
2021-03-31,2.0869998931884766,2.069000005722046,2.0,2.0309998989105225,1499370
2021-04-01,2.0309998989105225,2.0899999141693115,2.049999952316284,2.065000057220459,771471
2021-04-04,2.065000057220459,2.0899999141693115,1.9199999570846558,1.9900000095367432,1359017
2021-04-05,1.9900000095367432,1.9500000476837158,1.7999999523162842,1.8600000143051147,1333089
2021-04-06,1.8600000143051147,1.909999966621399,1.75,1.840000033378601,1832493
2021-04-07,1.840000033378601,1.8799999952316284,1.7999999523162842,1.840000033378601,441066
2021-04-08,1.840000033378601,1.9299999475479126,1.850000023841858,1.899999976158142,681394
2021-04-11,1.899999976158142,1.9900000095367432,1.9199999570846558,1.9609999656677246,773556
2021-04-12,1.9609999656677246,2.1570000648498535,1.9900000095367432,2.132999897003174,4872451
2021-04-13,2.132999897003174,2.2200000286102295,2.049999952316284,2.134000062942505,3557481
2021-04-14,2.134000062942505,2.0850000381469727,1.9210000038146973,1.940999984741211,1680334
2021-04-15,1.940999984741211,1.9589999914169312,1.8300000429153442,1.8969999551773071,656165
2021-04-18,1.8969999551773071,1.9500000476837158,1.899999976158142,1.9259999990463257,451685
2021-04-19,1.9259999990463257,2.069000005722046,1.9620000123977661,2.010999917984009,1189220
2021-04-20,2.010999917984009,2.109999895095825,2.069999933242798,2.0869998931884766,1336973
2021-04-21,2.0869998931884766,2.1689999103546143,2.065000057220459,2.1070001125335693,1234155
2021-04-22,2.1070001125335693,2.1040000915527344,2.0329999923706055,2.0759999752044678,884671
2021-04-25,2.0759999752044678,2.200000047683716,2.0999999046325684,2.1500000953674316,1481752
2021-04-26,2.1500000953674316,2.259999990463257,2.180000066757202,2.2100000381469727,3177135
2021-04-27,2.2100000381469727,2.2799999713897705,2.190000057220459,2.240000009536743,1987431
2021-04-28,2.240000009536743,2.25,2.1500000953674316,2.180000066757202,1052013
2021-05-04,2.180000066757202,2.2699999809265137,2.1600000858306885,2.240000009536743,1558614
2021-05-05,2.240000009536743,2.3399999141693115,2.259999990463257,2.309999942779541,3052300
2021-05-06,2.309999942779541,2.319999933242798,2.2699999809265137,2.2899999618530273,1343524
2021-05-09,2.2899999618530273,2.299999952316284,2.2200000286102295,2.25,297713
2021-05-10,2.25,2.2699999809265137,2.2300000190734863,2.240000009536743,369965
2021-05-11,2.240000009536743,2.2899999618530273,2.190000057220459,2.2300000190734863,839292
2021-05-17,2.2300000190734863,2.309999942779541,2.200000047683716,2.2699999809265137,1474937
2021-05-18,2.2699999809265137,2.369999885559082,2.2699999809265137,2.319999933242798,2510055
2021-05-19,2.319999933242798,2.390000104904175,2.2799999713897705,2.3299999237060547,2672535
2021-05-20,2.3299999237060547,2.3299999237060547,2.240000009536743,2.2699999809265137,2619925
2021-05-23,2.2699999809265137,2.299999952316284,2.240000009536743,2.259999990463257,673936
2021-05-24,2.259999990463257,2.2899999618530273,2.0899999141693115,2.1600000858306885,3507464
2021-05-25,2.1600000858306885,2.369999885559082,2.119999885559082,2.309999942779541,9620327
2021-05-26,2.309999942779541,2.7899999618530273,2.5399999618530273,2.7300000190734863,17434913
2021-05-27,2.7300000190734863,3.130000114440918,2.690000057220459,3.0199999809265137,23432600
2021-05-30,3.0199999809265137,3.609999895095825,3.2799999713897705,3.5399999618530273,20665554
2021-05-31,3.5399999618530273,4.269999980926514,3.509999990463257,3.700000047683716,80185307
2021-06-01,3.700000047683716,3.9000000953674316,3.5399999618530273,3.859999895095825,54037019
2021-06-02,3.859999895095825,4.199999809265137,3.5999999046325684,3.8299999237060547,38586905
2021-06-03,3.8299999237060547,3.6500000953674316,3.450000047683716,3.5399999618530273,15016604
2021-06-06,3.5399999618530273,3.890000104904175,3.2100000381469727,3.690000057220459,33318649
2021-06-07,3.690000057220459,4.150000095367432,3.7300000190734863,4.0,61125717
2021-06-08,4.0,4.269999980926514,3.809999942779541,4.099999904632568,40860946
2021-06-09,4.099999904632568,4.349999904632568,4.090000152587891,4.230000019073486,29465713
2021-06-10,4.230000019073486,4.389999866485596,4.130000114440918,4.300000190734863,43230138
2021-06-13,4.300000190734863,4.5,3.9600000381469727,4.199999809265137,51439237
2021-06-14,4.199999809265137,3.799999952316284,3.7799999713897705,3.7799999713897705,21140601
2021-06-15,3.7799999713897705,3.6500000953674316,3.4100000858306885,3.4700000286102295,23315528
2021-06-16,3.4700000286102295,3.190000057220459,3.130000114440918,3.140000104904175,8208129
2021-06-17,3.140000104904175,3.0,2.7200000286102295,2.880000114440918,45618857
2021-06-20,2.880000114440918,2.950000047683716,2.5999999046325684,2.680000066757202,59616600
2021-06-21,2.680000066757202,2.7799999713897705,2.5299999713897705,2.700000047683716,32830550
2021-06-22,2.700000047683716,2.7799999713897705,2.430000066757202,2.559999942779541,33063333
2021-06-23,2.559999942779541,2.490000009536743,2.390000104904175,2.440000057220459,10615053
2021-06-24,2.440000057220459,2.4800000190734863,2.390000104904175,2.4200000762939453,13996880
2021-06-27,2.4200000762939453,2.430000066757202,2.319999933242798,2.359999895095825,11010208
2021-06-28,2.359999895095825,2.3499999046325684,2.2200000286102295,2.2899999618530273,43985793
2021-06-29,2.2899999618530273,2.2699999809265137,2.140000104904175,2.200000047683716,15707824
2021-06-30,2.200000047683716,2.299999952316284,2.140000104904175,2.240000009536743,16427613
2021-07-04,2.240000009536743,2.2699999809265137,2.200000047683716,2.240000009536743,6232603
2021-07-05,2.240000009536743,2.240000009536743,2.069999933242798,2.1500000953674316,13214547
2021-07-06,2.1500000953674316,2.069999933242798,1.9700000286102295,2.0199999809265137,10303544
2021-07-07,2.0199999809265137,2.1700000762939453,2.0199999809265137,2.119999885559082,18391291
2021-07-08,2.119999885559082,2.180000066757202,2.059999942779541,2.119999885559082,10045513
2021-07-11,2.119999885559082,2.109999895095825,2.0,2.059999942779541,6526380
2021-07-12,2.059999942779541,2.109999895095825,2.0199999809265137,2.069999933242798,8876189
2021-07-13,2.069999933242798,2.140000104904175,2.0799999237060547,2.119999885559082,6908892
2021-07-14,2.119999885559082,2.190000057220459,2.109999895095825,2.1500000953674316,8325833
2021-07-15,2.1500000953674316,2.140000104904175,2.0799999237060547,2.0999999046325684,5454199
2021-07-18,2.0999999046325684,2.140000104904175,2.059999942779541,2.0899999141693115,9259125
2021-07-25,2.0899999141693115,2.1500000953674316,2.0999999046325684,2.130000114440918,4834470
2021-07-26,2.130000114440918,2.1600000858306885,2.0899999141693115,2.119999885559082,9289099
2021-07-27,2.119999885559082,2.2200000286102295,2.130000114440918,2.180000066757202,15204890
2021-07-28,2.180000066757202,2.190000057220459,2.140000104904175,2.1600000858306885,7960641
2021-07-29,2.1600000858306885,2.190000057220459,2.130000114440918,2.1500000953674316,7022477
2021-08-01,2.1500000953674316,2.180000066757202,2.130000114440918,2.1600000858306885,6983703
2021-08-02,2.1600000858306885,2.1700000762939453,2.049999952316284,2.119999885559082,7369554
2021-08-03,2.119999885559082,2.119999885559082,2.0399999618530273,2.0799999237060547,6070297
2021-08-04,2.0799999237060547,2.1600000858306885,2.0399999618530273,2.119999885559082,6916352
2021-08-05,2.119999885559082,2.1600000858306885,2.119999885559082,2.140000104904175,5971256
2021-08-08,2.140000104904175,2.140000104904175,2.140000104904175,2.140000104904175,0
2021-08-09,2.140000104904175,2.140000104904175,2.140000104904175,2.140000104904175,0
2021-08-10,2.390000104904175,2.3499999046325684,2.2200000286102295,2.2699999809265137,8443706
2021-08-11,2.2699999809265137,2.2899999618530273,2.2200000286102295,2.240000009536743,7897399
2021-08-15,2.240000009536743,2.3299999237060547,2.2300000190734863,2.2699999809265137,7196088
2021-08-16,2.2699999809265137,2.299999952316284,2.2200000286102295,2.25,4471628
2021-08-17,2.25,2.2899999618530273,2.2200000286102295,2.25,6479205
2021-08-18,2.25,2.2699999809265137,2.200000047683716,2.2300000190734863,5746719
2021-08-19,2.2300000190734863,2.2300000190734863,2.140000104904175,2.1700000762939453,8322078
2021-08-22,2.1700000762939453,2.240000009536743,2.119999885559082,2.180000066757202,6895436
2021-08-23,2.180000066757202,2.2699999809265137,2.190000057220459,2.2300000190734863,7477409
2021-08-24,2.2300000190734863,2.4000000953674316,2.2799999713897705,2.3499999046325684,31592886
2021-08-25,2.3499999046325684,2.4100000858306885,2.299999952316284,2.3499999046325684,21162991
2021-08-26,2.3499999046325684,2.3499999046325684,2.2100000381469727,2.2799999713897705,16204495
2021-08-29,2.2799999713897705,2.240000009536743,2.190000057220459,2.2100000381469727,4776420
2021-08-30,2.2100000381469727,2.259999990463257,2.140000104904175,2.190000057220459,7305177
2021-08-31,2.190000057220459,2.200000047683716,2.1500000953674316,2.180000066757202,4963209
2021-09-01,2.180000066757202,2.2200000286102295,2.1700000762939453,2.190000057220459,3263023
2021-09-02,2.190000057220459,2.2699999809265137,2.190000057220459,2.2300000190734863,6787139
2021-09-05,2.2300000190734863,2.259999990463257,2.1600000858306885,2.1600000858306885,4996737
2021-09-06,2.1600000858306885,2.1700000762939453,2.0299999713897705,2.069999933242798,6771767
2021-09-07,2.069999933242798,2.109999895095825,2.0299999713897705,2.0899999141693115,3094542
2021-09-08,2.0899999141693115,2.140000104904175,2.069999933242798,2.0799999237060547,4134322
2021-09-09,2.0799999237060547,2.109999895095825,2.049999952316284,2.059999942779541,3088008
2021-09-12,2.059999942779541,2.0899999141693115,2.049999952316284,2.059999942779541,2596516
2021-09-13,2.059999942779541,2.0999999046325684,2.049999952316284,2.0799999237060547,2303533
2021-09-14,2.0799999237060547,2.190000057220459,2.0999999046325684,2.1600000858306885,6572574
2021-09-15,2.1600000858306885,2.180000066757202,2.069999933242798,2.0799999237060547,4681905
2021-09-16,2.0799999237060547,2.0999999046325684,2.069999933242798,2.0899999141693115,2091290
2021-09-19,2.0899999141693115,2.0899999141693115,2.0199999809265137,2.0299999713897705,3732617
2021-09-20,2.0299999713897705,2.0299999713897705,1.9299999475479126,1.9500000476837158,4119981
2021-09-21,1.9500000476837158,1.9500000476837158,1.9500000476837158,1.9500000476837158,0
2021-09-22,1.840000033378601,1.9299999475479126,1.850000023841858,1.909999966621399,2343628
2021-09-23,1.909999966621399,1.9500000476837158,1.8899999856948853,1.9299999475479126,2378624
2021-09-26,1.9299999475479126,1.9839999675750732,1.9229999780654907,1.937999963760376,2172307
2021-09-27,1.937999963760376,1.9539999961853027,1.8600000143051147,1.871999979019165,2328473
2021-09-28,1.871999979019165,1.871999979019165,1.871999979019165,1.871999979019165,0
2021-09-29,1.871999979019165,1.871999979019165,1.871999979019165,1.871999979019165,0
2021-09-30,1.8250000476837158,1.8910000324249268,1.8259999752044678,1.8639999628067017,4614548
2021-10-03,1.8639999628067017,1.8890000581741333,1.8229999542236328,1.8289999961853027,1666507
2021-10-04,1.8289999961853027,1.8289999961853027,1.8289999961853027,1.8289999961853027,0
2021-10-05,1.8320000171661377,1.8539999723434448,1.8009999990463257,1.8109999895095825,2035525
2021-10-06,1.8109999895095825,1.8339999914169312,1.7999999523162842,1.812999963760376,2561645
2021-10-10,1.812999963760376,1.840000033378601,1.8009999990463257,1.809999942779541,1022075
2021-10-11,1.809999942779541,1.8300000429153442,1.8070000410079956,1.815000057220459,1208962
2021-10-12,1.815000057220459,1.8350000381469727,1.809999942779541,1.8140000104904175,726607
2021-10-13,1.8140000104904175,1.8179999589920044,1.7510000467300415,1.781000018119812,2657410
2021-10-14,1.781000018119812,1.7899999618530273,1.7330000400543213,1.753999948501587,2632977
2021-10-17,1.753999948501587,1.7760000228881836,1.7300000190734863,1.746000051498413,1766823
2021-10-18,1.746000051498413,1.746000051498413,1.746000051498413,1.746000051498413,0
2021-10-19,1.7949999570846558,1.8109999895095825,1.746000051498413,1.7510000467300415,3738301
2021-10-20,1.7510000467300415,1.777999997138977,1.5110000371932983,1.7289999723434448,3532031
2021-10-24,1.7289999723434448,1.7599999904632568,1.6519999504089355,1.7039999961853027,1053451
2021-10-25,1.7039999961853027,1.7000000476837158,1.5950000286102295,1.6269999742507935,2001115
2021-10-26,1.6269999742507935,1.659000039100647,1.4800000190734863,1.5080000162124634,2927727
2021-10-27,1.5080000162124634,1.5759999752044678,1.4800000190734863,1.5470000505447388,2157878
2021-10-28,1.5470000505447388,1.600000023841858,1.5140000581741333,1.5789999961853027,1704622
2021-10-31,1.5789999961853027,1.6200000047683716,1.5499999523162842,1.5880000591278076,1250758
2021-11-01,1.5880000591278076,1.649999976158142,1.5870000123977661,1.6369999647140503,2098782
2021-11-02,1.6369999647140503,1.6490000486373901,1.6069999933242798,1.6169999837875366,1259952
2021-11-03,1.6169999837875366,1.6399999856948853,1.562999963760376,1.5700000524520874,1647672
2021-11-04,1.5700000524520874,1.5980000495910645,1.5199999809265137,1.534999966621399,1260052
2021-11-07,1.534999966621399,1.534999966621399,1.534999966621399,1.534999966621399,0
2021-11-08,1.534999966621399,1.534999966621399,1.534999966621399,1.534999966621399,0
2021-11-09,1.534999966621399,1.534999966621399,1.534999966621399,1.534999966621399,0
2021-11-10,1.5460000038146973,1.559999942779541,1.5149999856948853,1.5210000276565552,2172240
2021-11-11,1.5210000276565552,1.5800000429153442,1.5210000276565552,1.565000057220459,1801547
2021-11-14,1.565000057220459,1.590000033378601,1.5509999990463257,1.5609999895095825,1022769
2021-11-15,1.5609999895095825,1.5800000429153442,1.5399999618530273,1.5470000505447388,864411
2021-11-16,1.5470000505447388,1.5399999618530273,1.4850000143051147,1.49399995803833,2155910
2021-11-17,1.49399995803833,1.5379999876022339,1.4700000286102295,1.4880000352859497,1528937
2021-11-18,1.4880000352859497,1.4880000352859497,1.4880000352859497,1.4880000352859497,0
2021-11-21,1.4550000429153442,1.4559999704360962,1.3300000429153442,1.350000023841858,2031814
2021-11-22,1.350000023841858,1.350000023841858,1.350000023841858,1.350000023841858,0
2021-11-23,1.3450000286102295,1.378999948501587,1.3459999561309814,1.3660000562667847,1160273
2021-11-24,1.3660000562667847,1.3650000095367432,1.343999981880188,1.3489999771118164,1069511
2021-11-25,1.3489999771118164,1.3969999551773071,1.350000023841858,1.3910000324249268,1760456
2021-11-28,1.3910000324249268,1.3910000324249268,1.3910000324249268,1.3910000324249268,0
2021-11-29,1.3530000448226929,1.3799999952316284,1.3509999513626099,1.3639999628067017,1111465
2021-11-30,1.3639999628067017,1.3639999628067017,1.3639999628067017,1.3639999628067017,0
2021-12-01,1.3639999628067017,1.3639999628067017,1.3639999628067017,1.3639999628067017,0
2021-12-02,1.5130000114440918,1.5479999780654907,1.4900000095367432,1.5,3381941
2021-12-05,1.5,1.5740000009536743,1.5,1.5579999685287476,4623762
2021-12-06,1.5579999685287476,1.5850000381469727,1.5260000228881836,1.5399999618530273,2965154
2021-12-07,1.5399999618530273,1.559999942779541,1.4830000400543213,1.4910000562667847,2767048
2021-12-08,1.4910000562667847,1.4950000047683716,1.444000005722046,1.4709999561309814,1640268
2021-12-09,1.4709999561309814,1.4889999628067017,1.4299999475479126,1.4570000171661377,963377
2021-12-12,1.4570000171661377,1.4900000095367432,1.4570000171661377,1.465999960899353,516478
2021-12-13,1.465999960899353,1.4800000190734863,1.4600000381469727,1.4630000591278076,760403
2021-12-14,1.4630000591278076,1.4789999723434448,1.440000057220459,1.4520000219345093,965821
2021-12-15,1.4520000219345093,1.468999981880188,1.4359999895095825,1.4420000314712524,792543
2021-12-16,1.4420000314712524,1.4789999723434448,1.4450000524520874,1.4520000219345093,1340711
2021-12-19,1.4520000219345093,1.5240000486373901,1.4479999542236328,1.4620000123977661,2002072
2021-12-20,1.4620000123977661,1.4780000448226929,1.4329999685287476,1.4579999446868896,564776
2021-12-21,1.4579999446868896,1.4900000095367432,1.4509999752044678,1.4589999914169312,872098
2021-12-22,1.4589999914169312,1.4989999532699585,1.4620000123977661,1.465999960899353,972660
2021-12-23,1.465999960899353,1.4900000095367432,1.4670000076293945,1.4819999933242798,2936751
2021-12-26,1.4819999933242798,1.5299999713897705,1.4930000305175781,1.5130000114440918,4354584
2021-12-27,1.5130000114440918,1.559999942779541,1.5160000324249268,1.5219999551773071,5149009
2021-12-28,1.5219999551773071,1.5360000133514404,1.503000020980835,1.527999997138977,2561325
2021-12-29,1.527999997138977,1.5759999752044678,1.534000039100647,1.5470000505447388,4660312
2021-12-30,1.5470000505447388,1.559999942779541,1.5470000505447388,1.5509999990463257,1874277
2022-01-02,1.5509999990463257,1.5800000429153442,1.555999994277954,1.559000015258789,1603361
2022-01-03,1.559000015258789,1.5700000524520874,1.5509999990463257,1.5570000410079956,2282521
2022-01-04,1.5570000410079956,1.5729999542236328,1.5549999475479126,1.562000036239624,2247337
2022-01-05,1.562000036239624,1.6399999856948853,1.562000036239624,1.6139999628067017,9387878
2022-01-09,1.6139999628067017,1.6139999628067017,1.6139999628067017,1.6139999628067017,0
2022-01-10,1.6230000257492065,1.684999942779541,1.6200000047683716,1.6610000133514404,7069981
2022-01-11,1.6610000133514404,1.6820000410079956,1.6200000047683716,1.6260000467300415,4206384
2022-01-12,1.6260000467300415,1.6469999551773071,1.590000033378601,1.6030000448226929,2697591
2022-01-13,1.6030000448226929,1.6180000305175781,1.5750000476837158,1.5770000219345093,2810802
2022-01-16,1.5770000219345093,1.5700000524520874,1.5099999904632568,1.527999997138977,1402508
2022-01-17,1.527999997138977,1.559999942779541,1.5180000066757202,1.531000018119812,1140326
2022-01-18,1.531000018119812,1.5570000410079956,1.531999945640564,1.5529999732971191,917272
2022-01-19,1.5529999732971191,1.5609999895095825,1.5269999504089355,1.5360000133514404,1551872
2022-01-20,1.5360000133514404,1.5399999618530273,1.5,1.531999945640564,1607926
2022-01-23,1.531999945640564,1.5390000343322754,1.4809999465942383,1.49399995803833,1428389
2022-01-24,1.49399995803833,1.5089999437332153,1.4639999866485596,1.468999981880188,1437859
2022-01-25,1.468999981880188,1.4930000305175781,1.4700000286102295,1.4800000190734863,1109535
2022-01-26,1.4800000190734863,1.5149999856948853,1.4759999513626099,1.4900000095367432,1909824
2022-01-30,1.4900000095367432,1.5199999809265137,1.4709999561309814,1.4759999513626099,712964
2022-01-31,1.4759999513626099,1.5,1.4500000476837158,1.4880000352859497,704657
2022-02-01,1.4880000352859497,1.5199999809265137,1.503999948501587,1.5180000066757202,1170580
2022-02-02,1.5180000066757202,1.5470000505447388,1.5149999856948853,1.5379999876022339,1380867
2022-02-03,1.5379999876022339,1.5449999570846558,1.5160000324249268,1.5180000066757202,1637227
2022-02-06,1.5180000066757202,1.562999963760376,1.5010000467300415,1.559999942779541,2363452
2022-02-07,1.559999942779541,1.5679999589920044,1.5099999904632568,1.5190000534057617,1451600
2022-02-08,1.5190000534057617,1.5490000247955322,1.5049999952316284,1.5199999809265137,1180259
2022-02-09,1.5199999809265137,1.5850000381469727,1.5390000343322754,1.5579999685287476,4364736
2022-02-10,1.5579999685287476,1.5800000429153442,1.5199999809265137,1.524999976158142,2317237
2022-02-13,1.524999976158142,1.5219999551773071,1.409999966621399,1.4160000085830688,2552835
2022-02-14,1.4160000085830688,1.4110000133514404,1.312000036239624,1.3550000190734863,3174502
2022-02-15,1.3550000190734863,1.3980000019073486,1.3650000095367432,1.378000020980835,3010082
2022-02-16,1.378000020980835,1.4190000295639038,1.3680000305175781,1.371999979019165,2292155
2022-02-17,1.371999979019165,1.3819999694824219,1.3669999837875366,1.375,1406671
2022-02-20,1.375,1.3700000047683716,1.3309999704360962,1.3370000123977661,1439982
2022-02-21,1.3370000123977661,1.3609999418258667,1.3350000381469727,1.3519999980926514,997539
2022-02-22,1.3519999980926514,1.3300000429153442,1.2899999618530273,1.315999984741211,2775614
2022-02-23,1.315999984741211,1.3380000591278076,1.309999942779541,1.3209999799728394,1084155
2022-02-24,1.3209999799728394,1.25,1.1100000143051147,1.1419999599456787,4630022
2022-02-27,1.1419999599456787,1.2200000286102295,1.180999994277954,1.2029999494552612,2276100
2022-02-28,1.2029999494552612,1.1970000267028809,1.1740000247955322,1.1829999685287476,1808842
2022-03-01,1.1829999685287476,1.2549999952316284,1.1890000104904175,1.25,2397821
2022-03-02,1.25,1.2510000467300415,1.215999960899353,1.2259999513626099,1380791
2022-03-03,1.2259999513626099,1.2599999904632568,1.2400000095367432,1.2519999742507935,1026827
2022-03-06,1.2519999742507935,1.25,1.2200000286102295,1.2400000095367432,1021373
2022-03-07,1.2400000095367432,1.2419999837875366,1.1920000314712524,1.1990000009536743,1445353
2022-03-08,1.1990000009536743,1.1990000009536743,1.1990000009536743,1.1990000009536743,0
2022-03-09,1.1749999523162842,1.1959999799728394,1.1670000553131104,1.1770000457763672,665914
2022-03-10,1.1770000457763672,1.1970000267028809,1.1720000505447388,1.1820000410079956,777677
2022-03-13,1.1820000410079956,1.180999994277954,1.152999997138977,1.1579999923706055,722113
2022-03-14,1.1579999923706055,1.1579999923706055,1.1579999923706055,1.1579999923706055,0
2022-03-15,1.1549999713897705,1.1690000295639038,1.100000023841858,1.1349999904632568,2469080
2022-03-16,1.1349999904632568,1.187000036239624,1.1480000019073486,1.1710000038146973,1512630
2022-03-17,1.1710000038146973,1.2339999675750732,1.1649999618530273,1.2039999961853027,4293027
2022-03-20,1.2039999961853027,1.2450000047683716,1.2070000171661377,1.2350000143051147,2614840
2022-03-21,1.2350000143051147,1.2790000438690186,1.222000002861023,1.2669999599456787,3949240
2022-03-22,1.2669999599456787,1.3300000429153442,1.274999976158142,1.2869999408721924,4041434
2022-03-23,1.2869999408721924,1.2999999523162842,1.2699999809265137,1.281999945640564,1587056
2022-03-24,1.281999945640564,1.2999999523162842,1.2610000371932983,1.2699999809265137,1555946
2022-03-27,1.2699999809265137,1.2640000581741333,1.2230000495910645,1.2309999465942383,1587313
2022-03-28,1.2309999465942383,1.2350000143051147,1.1740000247955322,1.1790000200271606,1457255
2022-03-29,1.1790000200271606,1.2000000476837158,1.1699999570846558,1.1799999475479126,1376789
2022-03-30,1.1799999475479126,1.2100000381469727,1.1829999685287476,1.1859999895095825,1284690
2022-03-31,1.1859999895095825,1.2000000476837158,1.1770000457763672,1.184999942779541,1023379
2022-04-03,1.184999942779541,1.2599999904632568,1.184999942779541,1.2400000095367432,3945327
2022-04-04,1.2400000095367432,1.2790000438690186,1.2339999675750732,1.2510000467300415,6397669
2022-04-05,1.2510000467300415,1.2599999904632568,1.2339999675750732,1.2419999837875366,1340942
2022-04-06,1.2419999837875366,1.25600004196167,1.2369999885559082,1.2400000095367432,1277122
2022-04-07,1.2400000095367432,1.2400000095367432,1.2070000171661377,1.218000054359436,1245422
2022-04-10,1.218000054359436,1.2100000381469727,1.1610000133514404,1.1660000085830688,1303965
2022-04-11,1.1660000085830688,1.1779999732971191,1.1410000324249268,1.152999997138977,739336
2022-04-12,1.152999997138977,1.1619999408721924,1.1200000047683716,1.125,3051823
2022-04-13,1.125,1.1440000534057617,1.1130000352859497,1.121999979019165,1082148
2022-04-14,1.121999979019165,1.1100000143051147,1.0729999542236328,1.0809999704360962,1264451
2022-04-17,1.0809999704360962,1.0859999656677246,0.9800000190734863,0.9900000095367432,3107659
2022-04-18,0.9900000095367432,1.0379999876022339,0.9459999799728394,0.9860000014305115,1945052
2022-04-19,0.9860000014305115,1.034999966621399,0.9850000143051147,1.0160000324249268,2151723
2022-04-20,1.0160000324249268,1.0399999618530273,1.0110000371932983,1.0290000438690186,856763
2022-04-21,1.0290000438690186,1.1299999952316284,1.0399999618530273,1.1180000305175781,3119807
2022-04-26,1.1180000305175781,1.1399999856948853,1.090000033378601,1.1069999933242798,1881854
2022-04-27,1.1069999933242798,1.1169999837875366,1.0729999542236328,1.0789999961853027,962886
2022-04-28,1.0789999961853027,1.1399999856948853,1.0789999961853027,1.1369999647140503,1769395
2022-05-08,1.1369999647140503,1.1299999952316284,1.100000023841858,1.1260000467300415,1172365
2022-05-09,1.1260000467300415,1.1670000553131104,1.121999979019165,1.1339999437332153,3577614
2022-05-10,1.1339999437332153,1.1449999809265137,1.1030000448226929,1.1139999628067017,1763903
2022-05-11,1.1139999628067017,1.1339999437332153,1.1100000143051147,1.1299999952316284,1007691
2022-05-12,1.1299999952316284,1.1349999904632568,1.0800000429153442,1.1019999980926514,1557026
2022-05-15,1.1019999980926514,1.1239999532699585,1.0800000429153442,1.0870000123977661,1199545
2022-05-16,1.0870000123977661,1.0950000286102295,1.069000005722046,1.090000033378601,507896
2022-05-17,1.090000033378601,1.100000023841858,1.0850000381469727,1.093000054359436,659750
2022-05-18,1.093000054359436,1.1100000143051147,1.090000033378601,1.100000023841858,391373
2022-05-19,1.100000023841858,1.1100000143051147,1.065000057220459,1.0870000123977661,860744
2022-05-22,1.0870000123977661,1.1150000095367432,1.090000033378601,1.090000033378601,284886
2022-05-23,1.090000033378601,1.1269999742507935,1.0920000076293945,1.1059999465942383,1057460
2022-05-24,1.1059999465942383,1.1200000047683716,1.0709999799728394,1.0800000429153442,783798
2022-05-25,1.0800000429153442,1.090000033378601,1.031999945640564,1.0360000133514404,989858
2022-05-26,1.0360000133514404,1.0640000104904175,1.0,1.0099999904632568,904183
2022-05-29,1.0099999904632568,1.0269999504089355,0.9890000224113464,1.003999948501587,858610
2022-05-30,1.003999948501587,1.034000039100647,1.0,1.0130000114440918,791161
2022-05-31,1.0130000114440918,1.0290000438690186,1.0080000162124634,1.0169999599456787,745290
2022-06-01,1.0169999599456787,1.0390000343322754,0.9900000095367432,0.996999979019165,900573
2022-06-02,0.996999979019165,1.0679999589920044,0.9850000143051147,1.0410000085830688,3219308
2022-06-05,1.0410000085830688,1.0410000085830688,1.0410000085830688,1.0410000085830688,0
2022-06-06,1.1649999618530273,1.1749999523162842,1.1299999952316284,1.1410000324249268,5466575
2022-06-07,1.1410000324249268,1.1460000276565552,1.121000051498413,1.1269999742507935,2741776
2022-06-08,1.1269999742507935,1.1749999523162842,1.121000051498413,1.1610000133514404,3960836
2022-06-09,1.1610000133514404,1.1699999570846558,1.1410000324249268,1.1490000486373901,2077650
2022-06-12,1.1490000486373901,1.1480000019073486,1.125,1.1380000114440918,1935625
2022-06-13,1.1380000114440918,1.3650000095367432,1.2100000381469727,1.2649999856948853,15891735
2022-06-14,1.2649999856948853,1.2829999923706055,1.2549999952316284,1.2769999504089355,6128740
2022-06-15,1.2769999504089355,1.3200000524520874,1.2799999713897705,1.309999942779541,6166377
2022-06-16,1.309999942779541,1.3539999723434448,1.3009999990463257,1.343999981880188,9224254
2022-06-19,1.343999981880188,1.4040000438690186,1.343999981880188,1.3910000324249268,8610268
2022-06-20,1.3910000324249268,1.4390000104904175,1.378999948501587,1.4259999990463257,6690927
2022-06-21,1.4259999990463257,1.4809999465942383,1.4149999618530273,1.4789999723434448,15083016
2022-06-22,1.4789999723434448,1.4789999723434448,1.437999963760376,1.4700000286102295,10607976
2022-06-23,1.4700000286102295,1.472000002861023,1.440000057220459,1.4700000286102295,3550293
2022-06-26,1.4700000286102295,1.4759999513626099,1.444000005722046,1.4700000286102295,2846866
2022-06-27,1.4700000286102295,1.4759999513626099,1.4700000286102295,1.475000023841858,2702920
2022-06-28,1.475000023841858,1.5,1.4500000476837158,1.4589999914169312,3850362
2022-06-29,1.4589999914169312,1.4850000143051147,1.4500000476837158,1.4839999675750732,2976143
2022-07-03,1.4839999675750732,1.4930000305175781,1.3600000143051147,1.4900000095367432,2783212
2022-07-04,1.4900000095367432,1.5390000343322754,1.4930000305175781,1.5269999504089355,2841403
2022-07-05,1.5269999504089355,1.534999966621399,1.4900000095367432,1.5230000019073486,835617
2022-07-06,1.5230000019073486,1.5360000133514404,1.5,1.534000039100647,772875
2022-07-07,1.534000039100647,1.5360000133514404,1.5199999809265137,1.5360000133514404,2692240
2022-07-17,1.5360000133514404,1.5399999618530273,1.5019999742507935,1.5399999618530273,650457
2022-07-18,1.5399999618530273,1.5429999828338623,1.534999966621399,1.5399999618530273,850863
2022-07-19,1.5399999618530273,1.559000015258789,1.527999997138977,1.5479999780654907,3697795
2022-07-20,1.5479999780654907,1.5750000476837158,1.531000018119812,1.5679999589920044,2470231
2022-07-21,1.5679999589920044,1.5800000429153442,1.5410000085830688,1.5740000009536743,1139879
2022-07-24,1.5740000009536743,1.6050000190734863,1.5499999523162842,1.5989999771118164,1967690
2022-07-25,1.5989999771118164,1.7000000476837158,1.590000033378601,1.7000000476837158,2754277
2022-07-26,1.7000000476837158,1.6699999570846558,1.5460000038146973,1.6699999570846558,7499191
2022-07-27,1.6699999570846558,1.6690000295639038,1.5800000429153442,1.6050000190734863,1507524
2022-07-28,1.6050000190734863,1.6699999570846558,1.5440000295639038,1.6619999408721924,2073922
2022-07-31,1.6619999408721924,1.659999966621399,1.600000023841858,1.6410000324249268,964987
2022-08-01,1.6410000324249268,1.6510000228881836,1.6139999628067017,1.6490000486373901,10937111
2022-08-02,1.6490000486373901,1.7300000190734863,1.6399999856948853,1.7130000591278076,4313461
2022-08-03,1.7130000591278076,1.7699999809265137,1.7000000476837158,1.7640000581741333,2852406
2022-08-04,1.7640000581741333,1.8600000143051147,1.75,1.843999981880188,2076699
2022-08-07,1.843999981880188,1.9390000104904175,1.850000023841858,1.9119999408721924,1106889
2022-08-08,1.9119999408721924,2.0799999237060547,1.909999966621399,2.069000005722046,4236159
2022-08-09,2.069000005722046,2.4700000286102295,2.0799999237060547,2.3399999141693115,8486593
2022-08-10,2.3399999141693115,2.440000057220459,2.2300000190734863,2.253000020980835,8571034
2022-08-11,2.253000020980835,2.299999952316284,1.850000023841858,2.0950000286102295,3089584
2022-08-14,2.0950000286102295,2.200000047683716,2.009999990463257,2.049999952316284,2219383
2022-08-15,2.049999952316284,2.069999933242798,1.8799999952316284,2.0199999809265137,3644895
2022-08-16,2.0199999809265137,2.0899999141693115,1.9299999475479126,2.0899999141693115,1797776
2022-08-17,2.0899999141693115,2.2200000286102295,2.0299999713897705,2.059999942779541,5737952
2022-08-18,2.059999942779541,2.059999942779541,2.059999942779541,2.059999942779541,0
2022-08-21,2.0999999046325684,2.190000057220459,2.0999999046325684,2.109999895095825,1805813
2022-08-22,2.109999895095825,2.140000104904175,2.0399999618530273,2.049999952316284,993278
2022-08-23,2.049999952316284,2.049999952316284,2.049999952316284,2.049999952316284,0
2022-08-24,2.0,2.0399999618530273,1.9199999570846558,1.9500000476837158,1016955
2022-08-25,1.9500000476837158,2.3399999141693115,2.0,2.3399999141693115,10276284
2022-08-28,2.3399999141693115,2.799999952316284,2.5,2.799999952316284,22337582
2022-08-29,2.799999952316284,3.1600000858306885,2.6600000858306885,2.75,25699045
2022-08-30,2.75,2.8399999141693115,2.609999895095825,2.6700000762939453,6783432
2022-08-31,2.6700000762939453,3.109999895095825,2.700000047683716,3.069999933242798,22888311
2022-09-01,3.069999933242798,3.380000114440918,3.109999895095825,3.240000009536743,23722182
2022-09-04,3.240000009536743,3.6600000858306885,3.2799999713897705,3.609999895095825,22787870
2022-09-05,3.609999895095825,3.859999895095825,3.450000047683716,3.490000009536743,24478095
2022-09-06,3.490000009536743,3.640000104904175,3.430000066757202,3.509999990463257,8421702
2022-09-07,3.509999990463257,4.010000228881836,3.5299999713897705,3.930000066757202,25863378
2022-09-08,3.930000066757202,4.159999847412109,3.7699999809265137,3.809999942779541,15180419
2022-09-11,3.809999942779541,4.119999885559082,3.799999952316284,3.930000066757202,8382147
2022-09-12,3.930000066757202,4.070000171661377,3.6600000858306885,3.680000066757202,11404689
2022-09-13,3.680000066757202,3.859999895095825,3.5999999046325684,3.700000047683716,16073972
2022-09-14,3.700000047683716,3.7699999809265137,3.5299999713897705,3.619999885559082,7618789
2022-09-15,3.619999885559082,3.75,3.5299999713897705,3.5299999713897705,7951781
2022-09-18,3.5299999713897705,3.5799999237060547,2.8299999237060547,2.9600000381469727,17473173
2022-09-19,2.9600000381469727,3.190000057220459,2.819999933242798,3.1700000762939453,12218315
2022-09-20,3.1700000762939453,3.3299999237060547,3.069999933242798,3.200000047683716,12681831
2022-09-21,3.200000047683716,3.259999990463257,3.069999933242798,3.119999885559082,6393748
2022-09-22,3.119999885559082,3.109999895095825,2.9800000190734863,3.059999942779541,5077341
2022-09-25,3.059999942779541,3.0899999141693115,2.990000009536743,3.0199999809265137,3737715
2022-09-26,3.0199999809265137,3.609999895095825,3.0299999713897705,3.5899999141693115,22004590
2022-09-27,3.5899999141693115,3.9000000953674316,3.680000066757202,3.7300000190734863,22292302
2022-09-28,3.7300000190734863,3.940000057220459,3.6500000953674316,3.880000114440918,16593903
2022-09-29,3.880000114440918,4.050000190734863,3.859999895095825,3.880000114440918,22486493
2022-10-02,3.880000114440918,3.890000104904175,3.680000066757202,3.680000066757202,7594329
2022-10-03,3.680000066757202,3.8399999141693115,3.4700000286102295,3.7200000286102295,10762520
2022-10-04,3.7200000286102295,3.869999885559082,3.700000047683716,3.7300000190734863,5888883
2022-10-05,3.7300000190734863,3.759999990463257,3.5999999046325684,3.6600000858306885,5730032
2022-10-09,3.6600000858306885,3.690000057220459,3.549999952316284,3.5899999141693115,3141280
2022-10-10,3.5899999141693115,3.7899999618530273,3.5899999141693115,3.6700000762939453,8108324
2022-10-11,3.6700000762939453,3.7699999809265137,3.569999933242798,3.5999999046325684,4476623
2022-10-12,3.5999999046325684,3.6700000762939453,3.4100000858306885,3.450000047683716,2623831
2022-10-13,3.450000047683716,3.690000057220459,3.4000000953674316,3.690000057220459,3417542
2022-10-16,3.690000057220459,3.759999990463257,3.5299999713897705,3.549999952316284,4354417
2022-10-17,3.549999952316284,3.609999895095825,3.4600000381469727,3.5,4977818
2022-10-18,3.5,3.569999933242798,3.380000114440918,3.4200000762939453,4324416
2022-10-19,3.4200000762939453,3.4700000286102295,3.1600000858306885,3.180000066757202,3457055
2022-10-20,3.180000066757202,3.490000009536743,3.200000047683716,3.4200000762939453,7885886
2022-10-23,3.4200000762939453,3.609999895095825,3.450000047683716,3.4700000286102295,6516756
2022-10-24,3.4700000286102295,3.5399999618530273,3.240000009536743,3.2699999809265137,6006419
2022-10-25,3.2699999809265137,3.3399999141693115,3.190000057220459,3.200000047683716,5115031
2022-10-26,3.200000047683716,3.200000047683716,3.200000047683716,3.200000047683716,0
2022-10-27,3.1700000762939453,3.309999942779541,2.9800000190734863,3.0199999809265137,6798387
2022-10-30,3.0199999809265137,3.0899999141693115,2.859999895095825,3.0,5783632
2022-10-31,3.0,3.109999895095825,2.950000047683716,3.059999942779541,4759508
2022-11-01,3.059999942779541,3.180000066757202,3.0399999618530273,3.059999942779541,4403709
2022-11-02,3.059999942779541,3.0999999046325684,2.940000057220459,2.950000047683716,3941691
2022-11-03,2.950000047683716,2.9700000286102295,2.890000104904175,2.9000000953674316,1628579
2022-11-06,2.9000000953674316,2.940000057220459,2.819999933242798,2.859999895095825,1954012
2022-11-07,2.859999895095825,3.0,2.859999895095825,2.9200000762939453,1902896
2022-11-08,2.9200000762939453,3.5,3.049999952316284,3.490000009536743,23080182
2022-11-09,3.490000009536743,3.7200000286102295,3.359999895095825,3.4200000762939453,20760466
2022-11-10,3.4200000762939453,3.5199999809265137,3.2699999809265137,3.309999942779541,8483457
2022-11-13,3.309999942779541,3.450000047683716,3.309999942779541,3.3299999237060547,4332636
2022-11-14,3.3299999237060547,3.609999895095825,3.299999952316284,3.5999999046325684,16583957
2022-11-15,3.5999999046325684,3.6500000953674316,3.450000047683716,3.4600000381469727,7129384
2022-11-16,3.4600000381469727,3.619999885559082,3.440000057220459,3.5799999237060547,8042854
2022-11-17,3.5799999237060547,3.7699999809265137,3.5899999141693115,3.680000066757202,17598639
2022-11-20,3.680000066757202,3.819999933242798,3.6500000953674316,3.700000047683716,8227490
2022-11-21,3.700000047683716,3.7300000190734863,3.549999952316284,3.5799999237060547,6289499
2022-11-22,3.5799999237060547,3.5999999046325684,3.0999999046325684,3.390000104904175,14137773
2022-11-23,3.390000104904175,3.4200000762939453,3.0299999713897705,3.119999885559082,11674450
2022-11-24,3.119999885559082,3.1500000953674316,3.0399999618530273,3.0399999618530273,4483747
2022-11-27,3.0399999618530273,3.319999933242798,3.0,3.2899999618530273,10508902
2022-11-28,3.2899999618530273,3.319999933242798,3.180000066757202,3.200000047683716,3847353
2022-11-29,3.200000047683716,3.240000009536743,3.109999895095825,3.130000114440918,2674721
2022-11-30,3.130000114440918,3.1600000858306885,2.990000009536743,3.0,7068952
2022-12-01,3.0,3.0799999237060547,2.990000009536743,3.0199999809265137,3772632
2022-12-04,3.0199999809265137,3.0799999237060547,2.940000057220459,2.950000047683716,5608028
2022-12-05,2.950000047683716,3.0399999618530273,2.8499999046325684,2.880000114440918,4089403
2022-12-06,2.880000114440918,2.9000000953674316,2.5299999713897705,2.740000009536743,3010581
2022-12-07,2.740000009536743,2.9800000190734863,2.75,2.8399999141693115,3886380
2022-12-08,2.8399999141693115,2.9000000953674316,2.7300000190734863,2.75,4663089
2022-12-11,2.75,2.799999952316284,2.5799999237060547,2.5999999046325684,4860837
2022-12-12,2.5999999046325684,2.6500000953674316,2.450000047683716,2.549999952316284,7712128
2022-12-13,2.549999952316284,2.680000066757202,2.559999942779541,2.6500000953674316,6813313
2022-12-14,2.6500000953674316,2.700000047683716,2.5999999046325684,2.5999999046325684,4730861
2022-12-15,2.5999999046325684,2.950000047683716,2.619999885559082,2.8399999141693115,11404868
2022-12-18,2.8399999141693115,2.930000066757202,2.7100000381469727,2.740000009536743,7977975
2022-12-19,2.740000009536743,3.049999952316284,2.75,3.009999990463257,15208135
2022-12-20,3.009999990463257,3.130000114440918,2.869999885559082,2.890000104904175,11427688
2022-12-21,2.890000104904175,2.950000047683716,2.799999952316284,2.8299999237060547,4225584
2022-12-22,2.8299999237060547,2.890000104904175,2.75,2.759999990463257,3926951
2022-12-25,2.759999990463257,2.759999990463257,2.609999895095825,2.6500000953674316,3406828
2022-12-26,2.6500000953674316,2.75,2.6500000953674316,2.680000066757202,4482560
2022-12-27,2.680000066757202,2.8399999141693115,2.7100000381469727,2.7899999618530273,4743928
2022-12-28,2.7899999618530273,2.940000057220459,2.7699999809265137,2.930000066757202,4752571
2022-12-29,2.930000066757202,3.0199999809265137,2.8399999141693115,2.869999885559082,4100546
2023-01-02,2.869999885559082,2.950000047683716,2.8499999046325684,2.9000000953674316,3200677
2023-01-03,2.9000000953674316,2.990000009536743,2.890000104904175,2.9100000858306885,4865274
2023-01-04,2.9100000858306885,2.9200000762939453,2.700000047683716,2.8499999046325684,6133444
2023-01-05,2.8499999046325684,2.9000000953674316,2.7300000190734863,2.7699999809265137,6956279
2023-01-09,2.7699999809265137,2.8499999046325684,2.6700000762939453,2.7100000381469727,3899482
2023-01-10,2.7100000381469727,2.75,2.609999895095825,2.6500000953674316,1984711
2023-01-11,2.6500000953674316,2.7300000190734863,2.5,2.5799999237060547,2690815
2023-01-12,2.5799999237060547,2.630000114440918,2.4600000381469727,2.509999990463257,1569139
2023-01-15,2.509999990463257,2.75,2.5399999618530273,2.680000066757202,4027805
2023-01-16,2.680000066757202,2.7699999809265137,2.6500000953674316,2.6700000762939453,2907288
2023-01-17,2.6700000762939453,2.7200000286102295,2.6500000953674316,2.6700000762939453,1640032
2023-01-18,2.6700000762939453,2.7200000286102295,2.6600000858306885,2.680000066757202,2339253
2023-01-19,2.680000066757202,2.7200000286102295,2.640000104904175,2.6600000858306885,1898664
2023-01-22,2.6600000858306885,2.819999933242798,2.6600000858306885,2.7200000286102295,4211217
2023-01-23,2.7200000286102295,2.7699999809265137,2.6600000858306885,2.690000057220459,1804671
2023-01-24,2.690000057220459,2.700000047683716,2.640000104904175,2.680000066757202,967976
2023-01-25,2.680000066757202,2.75,2.680000066757202,2.700000047683716,2142421
2023-01-29,2.700000047683716,2.75,2.6700000762939453,2.680000066757202,1429821
2023-01-30,2.680000066757202,2.7200000286102295,2.559999942779541,2.5899999141693115,2158337
2023-01-31,2.5899999141693115,2.6500000953674316,2.5199999809265137,2.5399999618530273,1326647
2023-02-01,2.5399999618530273,2.7200000286102295,2.4700000286102295,2.7100000381469727,2708689
2023-02-02,2.7100000381469727,3.049999952316284,2.75,2.9000000953674316,23853648
2023-02-05,2.9000000953674316,2.9700000286102295,2.680000066757202,2.7200000286102295,8327888
2023-02-06,2.7200000286102295,2.869999885559082,2.7200000286102295,2.740000009536743,7295036
2023-02-07,2.740000009536743,2.8499999046325684,2.7200000286102295,2.7300000190734863,3941263
2023-02-08,2.7300000190734863,2.9800000190734863,2.680000066757202,2.809999942779541,14859976
2023-02-09,2.809999942779541,2.9200000762939453,2.809999942779541,2.880000114440918,5451489
2023-02-12,2.880000114440918,3.319999933242798,2.8299999237060547,3.299999952316284,24963507
2023-02-13,3.299999952316284,3.5899999141693115,3.2300000190734863,3.4700000286102295,45820239
2023-02-14,3.4700000286102295,3.6500000953674316,3.440000057220459,3.609999895095825,24391633
2023-02-15,3.609999895095825,3.6500000953674316,3.4600000381469727,3.4700000286102295,11494020
2023-02-16,3.4700000286102295,3.5199999809265137,3.309999942779541,3.3299999237060547,17978314
2023-02-19,3.3299999237060547,3.4100000858306885,3.2300000190734863,3.2799999713897705,10108296
2023-02-20,3.2799999713897705,3.5299999713897705,3.299999952316284,3.4100000858306885,19773025
2023-02-21,3.4100000858306885,3.490000009536743,3.3499999046325684,3.4200000762939453,9943396
2023-02-22,3.4200000762939453,3.4800000190734863,3.190000057220459,3.200000047683716,8232983
2023-02-23,3.200000047683716,3.2799999713897705,3.1500000953674316,3.200000047683716,14653315
2023-02-26,3.200000047683716,3.2699999809265137,3.1600000858306885,3.180000066757202,6482056
2023-02-27,3.180000066757202,3.3499999046325684,3.180000066757202,3.2799999713897705,11871574
2023-02-28,3.2799999713897705,3.390000104904175,3.2699999809265137,3.380000114440918,10603360
2023-03-01,3.380000114440918,3.630000114440918,3.4000000953674316,3.490000009536743,20868751
2023-03-02,3.490000009536743,3.5299999713897705,3.299999952316284,3.319999933242798,12634100
2023-03-05,3.319999933242798,3.3499999046325684,3.200000047683716,3.2300000190734863,5891965
2023-03-06,3.2300000190734863,3.359999895095825,3.200000047683716,3.259999990463257,6930670
2023-03-07,3.259999990463257,3.3399999141693115,3.0999999046325684,3.1500000953674316,6639981
2023-03-08,3.1500000953674316,3.200000047683716,3.049999952316284,3.109999895095825,8201121
2023-03-09,3.109999895095825,3.200000047683716,3.0899999141693115,3.200000047683716,5720858
2023-03-12,3.200000047683716,3.2100000381469727,3.0,3.0399999618530273,5529660
2023-03-13,3.0399999618530273,3.130000114440918,2.700000047683716,2.759999990463257,6478271
2023-03-14,2.759999990463257,2.8399999141693115,2.5999999046325684,2.7899999618530273,6402496
2023-03-15,2.7899999618530273,2.9100000858306885,2.299999952316284,2.390000104904175,9244230
2023-03-16,2.390000104904175,2.5299999713897705,2.309999942779541,2.5,6224330
2023-03-19,2.5,2.5199999809265137,2.4000000953674316,2.4800000190734863,6656648
2023-03-20,2.4800000190734863,2.6500000953674316,2.4600000381469727,2.569999933242798,6950490
2023-03-21,2.569999933242798,2.880000114440918,2.609999895095825,2.880000114440918,7942617
2023-03-22,2.880000114440918,2.9100000858306885,2.7200000286102295,2.740000009536743,10183078
2023-03-23,2.740000009536743,2.809999942779541,2.680000066757202,2.759999990463257,1838468
2023-03-26,2.759999990463257,2.8499999046325684,2.7699999809265137,2.819999933242798,3223760
2023-03-27,2.819999933242798,2.880000114440918,2.740000009536743,2.75,3746302
2023-03-28,2.75,2.759999990463257,2.609999895095825,2.690000057220459,2502778
2023-03-29,2.690000057220459,3.0299999713897705,2.6700000762939453,3.0299999713897705,12176837
2023-03-30,3.0299999713897705,3.1700000762939453,2.880000114440918,2.930000066757202,13547364
2023-04-02,2.930000066757202,3.049999952316284,2.930000066757202,3.0,4822752
2023-04-03,3.0,3.1600000858306885,3.0199999809265137,3.0799999237060547,8882684
2023-04-04,3.0799999237060547,3.359999895095825,3.119999885559082,3.3399999141693115,11623969
2023-04-05,3.3399999141693115,3.3499999046325684,3.1700000762939453,3.190000057220459,9320778
2023-04-06,3.190000057220459,3.2799999713897705,3.130000114440918,3.1700000762939453,8227339
2023-04-09,3.1700000762939453,3.4100000858306885,3.1600000858306885,3.4000000953674316,11241034
2023-04-10,3.4000000953674316,3.4600000381469727,3.3299999237060547,3.380000114440918,7262575
2023-04-11,3.380000114440918,3.440000057220459,3.3399999141693115,3.390000104904175,5591197
2023-04-12,3.390000104904175,3.569999933242798,3.3399999141693115,3.369999885559082,12144460
2023-04-13,3.369999885559082,3.4000000953674316,3.259999990463257,3.2899999618530273,3426265
2023-04-18,3.2899999618530273,3.369999885559082,3.25,3.3299999237060547,2557121
2023-04-19,3.3299999237060547,3.440000057220459,3.2799999713897705,3.3299999237060547,4854393
2023-04-26,3.3299999237060547,3.380000114440918,3.25,3.309999942779541,1698754
2023-04-27,3.309999942779541,3.4200000762939453,3.319999933242798,3.380000114440918,3754814
2023-04-30,3.380000114440918,3.509999990463257,3.2899999618530273,3.3299999237060547,5758056
2023-05-01,3.3299999237060547,3.3299999237060547,3.3299999237060547,3.3299999237060547,0
2023-05-02,3.25,3.299999952316284,3.1600000858306885,3.2100000381469727,2597149
2023-05-03,3.2100000381469727,3.25,3.1600000858306885,3.180000066757202,2596713
2023-05-07,3.180000066757202,3.2200000286102295,3.140000104904175,3.180000066757202,1862033
2023-05-08,3.180000066757202,3.3499999046325684,3.200000047683716,3.309999942779541,5319386
2023-05-09,3.309999942779541,3.4000000953674316,3.200000047683716,3.2100000381469727,4997182
2023-05-10,3.2100000381469727,3.2699999809265137,3.1500000953674316,3.240000009536743,3462086
2023-05-11,3.240000009536743,3.2799999713897705,3.200000047683716,3.200000047683716,3165993
2023-05-14,3.200000047683716,3.2300000190734863,3.109999895095825,3.2300000190734863,1716678
2023-05-15,3.2300000190734863,3.2300000190734863,3.069999933242798,3.119999885559082,2472357
2023-05-16,3.119999885559082,3.190000057220459,3.0799999237060547,3.140000104904175,2616584
2023-05-17,3.140000104904175,3.3299999237060547,3.1500000953674316,3.2100000381469727,8639157
2023-05-18,3.2100000381469727,3.2699999809265137,3.140000104904175,3.1700000762939453,4600435
2023-05-21,3.1700000762939453,3.4700000286102295,3.180000066757202,3.4700000286102295,11120818
2023-05-22,3.4700000286102295,3.9100000858306885,3.5299999713897705,3.9000000953674316,25315866
2023-05-23,3.9000000953674316,4.119999885559082,3.869999885559082,3.950000047683716,24289612
2023-05-24,3.950000047683716,4.03000020980835,3.619999885559082,3.7200000286102295,17132874
2023-05-25,3.7200000286102295,4.460000038146973,3.5799999237060547,4.460000038146973,34144615
2023-05-28,4.460000038146973,5.320000171661377,4.71999979019165,5.150000095367432,27238360
2023-05-29,5.150000095367432,6.059999942779541,4.869999885559082,5.5,37328026
2023-05-30,5.5,6.449999809265137,5.599999904632568,6.0,32029826
2023-05-31,6.0,6.429999828338623,5.840000152587891,6.019999980926514,29596969
2023-06-01,6.019999980926514,6.300000190734863,5.5,5.53000020980835,20307660
2023-06-04,2.2990000247955322,2.759999990463257,2.759999990463257,2.759999990463257,3898194
2023-06-05,2.759999990463257,3.309999942779541,3.0,3.309999942779541,13058361
2023-06-06,3.309999942779541,3.9700000286102295,3.2799999713897705,3.9700000286102295,38434043
2023-06-07,3.9700000286102295,4.760000228881836,3.9800000190734863,4.760000228881836,38787342
2023-06-08,4.760000228881836,5.5,4.300000190734863,4.820000171661377,35730389
2023-06-11,4.820000171661377,5.159999847412109,4.510000228881836,4.610000133514404,24258132
2023-06-12,4.610000133514404,4.699999809265137,4.119999885559082,4.139999866485596,9394640
2023-06-13,4.139999866485596,4.320000171661377,3.6700000762939453,4.0,25711059
2023-06-14,4.0,4.25,3.6700000762939453,3.819999933242798,26436648
2023-06-15,3.819999933242798,3.859999895095825,3.4800000190734863,3.569999933242798,24719127
2023-06-18,3.569999933242798,3.990000009536743,3.5299999713897705,3.990000009536743,24765787
2023-06-19,3.990000009536743,4.230000019073486,3.9200000762939453,4.059999942779541,29391087
2023-06-20,4.059999942779541,4.699999809265137,3.9800000190734863,4.559999942779541,42679849
2023-06-21,4.559999942779541,4.900000095367432,4.340000152587891,4.349999904632568,39588190
2023-06-22,4.349999904632568,4.519999980926514,3.950000047683716,4.130000114440918,34754612
2023-06-25,4.130000114440918,4.260000228881836,3.9700000286102295,4.019999980926514,17353597
2023-06-26,4.019999980926514,4.260000228881836,3.9800000190734863,4.21999979019165,28945893
2023-07-04,4.21999979019165,4.400000095367432,4.070000171661377,4.099999904632568,23893365
2023-07-05,4.099999904632568,4.539999961853027,4.070000171661377,4.519999980926514,35396099
2023-07-06,4.519999980926514,4.650000095367432,4.150000095367432,4.179999828338623,36096938
2023-07-09,4.179999828338623,4.210000038146973,3.3499999046325684,3.3499999046325684,23454281
2023-07-10,3.3499999046325684,3.9800000190734863,3.2100000381469727,3.9800000190734863,22888079
2023-07-11,3.9800000190734863,4.239999771118164,3.990000009536743,4.039999961853027,31245530
2023-07-12,4.039999961853027,4.300000190734863,4.050000190734863,4.079999923706055,23053779
2023-07-13,4.079999923706055,4.170000076293945,4.050000190734863,4.099999904632568,17815258
2023-07-16,4.099999904632568,4.139999866485596,3.9000000953674316,3.990000009536743,13947193
2023-07-17,3.990000009536743,4.190000057220459,3.809999942779541,4.170000076293945,26419848
2023-07-18,4.170000076293945,4.199999809265137,4.039999961853027,4.070000171661377,22956134
2023-07-19,4.070000171661377,4.070000171661377,4.070000171661377,4.070000171661377,0
2023-07-24,4.300000190734863,4.300000190734863,3.9000000953674316,3.9000000953674316,36260987
2023-07-25,3.9000000953674316,4.03000020980835,3.569999933242798,3.690000057220459,35865942
2023-07-26,3.690000057220459,3.4600000381469727,2.9600000381469727,2.9700000286102295,24392207
2023-07-27,2.9700000286102295,3.3499999046325684,2.380000114440918,3.140000104904175,454890496
2023-07-30,3.140000104904175,3.2799999713897705,2.950000047683716,3.009999990463257,234680459
2023-07-31,3.009999990463257,3.119999885559082,2.990000009536743,3.119999885559082,141654350
2023-08-01,3.119999885559082,3.430000066757202,3.130000114440918,3.430000066757202,233940809
2023-08-02,3.430000066757202,3.740000009536743,3.430000066757202,3.5,393243315
2023-08-03,3.5,3.6600000858306885,3.4600000381469727,3.569999933242798,241655422
2023-08-06,3.569999933242798,3.75,3.630000114440918,3.7300000190734863,196714920
2023-08-07,3.7300000190734863,3.950000047683716,3.7799999713897705,3.950000047683716,233700828
2023-08-08,3.950000047683716,4.039999961853027,3.819999933242798,3.8499999046325684,275116650
2023-08-09,3.8499999046325684,3.9000000953674316,3.6500000953674316,3.6700000762939453,174702538
2023-08-10,3.6700000762939453,3.7200000286102295,3.5899999141693115,3.640000104904175,139714388
2023-08-13,3.640000104904175,3.809999942779541,3.619999885559082,3.7799999713897705,135244515
2023-08-14,3.7799999713897705,3.9000000953674316,3.700000047683716,3.700000047683716,151350298
2023-08-15,3.700000047683716,3.75,3.630000114440918,3.640000104904175,127686774
2023-08-16,3.640000104904175,3.6600000858306885,3.4100000858306885,3.4100000858306885,141381889
2023-08-17,3.4100000858306885,3.5,3.369999885559082,3.440000057220459,105040489
2023-08-20,3.440000057220459,3.549999952316284,3.4600000381469727,3.5199999809265137,100629109
2023-08-21,3.5199999809265137,3.559999942779541,3.359999895095825,3.369999885559082,99593492
2023-08-22,3.369999885559082,3.490000009536743,3.3299999237060547,3.4200000762939453,84031390
2023-08-23,3.4200000762939453,3.4800000190734863,3.2699999809265137,3.2799999713897705,134531861
2023-08-24,3.2799999713897705,3.3299999237060547,3.119999885559082,3.200000047683716,115231488
2023-08-27,3.200000047683716,3.2799999713897705,3.180000066757202,3.2200000286102295,46613987
2023-08-28,3.2200000286102295,3.390000104904175,3.2200000286102295,3.3399999141693115,161128668
2023-08-29,3.3399999141693115,3.430000066757202,3.319999933242798,3.3399999141693115,98617280
2023-08-30,3.3399999141693115,3.380000114440918,3.259999990463257,3.259999990463257,44923668
2023-08-31,3.259999990463257,3.259999990463257,3.259999990463257,3.259999990463257,0
2023-09-03,3.190000057220459,3.2300000190734863,3.109999895095825,3.140000104904175,49738110
2023-09-04,3.140000104904175,3.2699999809265137,3.1600000858306885,3.240000009536743,72519580
2023-09-05,3.240000009536743,3.309999942779541,3.1700000762939453,3.1700000762939453,76303240
2023-09-06,3.1700000762939453,3.2100000381469727,3.119999885559082,3.140000104904175,44629606
2023-09-07,3.140000104904175,3.2100000381469727,3.119999885559082,3.2100000381469727,38933162
2023-09-10,3.2100000381469727,3.2100000381469727,3.2100000381469727,3.2100000381469727,0
2023-09-11,3.200000047683716,3.2100000381469727,3.109999895095825,3.119999885559082,46774258
2023-09-12,3.119999885559082,3.1600000858306885,3.049999952316284,3.069999933242798,50252058
2023-09-13,3.069999933242798,3.130000114440918,3.069999933242798,3.109999895095825,35948645
2023-09-14,3.109999895095825,3.1600000858306885,3.069999933242798,3.069999933242798,42076647
2023-09-17,3.069999933242798,3.259999990463257,3.069999933242798,3.240000009536743,103019391
2023-09-18,3.240000009536743,3.299999952316284,3.200000047683716,3.200000047683716,105700063
2023-09-19,3.200000047683716,3.240000009536743,3.119999885559082,3.140000104904175,86682575
2023-09-20,3.140000104904175,3.140000104904175,3.140000104904175,3.140000104904175,0
2023-09-21,3.140000104904175,3.140000104904175,3.140000104904175,3.140000104904175,0
2023-09-24,3.140000104904175,3.140000104904175,3.140000104904175,3.140000104904175,0
2023-09-25,3.0899999141693115,3.1600000858306885,3.069999933242798,3.0799999237060547,43881913
2023-09-26,3.0799999237060547,3.1700000762939453,3.069999933242798,3.069999933242798,64918494
2023-09-27,3.069999933242798,3.069999933242798,3.069999933242798,3.069999933242798,0
2023-10-01,3.069999933242798,3.069999933242798,3.069999933242798,3.069999933242798,0
2023-10-02,2.9200000762939453,2.9600000381469727,2.819999933242798,2.880000114440918,64659374
2023-10-03,2.880000114440918,2.9000000953674316,2.7699999809265137,2.7899999618530273,35329412
2023-10-04,2.7899999618530273,2.930000066757202,2.7799999713897705,2.9200000762939453,54351290
2023-10-08,2.9200000762939453,2.940000057220459,2.609999895095825,2.75,89512993
2023-10-09,2.75,2.819999933242798,2.700000047683716,2.759999990463257,65141890
2023-10-10,2.759999990463257,2.880000114440918,2.759999990463257,2.869999885559082,60595866
2023-10-11,2.869999885559082,2.9000000953674316,2.7699999809265137,2.7799999713897705,47513746
2023-10-12,2.7799999713897705,2.8299999237060547,2.759999990463257,2.7799999713897705,35458920
2023-10-15,2.7799999713897705,2.890000104904175,2.7799999713897705,2.890000104904175,62493270
2023-10-16,2.890000104904175,3.069999933242798,2.890000104904175,2.9600000381469727,139008263
2023-10-17,2.9600000381469727,3.049999952316284,2.940000057220459,2.9800000190734863,91762327
2023-10-18,2.9800000190734863,3.0899999141693115,2.940000057220459,3.049999952316284,103885721
2023-10-19,3.049999952316284,3.049999952316284,3.049999952316284,3.049999952316284,0
2023-10-22,3.0199999809265137,3.109999895095825,3.0,3.069999933242798,63593625
2023-10-23,3.069999933242798,3.1500000953674316,3.069999933242798,3.069999933242798,77437278
2023-10-24,3.069999933242798,3.0999999046325684,2.9600000381469727,2.9800000190734863,79562127
2023-10-25,2.9800000190734863,3.059999942779541,2.9800000190734863,3.0299999713897705,94299771
2023-10-26,3.0299999713897705,3.0999999046325684,3.0199999809265137,3.0399999618530273,102825185
2023-10-29,3.0399999618530273,3.569999933242798,3.059999942779541,3.5199999809265137,353625172
2023-10-30,3.5199999809265137,3.7100000381469727,3.5399999618530273,3.549999952316284,222605606
2023-10-31,3.549999952316284,3.680000066757202,3.4700000286102295,3.5299999713897705,224073535
2023-11-01,3.5299999713897705,3.630000114440918,3.430000066757202,3.5199999809265137,118988361
2023-11-02,3.5199999809265137,3.619999885559082,3.5299999713897705,3.5399999618530273,73889538
2023-11-05,3.5399999618530273,3.8499999046325684,3.5799999237060547,3.8499999046325684,211740566
2023-11-06,3.8499999046325684,3.9000000953674316,3.75,3.759999990463257,139145884
2023-11-07,3.759999990463257,3.950000047683716,3.7699999809265137,3.7699999809265137,152622068
2023-11-08,3.7699999809265137,3.869999885559082,3.7100000381469727,3.75,95792795
2023-11-09,3.75,3.880000114440918,3.6500000953674316,3.740000009536743,122243868
2023-11-12,3.740000009536743,3.8299999237060547,3.6500000953674316,3.6700000762939453,99282545
2023-11-13,3.6700000762939453,3.759999990463257,3.640000104904175,3.680000066757202,74948668
2023-11-14,3.680000066757202,3.819999933242798,3.690000057220459,3.7300000190734863,147946541
2023-11-15,3.7300000190734863,3.799999952316284,3.7100000381469727,3.740000009536743,74805483
2023-11-16,3.740000009536743,3.880000114440918,3.7799999713897705,3.8299999237060547,114145719
2023-11-19,3.8299999237060547,3.9000000953674316,3.7899999618530273,3.799999952316284,108918780
2023-11-20,3.799999952316284,3.8499999046325684,3.7100000381469727,3.7100000381469727,87254851
2023-11-21,3.7100000381469727,3.759999990463257,3.640000104904175,3.640000104904175,76828789
2023-11-22,3.640000104904175,3.7200000286102295,3.6500000953674316,3.7200000286102295,64982891
2023-11-23,3.7200000286102295,3.8399999141693115,3.740000009536743,3.7799999713897705,127641627
2023-11-26,3.7799999713897705,3.859999895095825,3.7100000381469727,3.7200000286102295,114528278
2023-11-27,3.7200000286102295,3.7699999809265137,3.6500000953674316,3.6500000953674316,107856742
2023-11-28,3.6500000953674316,3.7100000381469727,3.5199999809265137,3.5299999713897705,93432482
2023-11-29,3.5299999713897705,3.569999933242798,3.3299999237060547,3.3499999046325684,132975653
2023-11-30,3.3499999046325684,3.6600000858306885,3.299999952316284,3.390000104904175,107968010
2023-12-03,3.390000104904175,3.440000057220459,3.359999895095825,3.390000104904175,43326085
2023-12-04,3.390000104904175,3.609999895095825,3.4100000858306885,3.5799999237060547,106444875
2023-12-05,3.5799999237060547,3.799999952316284,3.569999933242798,3.5799999237060547,147983350
2023-12-06,3.5799999237060547,3.6500000953674316,3.4600000381469727,3.4800000190734863,55597791
2023-12-07,3.4800000190734863,3.5399999618530273,3.369999885559082,3.5299999713897705,48366131
2023-12-10,3.5299999713897705,3.5999999046325684,3.359999895095825,3.380000114440918,53723290
2023-12-11,3.380000114440918,3.4000000953674316,3.2200000286102295,3.2799999713897705,78279820
2023-12-12,3.2799999713897705,3.3499999046325684,3.240000009536743,3.259999990463257,62291217
2023-12-13,3.259999990463257,3.450000047683716,3.2300000190734863,3.2699999809265137,86285877
2023-12-14,3.2699999809265137,3.440000057220459,3.2899999618530273,3.4200000762939453,114325444
2023-12-17,3.4200000762939453,3.4600000381469727,3.369999885559082,3.380000114440918,72341998
2023-12-18,3.380000114440918,3.4200000762939453,3.3499999046325684,3.369999885559082,51787406
2023-12-19,3.369999885559082,3.4200000762939453,3.2699999809265137,3.2799999713897705,60033232
2023-12-20,3.2799999713897705,3.3399999141693115,3.259999990463257,3.2899999618530273,44085957
2023-12-21,3.2899999618530273,3.3299999237060547,3.2300000190734863,3.240000009536743,42682067
2023-12-24,3.240000009536743,3.240000009536743,3.240000009536743,3.240000009536743,0
2023-12-25,3.109999895095825,3.200000047683716,3.069999933242798,3.1500000953674316,45415258
2023-12-26,3.1500000953674316,3.490000009536743,3.1500000953674316,3.309999942779541,116449409
2023-12-27,3.309999942779541,3.369999885559082,3.2799999713897705,3.309999942779541,64345629
2023-12-28,3.309999942779541,3.630000114440918,3.3299999237060547,3.359999895095825,112378239
2023-12-31,3.359999895095825,3.4200000762939453,3.319999933242798,3.3399999141693115,64819492
2024-01-02,3.3399999141693115,3.5399999618530273,3.3499999046325684,3.5399999618530273,92563165
2024-01-03,3.5399999618530273,3.809999942779541,3.569999933242798,3.640000104904175,177774617
2024-01-04,3.640000104904175,3.6600000858306885,3.5199999809265137,3.5399999618530273,84632487
2024-01-08,3.5399999618530273,3.559999942779541,3.4700000286102295,3.490000009536743,50655858
2024-01-09,3.490000009536743,3.5999999046325684,3.509999990463257,3.5999999046325684,71060166
2024-01-10,3.5999999046325684,3.640000104904175,3.569999933242798,3.5799999237060547,66235705
2024-01-11,3.5799999237060547,3.5999999046325684,3.490000009536743,3.490000009536743,61756651
2024-01-14,3.490000009536743,3.549999952316284,3.5,3.5399999618530273,37532237
2024-01-15,3.5399999618530273,3.619999885559082,3.5399999618530273,3.549999952316284,64517509
2024-01-16,3.549999952316284,3.759999990463257,3.5399999618530273,3.759999990463257,134590912
2024-01-17,3.759999990463257,3.799999952316284,3.6600000858306885,3.6600000858306885,108510305
2024-01-18,3.6600000858306885,3.7699999809265137,3.6700000762939453,3.690000057220459,101140559
2024-01-21,3.690000057220459,3.740000009536743,3.680000066757202,3.680000066757202,94348779
2024-01-22,3.680000066757202,4.0,3.680000066757202,3.930000066757202,252510622
2024-01-23,3.930000066757202,4.170000076293945,3.940000057220459,3.940000057220459,253786590
2024-01-24,3.940000057220459,4.119999885559082,3.940000057220459,3.990000009536743,200180748
2024-01-28,3.990000009536743,4.099999904632568,3.9100000858306885,3.950000047683716,141633736
2024-01-29,3.950000047683716,4.0,3.8299999237060547,3.8299999237060547,106629473
2024-01-30,3.8299999237060547,3.9200000762939453,3.7899999618530273,3.8399999141693115,134884463
2024-01-31,3.8399999141693115,3.9000000953674316,3.309999942779541,3.390000104904175,173711806
2024-02-01,3.390000104904175,3.5,3.2100000381469727,3.4200000762939453,85466340
2024-02-04,3.4200000762939453,3.440000057220459,3.3399999141693115,3.4100000858306885,46417916
2024-02-05,3.4100000858306885,3.609999895095825,3.450000047683716,3.5299999713897705,95958605
2024-02-06,3.5299999713897705,3.609999895095825,3.4200000762939453,3.4200000762939453,103184072
2024-02-07,3.4200000762939453,3.490000009536743,3.380000114440918,3.4100000858306885,69328754
2024-02-08,3.4100000858306885,3.5199999809265137,3.4000000953674316,3.4600000381469727,70718968
2024-02-11,3.4600000381469727,3.5,3.3399999141693115,3.380000114440918,62252897
2024-02-12,3.380000114440918,3.4000000953674316,3.309999942779541,3.390000104904175,42553789
2024-02-13,3.390000104904175,3.430000066757202,3.359999895095825,3.380000114440918,53670725
2024-02-14,3.380000114440918,3.5,3.390000104904175,3.5,107509234
2024-02-15,3.5,3.609999895095825,3.509999990463257,3.549999952316284,150378489
2024-02-18,3.549999952316284,3.549999952316284,3.549999952316284,3.549999952316284,0
2024-02-19,3.75,3.7699999809265137,3.630000114440918,3.680000066757202,119031672
2024-02-20,3.680000066757202,3.740000009536743,3.5199999809265137,3.549999952316284,158857699
2024-02-21,3.549999952316284,3.5799999237060547,3.5,3.509999990463257,81925990
2024-02-22,3.509999990463257,3.569999933242798,3.4800000190734863,3.5,72134183
2024-02-25,3.5,3.4800000190734863,3.259999990463257,3.3299999237060547,86941248
2024-02-26,3.3299999237060547,3.440000057220459,3.3299999237060547,3.359999895095825,58623175
2024-02-27,3.359999895095825,3.5799999237060547,3.4000000953674316,3.4000000953674316,98323599
2024-02-28,3.4000000953674316,3.4800000190734863,3.319999933242798,3.319999933242798,58737621
2024-02-29,3.319999933242798,3.359999895095825,3.240000009536743,3.2799999713897705,45358410
2024-03-03,3.2799999713897705,3.3299999237060547,3.2699999809265137,3.309999942779541,46392007
2024-03-04,3.309999942779541,3.5299999713897705,3.3499999046325684,3.5299999713897705,89867256
2024-03-05,3.5299999713897705,3.5799999237060547,3.4100000858306885,3.430000066757202,69156743
2024-03-06,3.430000066757202,3.549999952316284,3.299999952316284,3.3499999046325684,64702326
2024-03-07,3.3499999046325684,3.380000114440918,3.2799999713897705,3.3499999046325684,35744816
2024-03-10,3.3499999046325684,3.6600000858306885,3.380000114440918,3.6600000858306885,102450464
2024-03-11,3.6600000858306885,3.740000009536743,3.5399999618530273,3.549999952316284,126180271
2024-03-12,3.549999952316284,3.569999933242798,3.440000057220459,3.490000009536743,44092532
2024-03-13,3.490000009536743,3.75,3.4200000762939453,3.430000066757202,81039467
2024-03-14,3.430000066757202,3.5399999618530273,3.4200000762939453,3.5399999618530273,47921404
2024-03-17,3.5399999618530273,3.7200000286102295,3.549999952316284,3.5999999046325684,117418876
2024-03-18,3.5999999046325684,3.609999895095825,3.4000000953674316,3.4100000858306885,76018413
2024-03-19,3.4100000858306885,3.450000047683716,3.359999895095825,3.440000057220459,44217007
2024-03-20,3.440000057220459,3.490000009536743,3.369999885559082,3.369999885559082,48153453
2024-03-21,3.369999885559082,3.569999933242798,3.390000104904175,3.569999933242798,83952095
2024-03-24,3.569999933242798,3.6500000953674316,3.5,3.5299999713897705,74193346
2024-03-25,3.5299999713897705,3.5799999237060547,3.5299999713897705,3.559999942779541,37341617
2024-03-26,3.559999942779541,3.630000114440918,3.5399999618530273,3.5799999237060547,64105862
2024-03-27,3.5799999237060547,3.609999895095825,3.5299999713897705,3.549999952316284,42132275
2024-03-28,3.549999952316284,3.569999933242798,3.450000047683716,3.450000047683716,45737864
2024-03-31,3.450000047683716,3.4700000286102295,3.240000009536743,3.259999990463257,49622739
2024-04-01,3.259999990463257,3.5999999046325684,3.2899999618530273,3.5999999046325684,84600665
2024-04-02,3.5999999046325684,3.609999895095825,3.4800000190734863,3.5,84969816
2024-04-03,3.5,3.5999999046325684,3.4800000190734863,3.5399999618530273,47387232
2024-04-04,3.5399999618530273,3.680000066757202,3.509999990463257,3.5399999618530273,110069245
2024-04-07,3.5399999618530273,3.5799999237060547,3.450000047683716,3.450000047683716,56023381
2024-04-08,3.450000047683716,3.509999990463257,3.4200000762939453,3.4600000381469727,40189003
2024-04-15,3.4600000381469727,3.509999990463257,3.4200000762939453,3.4800000190734863,49351927
2024-04-16,3.4800000190734863,3.8499999046325684,3.490000009536743,3.5299999713897705,125430030
2024-04-17,3.5299999713897705,3.5799999237060547,3.509999990463257,3.509999990463257,54355505
2024-04-18,3.509999990463257,3.559999942779541,3.3299999237060547,3.3399999141693115,72649783
2024-04-21,3.3399999141693115,3.430000066757202,3.359999895095825,3.380000114440918,44705959
2024-04-22,3.380000114440918,3.4200000762939453,3.319999933242798,3.3299999237060547,24654021
2024-04-23,3.3299999237060547,3.369999885559082,3.240000009536743,3.25,43548853
2024-04-24,3.25,3.259999990463257,2.930000066757202,2.950000047683716,95006914
2024-04-28,2.950000047683716,2.950000047683716,2.950000047683716,2.950000047683716,0
2024-04-29,2.799999952316284,2.9200000762939453,2.700000047683716,2.9200000762939453,37177303
2024-04-30,2.9200000762939453,2.940000057220459,2.7100000381469727,2.75,37939417
2024-05-02,2.9100000858306885,2.950000047683716,2.859999895095825,2.890000104904175,25247621
2024-05-07,2.890000104904175,2.930000066757202,2.8299999237060547,2.890000104904175,18398966
2024-05-08,2.890000104904175,2.9700000286102295,2.809999942779541,2.8399999141693115,23686883
2024-05-09,2.8399999141693115,2.880000114440918,2.809999942779541,2.819999933242798,14401440
2024-05-12,2.819999933242798,2.8499999046325684,2.630000114440918,2.700000047683716,21675245
2024-05-13,2.700000047683716,2.7200000286102295,2.549999952316284,2.7200000286102295,15497514
2024-05-14,2.7200000286102295,2.740000009536743,2.5999999046325684,2.690000057220459,18715788
2024-05-15,2.690000057220459,2.799999952316284,2.6600000858306885,2.740000009536743,20872615
2024-05-16,2.740000009536743,2.8499999046325684,2.740000009536743,2.8299999237060547,30981780
2024-05-19,2.8299999237060547,2.8299999237060547,2.8299999237060547,2.8299999237060547,0
2024-05-20,2.9100000858306885,2.930000066757202,2.859999895095825,2.869999885559082,18894381
2024-05-21,2.869999885559082,2.930000066757202,2.8299999237060547,2.8299999237060547,20445808
2024-05-22,2.8299999237060547,2.859999895095825,2.7899999618530273,2.819999933242798,18950125
2024-05-23,2.819999933242798,2.9100000858306885,2.8399999141693115,2.8499999046325684,20771882
2024-05-26,2.8499999046325684,2.8499999046325684,2.8499999046325684,2.8499999046325684,0
2024-05-27,3.009999990463257,3.0799999237060547,2.9600000381469727,2.9600000381469727,54413432
2024-05-28,2.9600000381469727,2.9600000381469727,2.880000114440918,2.940000057220459,24034408
2024-05-29,2.940000057220459,3.0799999237060547,2.930000066757202,3.059999942779541,59985417
2024-05-30,3.059999942779541,3.130000114440918,2.930000066757202,2.9700000286102295,88590126
2024-06-02,2.9700000286102295,3.009999990463257,2.930000066757202,2.950000047683716,30411413
2024-06-03,2.950000047683716,2.9700000286102295,2.859999895095825,2.869999885559082,27372002
2024-06-04,2.869999885559082,2.930000066757202,2.869999885559082,2.890000104904175,15512344
2024-06-05,2.890000104904175,2.9200000762939453,2.7899999618530273,2.8299999237060547,18466643
2024-06-06,2.8299999237060547,2.8399999141693115,2.759999990463257,2.7799999713897705,9382276
2024-06-09,2.7799999713897705,2.799999952316284,2.6600000858306885,2.6600000858306885,13548965
2024-06-10,2.6600000858306885,2.690000057220459,2.640000104904175,2.6700000762939453,9144452
2024-06-11,2.6700000762939453,2.8299999237060547,2.640000104904175,2.759999990463257,24185086
2024-06-12,2.759999990463257,2.890000104904175,2.7699999809265137,2.8499999046325684,32474525
2024-06-13,2.8499999046325684,2.9100000858306885,2.8299999237060547,2.8399999141693115,22391702
2024-06-23,2.8399999141693115,2.950000047683716,2.8499999046325684,2.940000057220459,30877947
2024-06-24,2.940000057220459,2.9700000286102295,2.890000104904175,2.9000000953674316,21628492
2024-06-25,2.9000000953674316,2.930000066757202,2.869999885559082,2.9100000858306885,13557629
2024-06-26,2.9100000858306885,3.0799999237060547,2.9200000762939453,3.059999942779541,99052063
2024-06-27,3.059999942779541,3.0799999237060547,2.9600000381469727,2.9600000381469727,56691194
2024-07-02,2.9800000190734863,3.0199999809265137,2.940000057220459,2.950000047683716,25327177
2024-07-03,2.950000047683716,3.009999990463257,2.930000066757202,2.930000066757202,26980538
2024-07-04,2.930000066757202,2.9800000190734863,2.9200000762939453,2.9800000190734863,17264553
2024-07-07,2.9800000190734863,3.069999933242798,2.990000009536743,3.0199999809265137,36622655
2024-07-08,3.0199999809265137,3.059999942779541,2.9700000286102295,2.9800000190734863,29432206
2024-07-09,2.9800000190734863,3.0,2.930000066757202,2.940000057220459,12698089
2024-07-10,2.940000057220459,3.0999999046325684,2.950000047683716,3.059999942779541,70772496
2024-07-14,3.059999942779541,3.130000114440918,3.049999952316284,3.069999933242798,73121085
2024-07-15,3.069999933242798,3.140000104904175,3.049999952316284,3.049999952316284,54104477
2024-07-16,3.049999952316284,3.069999933242798,2.9800000190734863,3.0,33762065
2024-07-17,3.0,3.0299999713897705,2.990000009536743,3.0,25017807
2024-07-18,3.0,3.0399999618530273,2.990000009536743,3.0299999713897705,33568681
2024-07-21,3.0299999713897705,3.0999999046325684,3.0299999713897705,3.0899999141693115,34985229
2024-07-22,3.0899999141693115,3.140000104904175,3.0399999618530273,3.049999952316284,70855778
2024-07-23,3.049999952316284,3.1500000953674316,3.0399999618530273,3.130000114440918,47963308
2024-07-24,3.130000114440918,3.180000066757202,3.119999885559082,3.130000114440918,63589768
2024-07-28,3.130000114440918,3.190000057220459,3.109999895095825,3.190000057220459,49861371
2024-07-29,3.190000057220459,3.2300000190734863,3.130000114440918,3.140000104904175,74588159
2024-07-30,3.140000104904175,3.1600000858306885,3.0999999046325684,3.130000114440918,35926090
2024-07-31,3.130000114440918,3.1700000762939453,3.119999885559082,3.119999885559082,18743670
2024-08-01,3.119999885559082,3.1600000858306885,3.0899999141693115,3.0899999141693115,21248076
2024-08-04,3.0899999141693115,3.049999952316284,2.890000104904175,2.890000104904175,41428533
2024-08-05,2.890000104904175,2.8499999046325684,2.680000066757202,2.740000009536743,34784961
2024-08-06,2.740000009536743,2.859999895095825,2.7899999618530273,2.8299999237060547,18577918
2024-08-07,2.8299999237060547,2.9100000858306885,2.819999933242798,2.880000114440918,14815061
2024-08-08,2.880000114440918,2.9100000858306885,2.8399999141693115,2.8399999141693115,15153592
2024-08-11,2.8399999141693115,2.9600000381469727,2.880000114440918,2.940000057220459,27628461
2024-08-12,2.940000057220459,3.0,2.9000000953674316,2.9000000953674316,36095873
2024-08-13,2.9000000953674316,2.930000066757202,2.859999895095825,2.880000114440918,13900421
2024-08-14,2.880000114440918,2.9200000762939453,2.859999895095825,2.890000104904175,12102055
2024-08-15,2.890000104904175,2.9700000286102295,2.9100000858306885,2.940000057220459,17150616
2024-08-18,2.940000057220459,3.0999999046325684,2.950000047683716,3.0299999713897705,65796335
2024-08-19,3.0299999713897705,3.119999885559082,3.0299999713897705,3.0399999618530273,32804672
2024-08-20,3.0399999618530273,3.0899999141693115,3.049999952316284,3.069999933242798,13635337
2024-08-21,3.069999933242798,3.25,3.0899999141693115,3.2300000190734863,102037269
2024-08-22,3.2300000190734863,3.299999952316284,3.180000066757202,3.180000066757202,89457944
2024-08-25,3.180000066757202,3.25,3.190000057220459,3.200000047683716,33579064
2024-08-26,3.200000047683716,3.319999933242798,3.1500000953674316,3.1700000762939453,108216376
2024-08-27,3.1700000762939453,3.4000000953674316,3.1500000953674316,3.4000000953674316,117385929
2024-08-28,3.4000000953674316,3.440000057220459,3.359999895095825,3.380000114440918,55603327
2024-08-29,3.380000114440918,3.549999952316284,3.369999885559082,3.509999990463257,97021164
2024-09-01,3.509999990463257,3.680000066757202,3.5,3.6500000953674316,89112218
2024-09-02,3.6500000953674316,3.6600000858306885,3.5399999618530273,3.5399999618530273,46874584
2024-09-03,3.5399999618530273,3.569999933242798,3.4800000190734863,3.5199999809265137,46133270
2024-09-04,3.5199999809265137,3.509999990463257,3.440000057220459,3.440000057220459,38985489
2024-09-05,3.440000057220459,3.5199999809265137,3.4200000762939453,3.430000066757202,25666329
2024-09-08,3.430000066757202,3.4800000190734863,3.359999895095825,3.369999885559082,35673309
2024-09-09,3.369999885559082,3.4100000858306885,3.3499999046325684,3.390000104904175,23051360
2024-09-10,3.390000104904175,3.430000066757202,3.309999942779541,3.309999942779541,31516714
2024-09-11,3.309999942779541,3.4100000858306885,3.2699999809265137,3.4000000953674316,26457480
2024-09-12,3.4000000953674316,3.4200000762939453,3.2899999618530273,3.309999942779541,30201585
2024-09-16,3.309999942779541,3.359999895095825,3.259999990463257,3.2699999809265137,20119847
2024-09-17,3.2699999809265137,3.299999952316284,3.1700000762939453,3.1700000762939453,36694505
2024-09-18,3.1700000762939453,3.240000009536743,3.140000104904175,3.240000009536743,21868484
2024-09-19,3.240000009536743,3.2699999809265137,3.200000047683716,3.2100000381469727,20243716
2024-09-22,3.2100000381469727,3.5399999618530273,3.2300000190734863,3.3499999046325684,27835853
2024-09-23,3.3499999046325684,3.369999885559082,3.2799999713897705,3.2799999713897705,22110282
2024-09-24,3.2799999713897705,3.2799999713897705,3.2799999713897705,3.2799999713897705,0
2024-09-25,3.259999990463257,3.319999933242798,3.259999990463257,3.309999942779541,16834452
2024-09-26,3.309999942779541,3.380000114440918,3.299999952316284,3.309999942779541,44264278
2024-09-29,3.309999942779541,3.440000057220459,3.319999933242798,3.380000114440918,62868842
2024-09-30,3.380000114440918,3.4200000762939453,3.3399999141693115,3.3499999046325684,29008321
2024-10-01,3.3499999046325684,3.430000066757202,3.359999895095825,3.369999885559082,37409502
2024-10-02,3.369999885559082,3.380000114440918,3.240000009536743,3.2699999809265137,39651290
2024-10-03,3.2699999809265137,3.299999952316284,3.2300000190734863,3.240000009536743,24804197
2024-10-07,3.240000009536743,3.2699999809265137,3.1700000762939453,3.1700000762939453,20294465
2024-10-08,3.1700000762939453,3.180000066757202,3.059999942779541,3.059999942779541,61748631
2024-10-09,3.059999942779541,3.109999895095825,3.0399999618530273,3.109999895095825,26069274
2024-10-10,3.109999895095825,3.1600000858306885,3.0,3.0,31155901
2024-10-13,3.0,3.049999952316284,2.9000000953674316,2.9000000953674316,29873474
2024-10-14,2.9000000953674316,2.9600000381469727,2.8499999046325684,2.9100000858306885,26550427
2024-10-15,2.9100000858306885,2.9700000286102295,2.9000000953674316,2.9100000858306885,26306675
2024-10-16,2.9100000858306885,2.9700000286102295,2.9000000953674316,2.9000000953674316,38712163
2024-10-17,2.9000000953674316,2.9200000762939453,2.8399999141693115,2.8399999141693115,25570830
2024-10-20,2.8399999141693115,2.8499999046325684,2.7899999618530273,2.8299999237060547,12812254
2024-10-21,2.8299999237060547,2.9100000858306885,2.799999952316284,2.9000000953674316,16003755
2024-10-22,2.9000000953674316,3.049999952316284,2.9000000953674316,3.049999952316284,23800702
2024-10-23,3.049999952316284,3.069999933242798,2.9700000286102295,2.9700000286102295,23713175
2024-10-24,2.9700000286102295,3.009999990463257,2.950000047683716,2.9700000286102295,16739691
2024-10-27,2.9700000286102295,3.059999942779541,2.990000009536743,3.049999952316284,16754953
2024-10-28,3.049999952316284,3.109999895095825,3.0399999618530273,3.0399999618530273,26833897
2024-10-29,3.0399999618530273,3.069999933242798,2.9600000381469727,2.9600000381469727,27364415
2024-10-30,2.9600000381469727,2.990000009536743,2.9200000762939453,2.940000057220459,14597457
2024-10-31,2.940000057220459,2.9800000190734863,2.930000066757202,2.9700000286102295,21867728
2024-11-03,2.9700000286102295,3.0299999713897705,2.990000009536743,2.990000009536743,21553119
2024-11-04,2.990000009536743,3.009999990463257,2.950000047683716,2.950000047683716,15102484
2024-11-05,2.950000047683716,2.9800000190734863,2.940000057220459,2.950000047683716,10435356
2024-11-06,2.950000047683716,3.0399999618530273,2.9700000286102295,3.0199999809265137,26575740
2024-11-07,3.0199999809265137,3.059999942779541,3.0,3.0,25765989
2024-11-10,3.0,3.0299999713897705,2.990000009536743,3.009999990463257,13468222
2024-11-11,3.009999990463257,3.069999933242798,3.0,3.059999942779541,39758446
2024-11-12,3.059999942779541,3.119999885559082,3.069999933242798,3.0799999237060547,66648301
2024-11-13,3.0799999237060547,3.0999999046325684,3.0399999618530273,3.0399999618530273,19469813
2024-11-14,3.0399999618530273,3.059999942779541,3.0199999809265137,3.0199999809265137,13033799
2024-11-17,3.0199999809265137,3.0299999713897705,2.9800000190734863,3.0199999809265137,15988255
2024-11-18,3.0199999809265137,3.059999942779541,2.9600000381469727,2.9600000381469727,22048117
2024-11-19,2.9600000381469727,2.9800000190734863,2.9100000858306885,2.9100000858306885,25478433
2024-11-20,2.9100000858306885,2.950000047683716,2.880000114440918,2.890000104904175,16082034
2024-11-21,2.890000104904175,2.940000057220459,2.890000104904175,2.9000000953674316,22521865
2024-11-24,2.9000000953674316,2.9600000381469727,2.880000114440918,2.880000114440918,30798333
2024-11-25,2.880000114440918,2.9100000858306885,2.8399999141693115,2.859999895095825,25527483
2024-11-26,2.859999895095825,2.890000104904175,2.8499999046325684,2.8499999046325684,18585802
2024-11-27,2.8499999046325684,2.880000114440918,2.799999952316284,2.809999942779541,21017176
2024-11-28,2.809999942779541,2.859999895095825,2.7899999618530273,2.859999895095825,15811522
2024-12-01,2.859999895095825,2.9000000953674316,2.869999885559082,2.880000114440918,17561802
2024-12-02,2.880000114440918,2.9100000858306885,2.859999895095825,2.859999895095825,17059411
2024-12-03,2.859999895095825,2.890000104904175,2.8499999046325684,2.8499999046325684,13536776
2024-12-04,2.8499999046325684,2.890000104904175,2.859999895095825,2.869999885559082,9872992
2024-12-05,2.869999885559082,2.9700000286102295,2.869999885559082,2.940000057220459,40384384
2024-12-08,2.940000057220459,3.009999990463257,2.940000057220459,2.9600000381469727,31034959
2024-12-09,2.9600000381469727,2.9700000286102295,2.9200000762939453,2.9200000762939453,17416869
2024-12-10,2.9200000762939453,2.940000057220459,2.869999885559082,2.890000104904175,15837153
2024-12-11,2.890000104904175,2.950000047683716,2.880000114440918,2.9000000953674316,27931190
2024-12-12,2.9000000953674316,2.930000066757202,2.869999885559082,2.890000104904175,22778235
2024-12-15,2.890000104904175,2.950000047683716,2.880000114440918,2.880000114440918,46855355
2024-12-16,2.880000114440918,2.940000057220459,2.890000104904175,2.9000000953674316,23929944
2024-12-17,2.9000000953674316,2.9200000762939453,2.869999885559082,2.869999885559082,17507507
2024-12-18,2.869999885559082,2.890000104904175,2.809999942779541,2.819999933242798,19822967
2024-12-19,2.819999933242798,2.819999933242798,2.759999990463257,2.799999952316284,16239631
2024-12-22,2.799999952316284,2.8299999237060547,2.759999990463257,2.759999990463257,21215069
2024-12-23,2.759999990463257,2.7799999713897705,2.640000104904175,2.6700000762939453,34333496
2024-12-24,2.6700000762939453,2.690000057220459,2.640000104904175,2.690000057220459,20044191
2024-12-25,2.690000057220459,2.799999952316284,2.700000047683716,2.7100000381469727,61032204
2024-12-26,2.7100000381469727,2.7300000190734863,2.640000104904175,2.6500000953674316,23565385
2024-12-29,2.6500000953674316,2.6700000762939453,2.549999952316284,2.559999942779541,27585411
2024-12-30,2.559999942779541,2.5799999237060547,2.3299999237060547,2.380000114440918,57430052
2024-12-31,2.380000114440918,2.4800000190734863,2.309999942779541,2.440000057220459,57214198
2025-01-02,2.440000057220459,2.5799999237060547,2.440000057220459,2.569999933242798,29081420
2025-01-05,2.569999933242798,2.5899999141693115,2.509999990463257,2.5199999809265137,17702376
2025-01-06,2.5199999809265137,2.5299999713897705,2.450000047683716,2.4700000286102295,20965310
2025-01-08,2.4700000286102295,2.4800000190734863,2.4000000953674316,2.4200000762939453,18911767
2025-01-09,2.4200000762939453,2.450000047683716,2.4100000858306885,2.4200000762939453,13702572
2025-01-12,2.4200000762939453,2.4100000858306885,2.3399999141693115,2.390000104904175,19420935
2025-01-13,2.390000104904175,2.430000066757202,2.3299999237060547,2.3399999141693115,17791903
2025-01-14,2.3399999141693115,2.359999895095825,2.2699999809265137,2.3399999141693115,17265144
2025-01-15,2.3399999141693115,2.380000114440918,2.3299999237060547,2.3499999046325684,24669577
2025-01-16,2.3499999046325684,2.440000057220459,2.3499999046325684,2.430000066757202,21590836
2025-01-19,2.3499999046325684,2.5,2.3499999046325684,2.4600000381469727,46491073
2025-01-20,2.4700000286102295,2.490000009536743,2.430000066757202,2.440000057220459,14519971
2025-01-21,2.440000057220459,2.5199999809265137,2.440000057220459,2.509999990463257,20397756
2025-01-22,2.509999990463257,2.5399999618530273,2.4700000286102295,2.4700000286102295,22280347
2025-01-23,2.4700000286102295,2.490000009536743,2.440000057220459,2.450000047683716,10566077
2025-01-26,2.450000047683716,2.5,2.440000057220459,2.450000047683716,9835985
2025-01-27,2.450000047683716,2.4600000381469727,2.390000104904175,2.4000000953674316,11721557
2025-01-28,2.4000000953674316,2.430000066757202,2.390000104904175,2.390000104904175,10359419
2025-01-29,2.390000104904175,2.4600000381469727,2.390000104904175,2.440000057220459,12170210
2025-01-30,2.440000057220459,2.4700000286102295,2.440000057220459,2.4700000286102295,8460426
2025-02-02,2.4700000286102295,2.4800000190734863,2.4000000953674316,2.4000000953674316,11700089
2025-02-03,2.4000000953674316,2.569999933242798,2.4100000858306885,2.509999990463257,81043181
2025-02-04,2.509999990463257,2.609999895095825,2.5199999809265137,2.5299999713897705,53541061
2025-02-05,2.5299999713897705,2.559999942779541,2.509999990463257,2.5299999713897705,25523967
2025-02-06,2.5299999713897705,2.559999942779541,2.4800000190734863,2.4800000190734863,16073085
2025-02-09,2.4800000190734863,2.5199999809265137,2.4600000381469727,2.4700000286102295,11184945
2025-02-10,2.4700000286102295,2.5199999809265137,2.4600000381469727,2.490000009536743,10354888
2025-02-11,2.490000009536743,2.5,2.4100000858306885,2.430000066757202,15082076
2025-02-12,2.430000066757202,2.4200000762939453,2.369999885559082,2.4100000858306885,10002827
2025-02-13,2.4100000858306885,2.430000066757202,2.390000104904175,2.390000104904175,8332699
2025-02-16,2.390000104904175,2.4700000286102295,2.4100000858306885,2.4600000381469727,9483272
2025-02-17,2.4600000381469727,2.6600000858306885,2.490000009536743,2.640000104904175,71829898
2025-02-18,2.640000104904175,2.690000057220459,2.5799999237060547,2.680000066757202,38839328
2025-02-19,2.680000066757202,2.7200000286102295,2.609999895095825,2.609999895095825,58960394
2025-02-20,2.609999895095825,2.6700000762939453,2.5299999713897705,2.5299999713897705,38355841
2025-02-23,2.2479419708251953,2.265712022781372,2.2301719188690186,2.2390570640563965,17420219
2025-02-24,2.2390570640563965,2.2568271160125732,2.2035160064697266,2.2124009132385254,17840377
2025-02-25,2.2124009132385254,2.274596929550171,2.1946310997009277,2.2479419708251953,21829273
2025-02-26,2.2479419708251953,2.2834830284118652,2.2212860584259033,2.2212860584259033,19676316
2025-02-27,2.2212860584259033,2.301253080368042,2.2124009132385254,2.292367935180664,56680358
2025-03-02,2.2920000553131104,2.4600000381469727,2.3399999141693115,2.3499999046325684,27716048
2025-03-03,2.3499999046325684,2.369999885559082,2.319999933242798,2.359999895095825,15453925
2025-03-04,2.359999895095825,2.359999895095825,2.2300000190734863,2.259999990463257,40059142
2025-03-05,2.259999990463257,2.2799999713897705,2.190000057220459,2.259999990463257,35249384
2025-03-06,2.259999990463257,2.2699999809265137,2.2300000190734863,2.259999990463257,12989456
2025-03-09,2.259999990463257,2.299999952316284,2.25,2.25,32023908
2025-03-10,2.25,2.2799999713897705,2.1600000858306885,2.1700000762939453,44422420
2025-03-11,2.1700000762939453,2.200000047683716,2.1500000953674316,2.1600000858306885,11742362
2025-03-12,2.1600000858306885,2.2100000381469727,2.1700000762939453,2.1700000762939453,27723426
2025-03-13,2.1700000762939453,2.200000047683716,2.109999895095825,2.140000104904175,28544496
2025-03-16,2.140000104904175,2.2699999809265137,2.130000114440918,2.2200000286102295,69057255
2025-03-17,2.2200000286102295,2.25,2.180000066757202,2.190000057220459,35600967
2025-03-18,2.190000057220459,2.2899999618530273,2.200000047683716,2.240000009536743,114829758
2025-03-19,2.240000009536743,2.2799999713897705,2.180000066757202,2.2100000381469727,69650933
2025-03-20,2.2100000381469727,2.2300000190734863,2.1500000953674316,2.190000057220459,27136335
2025-03-23,2.190000057220459,2.200000047683716,2.1600000858306885,2.180000066757202,20372471
2025-03-24,2.180000066757202,2.2100000381469727,2.140000104904175,2.140000104904175,23100310
2025-03-25,2.140000104904175,2.1600000858306885,2.0999999046325684,2.0999999046325684,32793771
2025-03-26,2.0999999046325684,2.1600000858306885,2.059999942779541,2.119999885559082,48519898
2025-03-27,2.119999885559082,2.130000114440918,2.069999933242798,2.0899999141693115,27710787
2025-04-03,2.0899999141693115,2.130000114440918,2.0799999237060547,2.119999885559082,16273150
2025-04-06,2.119999885559082,2.069999933242798,1.9500000476837158,2.0299999713897705,88199228
2025-04-07,2.0299999713897705,2.049999952316284,1.9900000095367432,2.0299999713897705,57770470
2025-04-08,2.0299999713897705,2.0799999237060547,2.0299999713897705,2.0399999618530273,22276488
2025-04-09,2.0399999618530273,2.049999952316284,2.0,2.0,53389412
2025-04-10,2.0,2.049999952316284,2.0199999809265137,2.0199999809265137,20052361
2025-04-13,2.0199999809265137,2.059999942779541,2.0199999809265137,2.0399999618530273,21548609
2025-04-14,2.0399999618530273,2.059999942779541,2.0199999809265137,2.0199999809265137,24280981
2025-04-15,2.0199999809265137,2.0799999237060547,2.0,2.049999952316284,37676743
2025-04-16,2.049999952316284,2.069999933242798,2.0199999809265137,2.049999952316284,47431484
2025-04-17,2.049999952316284,2.059999942779541,2.0299999713897705,2.0299999713897705,30823341
2025-04-22,2.0299999713897705,2.0899999141693115,2.0299999713897705,2.049999952316284,41767290
2025-04-23,2.049999952316284,2.190000057220459,2.059999942779541,2.1700000762939453,93055014
2025-04-27,2.1700000762939453,2.2799999713897705,2.1700000762939453,2.2200000286102295,99363802
2025-04-28,2.2200000286102295,2.25,2.190000057220459,2.200000047683716,31466454
2025-04-29,2.200000047683716,2.2100000381469727,2.1700000762939453,2.1700000762939453,26734903
2025-04-30,2.1700000762939453,2.2100000381469727,2.1700000762939453,2.180000066757202,23393021
2025-05-04,2.180000066757202,2.240000009536743,2.180000066757202,2.2300000190734863,30303797
2025-05-05,2.2300000190734863,2.2699999809265137,2.2200000286102295,2.240000009536743,38990495
2025-05-06,2.240000009536743,2.25,2.2100000381469727,2.25,20505754
2025-05-07,2.25,2.380000114440918,2.2300000190734863,2.3299999237060547,149812747
2025-05-08,2.3299999237060547,2.380000114440918,2.309999942779541,2.380000114440918,45198395
2025-05-11,2.380000114440918,2.4100000858306885,2.309999942779541,2.319999933242798,45939998
2025-05-12,2.319999933242798,2.3399999141693115,2.299999952316284,2.309999942779541,13424752
2025-05-13,2.309999942779541,2.3499999046325684,2.309999942779541,2.3299999237060547,20812748
2025-05-14,2.3299999237060547,2.430000066757202,2.3399999141693115,2.4000000953674316,95184469
2025-05-15,2.4000000953674316,2.4200000762939453,2.369999885559082,2.369999885559082,15372601
2025-05-18,2.369999885559082,2.4100000858306885,2.369999885559082,2.369999885559082,20967394
2025-05-19,2.369999885559082,2.380000114440918,2.3399999141693115,2.359999895095825,18165768
2025-05-20,2.359999895095825,2.559999942779541,2.359999895095825,2.549999952316284,201841834
2025-05-21,2.549999952316284,2.6600000858306885,2.509999990463257,2.6600000858306885,115223876
2025-05-22,2.6600000858306885,2.819999933242798,2.619999885559082,2.799999952316284,222598696
2025-05-25,2.799999952316284,2.940000057220459,2.75,2.940000057220459,127027004
2025-05-26,2.940000057220459,2.9600000381469727,2.7899999618530273,2.809999942779541,105653691
2025-05-27,2.809999942779541,3.049999952316284,2.809999942779541,3.0,202305268
2025-05-28,3.0,3.059999942779541,2.940000057220459,2.940000057220459,103906142
2025-05-29,2.940000057220459,3.049999952316284,2.9200000762939453,3.049999952316284,84563792
2025-06-01,3.049999952316284,3.180000066757202,3.0399999618530273,3.0799999237060547,104700434
2025-06-02,3.0799999237060547,3.109999895095825,3.049999952316284,3.049999952316284,31324347
2025-06-03,3.049999952316284,3.0899999141693115,2.950000047683716,2.950000047683716,45340735
2025-06-04,2.950000047683716,3.190000057220459,2.950000047683716,3.130000114440918,98998827
2025-06-10,3.130000114440918,3.25,3.140000104904175,3.240000009536743,64885095
2025-06-11,3.240000009536743,3.3399999141693115,3.2300000190734863,3.299999952316284,69701826
2025-06-12,3.299999952316284,3.299999952316284,3.1600000858306885,3.200000047683716,82211446
2025-06-15,3.200000047683716,3.109999895095825,2.880000114440918,3.0899999141693115,131669323
2025-06-16,3.0899999141693115,3.2100000381469727,3.059999942779541,3.069999933242798,109765925
2025-06-17,3.069999933242798,3.130000114440918,3.0299999713897705,3.0399999618530273,49753387
2025-06-18,3.0399999618530273,3.140000104904175,2.990000009536743,3.119999885559082,64211600
2025-06-19,3.119999885559082,3.1500000953674316,3.0299999713897705,3.0399999618530273,39516233
2025-06-22,3.0399999618530273,3.259999990463257,2.950000047683716,3.2300000190734863,109142350
2025-06-23,3.2300000190734863,3.4600000381469727,3.25,3.390000104904175,124275503
2025-06-24,3.390000104904175,3.559999942779541,3.4600000381469727,3.549999952316284,90495961
2025-06-25,3.549999952316284,3.6700000762939453,3.5,3.6700000762939453,78599936
2025-06-29,3.6700000762939453,3.7899999618530273,3.640000104904175,3.640000104904175,58313945
2025-06-30,3.640000104904175,3.740000009536743,3.569999933242798,3.7200000286102295,92940013
2025-07-01,3.7200000286102295,3.680000066757202,3.4700000286102295,3.4700000286102295,78478323
2025-07-02,3.4700000286102295,3.559999942779541,3.4800000190734863,3.5199999809265137,38560025
2025-07-06,3.5199999809265137,3.6500000953674316,3.5199999809265137,3.559999942779541,56430116
2025-07-07,3.559999942779541,3.630000114440918,3.5,3.5,49971847
2025-07-09,3.5,3.559999942779541,3.4600000381469727,3.5,27431531
2025-07-10,3.5,3.5399999618530273,3.4800000190734863,3.4800000190734863,31349917
2025-07-13,3.4800000190734863,3.5199999809265137,3.4000000953674316,3.4100000858306885,17694761
2025-07-14,3.4100000858306885,3.549999952316284,3.4200000762939453,3.5299999713897705,40343310
2025-07-15,3.5299999713897705,3.640000104904175,3.5399999618530273,3.559999942779541,65821455
2025-07-16,3.559999942779541,3.5999999046325684,3.440000057220459,3.4600000381469727,48750701
2025-07-17,3.4600000381469727,3.490000009536743,3.359999895095825,3.369999885559082,35236991
2025-07-20,3.369999885559082,3.569999933242798,3.380000114440918,3.509999990463257,62808314
2025-07-21,3.509999990463257,3.609999895095825,3.4700000286102295,3.490000009536743,56107195
2025-07-22,3.490000009536743,3.5,3.4200000762939453,3.490000009536743,46241843
2025-07-23,3.490000009536743,3.490000009536743,3.490000009536743,3.490000009536743,0
2025-07-27,3.5399999618530273,3.6500000953674316,3.549999952316284,3.5999999046325684,63832816
2025-07-28,3.5999999046325684,3.6700000762939453,3.490000009536743,3.509999990463257,69546891
2025-07-29,3.509999990463257,3.5799999237060547,3.450000047683716,3.5399999618530273,58682751
2025-07-30,3.5399999618530273,3.549999952316284,3.009999990463257,3.2200000286102295,175170935
2025-07-31,3.2200000286102295,3.4100000858306885,3.1700000762939453,3.369999885559082,148924654
2025-08-03,3.369999885559082,3.369999885559082,3.369999885559082,3.369999885559082,0
2025-08-04,3.369999885559082,3.369999885559082,3.369999885559082,3.369999885559082,0
2025-08-05,3.369999885559082,3.369999885559082,3.369999885559082,3.369999885559082,0
2025-08-06,3.369999885559082,3.369999885559082,3.369999885559082,3.369999885559082,0
2025-08-07,3.369999885559082,3.369999885559082,3.369999885559082,3.369999885559082,0
2025-08-10,3.0999999046325684,3.1600000858306885,3.0999999046325684,3.1500000953674316,55621895
2025-08-11,3.1500000953674316,3.180000066757202,3.059999942779541,3.069999933242798,60486585
2025-08-12,3.069999933242798,3.140000104904175,3.059999942779541,3.109999895095825,58087477
2025-08-13,3.109999895095825,3.140000104904175,3.069999933242798,3.0799999237060547,31185891
2025-08-14,3.0799999237060547,3.109999895095825,2.990000009536743,3.0,48412481
2025-08-17,3.0,3.0399999618530273,2.950000047683716,3.009999990463257,110268587
2025-08-18,3.009999990463257,3.0899999141693115,3.009999990463257,3.0399999618530273,54230649
2025-08-19,3.0399999618530273,3.119999885559082,3.0299999713897705,3.0999999046325684,74984703
2025-08-20,3.0999999046325684,3.1500000953674316,3.069999933242798,3.069999933242798,74705651
2025-08-21,3.069999933242798,3.0899999141693115,3.0399999618530273,3.049999952316284,23150394
2025-08-24,3.049999952316284,3.130000114440918,3.059999942779541,3.0899999141693115,81506019
2025-08-25,3.0899999141693115,3.140000104904175,3.0999999046325684,3.0999999046325684,61291128
2025-08-26,3.0999999046325684,3.200000047683716,3.0999999046325684,3.1700000762939453,156787725
2025-08-27,3.1700000762939453,3.2200000286102295,3.1500000953674316,3.1500000953674316,55458620
2025-08-28,3.1500000953674316,3.190000057220459,3.119999885559082,3.140000104904175,43777198
2025-08-31,3.140000104904175,3.1700000762939453,3.059999942779541,3.069999933242798,24957758
2025-09-01,3.069999933242798,3.0899999141693115,3.049999952316284,3.0899999141693115,14767602
2025-09-02,3.0899999141693115,3.109999895095825,3.049999952316284,3.069999933242798,44329030
2025-09-03,3.069999933242798,3.0799999237060547,3.009999990463257,3.009999990463257,54709138
2025-09-07,3.009999990463257,3.0999999046325684,2.990000009536743,3.0799999237060547,36214581
2025-09-08,3.0799999237060547,3.119999885559082,3.069999933242798,3.0899999141693115,29737241
2025-09-09,3.0899999141693115,3.130000114440918,3.0799999237060547,3.0999999046325684,56688453
2025-09-10,3.0999999046325684,3.1700000762939453,3.0799999237060547,3.1500000953674316,70229687
2025-09-11,3.1500000953674316,3.190000057220459,3.119999885559082,3.119999885559082,56024514
2025-09-14,3.119999885559082,3.1700000762939453,3.119999885559082,3.119999885559082,80980909
2025-09-15,3.119999885559082,3.1500000953674316,3.069999933242798,3.0799999237060547,25405890
2025-09-16,3.0799999237060547,3.0899999141693115,3.0299999713897705,3.0799999237060547,25084329
2025-09-17,3.0799999237060547,3.0899999141693115,3.0299999713897705,3.049999952316284,22841502
2025-09-18,3.049999952316284,3.119999885559082,3.049999952316284,3.0799999237060547,55961076
2025-09-21,3.0799999237060547,3.119999885559082,3.049999952316284,3.0899999141693115,35802133
2025-09-22,3.0899999141693115,3.119999885559082,3.0799999237060547,3.0999999046325684,27393895
2025-09-23,3.0999999046325684,3.1700000762939453,3.0799999237060547,3.0999999046325684,109587586
2025-09-24,3.0999999046325684,3.1700000762939453,3.0999999046325684,3.1700000762939453,32264945
2025-09-25,3.1700000762939453,3.2300000190734863,3.1700000762939453,3.1700000762939453,68044854
2025-09-28,3.1700000762939453,3.2100000381469727,3.119999885559082,3.119999885559082,61715259
2025-09-29,3.119999885559082,3.1500000953674316,3.109999895095825,3.130000114440918,24026497
2025-09-30,3.130000114440918,3.200000047683716,3.119999885559082,3.1500000953674316,57077815
2025-10-01,3.1500000953674316,3.1700000762939453,3.130000114440918,3.130000114440918,37444049
2025-10-02,3.130000114440918,3.1600000858306885,3.069999933242798,3.0899999141693115,79060024
2025-10-05,3.0899999141693115,3.109999895095825,3.069999933242798,3.109999895095825,21964718
2025-10-06,3.109999895095825,3.109999895095825,3.059999942779541,3.059999942779541,30016040
2025-10-07,3.059999942779541,3.0799999237060547,3.0199999809265137,3.0299999713897705,64676449
2025-10-08,3.0299999713897705,3.049999952316284,3.0,3.0,27589455
2025-10-12,3.0,3.0399999618530273,2.9800000190734863,3.0,44568974
2025-10-13,3.0,3.069999933242798,2.990000009536743,3.059999942779541,51835822
2025-10-14,3.059999942779541,3.0899999141693115,3.0399999618530273,3.049999952316284,35607706
2025-10-15,3.049999952316284,3.059999942779541,3.0199999809265137,3.0299999713897705,14925759
2025-10-16,3.0299999713897705,3.0899999141693115,3.0399999618530273,3.069999933242798,78457524
2025-10-19,3.069999933242798,3.109999895095825,3.059999942779541,3.0799999237060547,26506999
2025-10-20,3.0799999237060547,3.0899999141693115,3.059999942779541,3.069999933242798,17345286
2025-10-21,3.069999933242798,3.0799999237060547,3.009999990463257,3.0199999809265137,29392417
2025-10-22,3.0199999809265137,3.0299999713897705,2.990000009536743,2.990000009536743,33444625
2025-10-23,2.990000009536743,3.0899999141693115,2.990000009536743,3.059999942779541,41398322
2025-10-26,3.059999942779541,3.0999999046325684,3.059999942779541,3.069999933242798,36546593
2025-10-27,3.069999933242798,3.1600000858306885,3.059999942779541,3.1500000953674316,54771567
2025-10-28,3.1500000953674316,3.180000066757202,3.119999885559082,3.130000114440918,39901491
2025-10-29,3.130000114440918,3.130000114440918,2.9700000286102295,3.0899999141693115,124569655
2025-10-30,3.0899999141693115,3.0999999046325684,2.9800000190734863,2.9800000190734863,48088040
2025-11-02,2.9800000190734863,3.0,2.799999952316284,2.799999952316284,59752240
2025-11-03,2.799999952316284,2.8299999237060547,2.7699999809265137,2.809999942779541,24438488
2025-11-04,2.809999942779541,2.859999895095825,2.7799999713897705,2.7899999618530273,20590095
2025-11-05,2.7899999618530273,2.809999942779541,2.6500000953674316,2.7100000381469727,36349318
2025-11-06,2.7100000381469727,2.8299999237060547,2.7100000381469727,2.7899999618530273,48123690
2025-11-09,2.7899999618530273,2.9100000858306885,2.799999952316284,2.869999885559082,36032472
2025-11-10,2.869999885559082,2.950000047683716,2.8399999141693115,2.940000057220459,38655942
2025-11-11,2.940000057220459,3.059999942779541,2.930000066757202,3.049999952316284,56588699
2025-11-12,3.049999952316284,3.069999933242798,3.0299999713897705,3.069999933242798,21513765
2025-11-13,3.069999933242798,3.059999942779541,2.940000057220459,2.940000057220459,38400889
2025-11-16,2.940000057220459,3.0299999713897705,2.9200000762939453,2.9800000190734863,29787452
2025-11-17,2.9800000190734863,3.009999990463257,2.9000000953674316,2.9000000953674316,55390377
2025-11-18,2.9000000953674316,2.9100000858306885,2.8399999141693115,2.859999895095825,21055073
2025-11-19,2.859999895095825,2.9800000190734863,2.8399999141693115,2.9700000286102295,30718547
2025-11-20,2.9700000286102295,3.009999990463257,2.9000000953674316,2.9000000953674316,28642586
2025-11-23,2.9000000953674316,2.9600000381469727,2.869999885559082,2.9000000953674316,38328288
2025-11-24,2.9000000953674316,3.0,2.8499999046325684,2.9200000762939453,19103521
2025-11-25,2.9200000762939453,3.0,2.890000104904175,2.9100000858306885,48296806
2025-11-26,2.9100000858306885,3.009999990463257,2.9000000953674316,2.9200000762939453,51791633
2025-11-27,2.9200000762939453,3.0899999141693115,2.9200000762939453,3.0399999618530273,131477594
2025-11-30,3.0399999618530273,3.190000057220459,3.069999933242798,3.180000066757202,202112006
2025-12-01,3.180000066757202,3.2699999809265137,3.1500000953674316,3.2699999809265137,218988846
2025-12-02,3.2699999809265137,3.3499999046325684,3.259999990463257,3.259999990463257,120341299
2025-12-03,3.259999990463257,3.2799999713897705,3.200000047683716,3.2100000381469727,76346090
2025-12-04,3.2100000381469727,3.2699999809265137,3.200000047683716,3.200000047683716,74482703
2025-12-07,3.200000047683716,3.430000066757202,3.2300000190734863,3.4200000762939453,187072639
2025-12-08,3.4200000762939453,3.4600000381469727,3.369999885559082,3.380000114440918,131675438
2025-12-09,3.380000114440918,3.5199999809265137,3.369999885559082,3.5199999809265137,107402605
2025-12-10,3.5199999809265137,3.559999942779541,3.4700000286102295,3.490000009536743,42087033
2025-12-11,3.490000009536743,3.549999952316284,3.4800000190734863,3.4800000190734863,59992378
2025-12-14,3.4800000190734863,3.609999895095825,3.490000009536743,3.5999999046325684,105968554
2025-12-15,3.5999999046325684,3.5999999046325684,3.5199999809265137,3.549999952316284,49031158
2025-12-16,3.549999952316284,3.5799999237060547,3.440000057220459,3.4600000381469727,42544012
2025-12-17,3.4600000381469727,3.5999999046325684,3.450000047683716,3.5799999237060547,89252069
2025-12-18,3.5799999237060547,3.6600000858306885,3.5199999809265137,3.549999952316284,75339029
2025-12-21,3.549999952316284,3.5799999237060547,3.450000047683716,3.4600000381469727,51130112
2025-12-22,3.4600000381469727,3.549999952316284,3.430000066757202,3.4600000381469727,41539357
2025-12-23,3.4600000381469727,3.5,3.369999885559082,3.4800000190734863,49655509
2025-12-24,3.4800000190734863,3.559999942779541,3.4700000286102295,3.509999990463257,54192182
2025-12-25,3.509999990463257,3.559999942779541,3.490000009536743,3.5199999809265137,43467240
2025-12-28,3.5199999809265137,3.5399999618530273,3.450000047683716,3.4700000286102295,27831178
2025-12-29,3.4700000286102295,3.509999990463257,3.440000057220459,3.450000047683716,48202693
2025-12-30,3.450000047683716,3.5999999046325684,3.450000047683716,3.5299999713897705,106665045
2025-12-31,3.5299999713897705,3.609999895095825,3.4200000762939453,3.4200000762939453,121391401
2026-01-04,3.4200000762939453,3.4600000381469727,3.369999885559082,3.390000104904175,34542204
2026-01-05,3.390000104904175,3.4000000953674316,3.200000047683716,3.2100000381469727,59954268
2026-01-06,3.2100000381469727,3.2799999713897705,3.2200000286102295,3.259999990463257,31674032
2026-01-08,3.259999990463257,3.259999990463257,3.119999885559082,3.140000104904175,49720166
2026-01-11,3.140000104904175,3.2300000190734863,3.1600000858306885,3.200000047683716,38746544
2026-01-12,3.200000047683716,3.259999990463257,3.190000057220459,3.2100000381469727,60381180
2026-01-13,3.2100000381469727,3.299999952316284,3.180000066757202,3.200000047683716,56497465
2026-01-14,3.200000047683716,3.2100000381469727,3.0299999713897705,3.069999933242798,45269843
2026-01-15,3.069999933242798,3.130000114440918,3.0299999713897705,3.049999952316284,27288461
2026-01-18,3.049999952316284,3.0899999141693115,3.0299999713897705,3.069999933242798,9803246
2026-01-19,3.069999933242798,3.109999895095825,3.059999942779541,3.0999999046325684,23370784
2026-01-20,3.0999999046325684,3.140000104904175,3.069999933242798,3.0899999141693115,40615344
2026-01-21,3.0899999141693115,3.0999999046325684,3.0199999809265137,3.0399999618530273,92852166
2026-01-22,3.0399999618530273,3.0899999141693115,3.0399999618530273,3.0399999618530273,58896756
2026-01-25,3.0399999618530273,3.130000114440918,3.0399999618530273,3.130000114440918,38006457
2026-01-26,3.130000114440918,3.1700000762939453,3.059999942779541,3.059999942779541,76296681
2026-01-27,3.059999942779541,3.0899999141693115,3.059999942779541,3.059999942779541,32390680
2026-01-28,3.059999942779541,3.0799999237060547,2.990000009536743,3.0,41753414
2026-02-01,3.0,3.049999952316284,2.9200000762939453,3.049999952316284,26987891
2026-02-02,3.049999952316284,3.059999942779541,3.009999990463257,3.0299999713897705,51252613
2026-02-03,3.0299999713897705,3.2100000381469727,3.0299999713897705,3.180000066757202,118266812
2026-02-04,3.180000066757202,3.2699999809265137,3.1500000953674316,3.2200000286102295,49178488
2026-02-05,3.2200000286102295,3.2300000190734863,3.0999999046325684,3.0999999046325684,39976234
2026-02-08,3.0999999046325684,3.1700000762939453,3.0999999046325684,3.0999999046325684,30840395
2026-02-09,3.0999999046325684,3.119999885559082,3.0399999618530273,3.069999933242798,57920805
2026-02-10,3.069999933242798,3.119999885559082,3.049999952316284,3.059999942779541,68139525
2026-02-11,3.059999942779541,3.130000114440918,3.059999942779541,3.109999895095825,66627669
2026-02-12,3.109999895095825,3.1700000762939453,3.0999999046325684,3.109999895095825,53208357
2026-02-15,3.109999895095825,3.200000047683716,3.119999885559082,3.140000104904175,57391123
2026-02-16,3.140000104904175,3.1600000858306885,3.0999999046325684,3.0999999046325684,43453122
2026-02-17,3.0999999046325684,3.140000104904175,3.0899999141693115,3.109999895095825,27545367
2026-02-18,3.109999895095825,3.309999942779541,3.109999895095825,3.309999942779541,102539658
2026-02-19,3.309999942779541,3.369999885559082,3.1600000858306885,3.1600000858306885,55703927
2026-02-22,3.1600000858306885,3.259999990463257,3.0999999046325684,3.0999999046325684,54771907
2026-02-23,3.0999999046325684,3.1600000858306885,3.0999999046325684,3.1600000858306885,43401104
2026-02-24,3.1600000858306885,3.180000066757202,3.119999885559082,3.140000104904175,21603934
2026-02-25,3.140000104904175,3.1500000953674316,2.990000009536743,3.0,49667369
2026-02-26,3.0,3.0399999618530273,2.940000057220459,3.0,97844951
2026-03-01,3.0,3.0299999713897705,2.819999933242798,3.0,46360035
2026-03-02,3.0,3.0299999713897705,2.940000057220459,2.9700000286102295,39399134
2026-03-03,2.9700000286102295,2.9800000190734863,2.890000104904175,2.9200000762939453,44790567
2026-03-04,2.9200000762939453,2.9600000381469727,2.890000104904175,2.940000057220459,38674988
2026-03-05,2.940000057220459,3.009999990463257,2.940000057220459,2.9600000381469727,78045225
2026-03-08,2.9600000381469727,2.990000009536743,2.930000066757202,2.940000057220459,24554464
2026-03-09,2.940000057220459,2.9700000286102295,2.9000000953674316,2.9000000953674316,75999698
2026-03-10,2.9000000953674316,3.009999990463257,2.9200000762939453,2.9600000381469727,45794365
2026-03-11,2.9600000381469727,2.9800000190734863,2.930000066757202,2.9600000381469727,17716181
2026-03-12,2.9600000381469727,2.9600000381469727,2.9000000953674316,2.9200000762939453,26864479
2026-03-15,2.9200000762939453,2.940000057220459,2.859999895095825,2.859999895095825,27877608
2026-03-16,2.859999895095825,2.880000114440918,2.819999933242798,2.8399999141693115,27942969
2026-03-17,2.8399999141693115,2.9000000953674316,2.8399999141693115,2.9000000953674316,28406937
2026-03-18,2.9000000953674316,2.950000047683716,2.9100000858306885,2.9100000858306885,24755422
2026-03-19,2.9100000858306885,2.9100000858306885,2.9100000858306885,2.9100000858306885,0
2026-03-24,2.9100000858306885,2.940000057220459,2.9000000953674316,2.9100000858306885,17889139
2026-03-25,2.9100000858306885,2.9700000286102295,2.9000000953674316,2.9100000858306885,62281902
2026-03-26,2.9100000858306885,2.930000066757202,2.880000114440918,2.880000114440918,25563705
2026-03-29,2.880000114440918,2.9100000858306885,2.869999885559082,2.869999885559082,16193786
2026-03-30,2.869999885559082,2.9000000953674316,2.809999942779541,2.809999942779541,24965060
2026-03-31,2.809999942779541,2.859999895095825,2.809999942779541,2.809999942779541,41020777
2026-04-01,2.809999942779541,2.869999885559082,2.8299999237060547,2.8499999046325684,25763005
2026-04-02,2.8499999046325684,2.880000114440918,2.819999933242798,2.8299999237060547,31863615
2026-04-05,2.8299999237060547,2.930000066757202,2.8399999141693115,2.9200000762939453,50058296
2026-04-06,2.9200000762939453,2.950000047683716,2.869999885559082,2.869999885559082,42485495
2026-04-07,2.869999885559082,2.890000104904175,2.8299999237060547,2.8299999237060547,42461583
2026-04-08,2.8299999237060547,2.9200000762939453,2.880000114440918,2.890000104904175,22577633
2026-04-09,2.890000104904175,2.9000000953674316,2.8499999046325684,2.869999885559082,21496402
2026-04-14,2.869999885559082,2.9100000858306885,2.859999895095825,2.880000114440918,25709511
2026-04-15,2.880000114440918,2.940000057220459,2.880000114440918,2.9100000858306885,54234913
2026-04-16,2.9100000858306885,2.990000009536743,2.9100000858306885,2.940000057220459,82312754
2026-04-19,2.940000057220459,2.9700000286102295,2.9200000762939453,2.940000057220459,28753288
2026-04-20,2.940000057220459,2.950000047683716,2.890000104904175,2.9200000762939453,20953350
2026-04-21,2.9200000762939453,2.940000057220459,2.890000104904175,2.9100000858306885,36114419
2026-04-22,2.9100000858306885,2.9600000381469727,2.9000000953674316,2.940000057220459,43860982
2026-04-23,2.940000057220459,3.0799999237060547,2.9600000381469727,3.0199999809265137,152908728
2026-04-26,3.0199999809265137,3.130000114440918,3.059999942779541,3.0999999046325684,104817010
2026-04-27,3.0999999046325684,3.140000104904175,3.0799999237060547,3.0999999046325684,47009466
2026-04-28,3.0999999046325684,3.130000114440918,3.0399999618530273,3.059999942779541,45584929
2026-04-29,3.059999942779541,3.0899999141693115,3.0399999618530273,3.049999952316284,39102578
2026-04-30,3.049999952316284,3.069999933242798,3.0199999809265137,3.0399999618530273,47894012
2026-05-03,3.0399999618530273,3.109999895095825,3.0399999618530273,3.059999942779541,50409099
2026-05-04,3.059999942779541,3.140000104904175,3.049999952316284,3.049999952316284,100429729
2026-05-05,3.049999952316284,3.0799999237060547,3.0199999809265137,3.0299999713897705,47753513
2026-05-06,3.0299999713897705,3.0999999046325684,3.0299999713897705,3.059999942779541,62972633
2026-05-10,3.059999942779541,3.119999885559082,3.069999933242798,3.0999999046325684,74053391
2026-05-11,3.0999999046325684,3.25,3.130000114440918,3.190000057220459,193867096
2026-05-12,3.190000057220459,3.2200000286102295,3.1700000762939453,3.200000047683716,49693005
2026-05-13,3.200000047683716,3.2300000190734863,3.140000104904175,3.1500000953674316,46388984
2026-05-14,3.1500000953674316,3.25,3.1500000953674316,3.240000009536743,95523953
2026-05-17,3.240000009536743,3.319999933242798,3.240000009536743,3.25,101119023
2026-05-18,3.25,3.259999990463257,3.109999895095825,3.1700000762939453,85770018
2026-05-19,3.1700000762939453,3.2200000286102295,3.1500000953674316,3.1600000858306885,43580174
2026-05-20,3.1600000858306885,3.2200000286102295,3.059999942779541,3.059999942779541,96784500
2026-05-21,3.059999942779541,3.109999895095825,3.0299999713897705,3.0399999618530273,85184394
2026-05-24,3.0399999618530273,3.109999895095825,3.059999942779541,3.069999933242798,58635064
2026-05-25,3.069999933242798,3.119999885559082,3.069999933242798,3.0799999237060547,60867071
2026-05-26,3.0799999237060547,3.0799999237060547,3.0799999237060547,3.0799999237060547,0
2026-05-27,3.0799999237060547,3.0799999237060547,3.0799999237060547,3.0799999237060547,0
2026-05-28,3.0799999237060547,3.0799999237060547,3.0799999237060547,3.0799999237060547,0
2026-06-01,3.0799999237060547,3.1700000762939453,3.0999999046325684,3.1600000858306885,50203730
2026-06-02,3.1600000858306885,3.2300000190734863,3.1600000858306885,3.200000047683716,86505582
2026-06-03,3.200000047683716,3.2100000381469727,3.119999885559082,3.119999885559082,121869524
2026-06-04,3.119999885559082,3.1500000953674316,3.109999895095825,3.109999895095825,57523829
2026-06-07,3.109999895095825,3.119999885559082,3.059999942779541,3.059999942779541,55678128
2026-06-08,3.059999942779541,3.0799999237060547,3.0299999713897705,3.0299999713897705,42298224
2026-06-09,3.0299999713897705,3.130000114440918,3.049999952316284,3.130000114440918,60658783
2026-06-10,3.130000114440918,3.1500000953674316,3.0399999618530273,3.049999952316284,35542672
2026-06-11,3.049999952316284,3.049999952316284,2.9600000381469727,2.9700000286102295,49201468
2026-06-14,2.9700000286102295,3.059999942779541,3.0,3.059999942779541,33558557
2026-06-15,3.059999942779541,3.0999999046325684,2.990000009536743,3.0199999809265137,73999653
2026-06-16,3.0199999809265137,3.049999952316284,2.990000009536743,2.990000009536743,42964820
2026-06-17,2.990000009536743,2.990000009536743,2.990000009536743,2.990000009536743,0
2026-06-18,2.990000009536743,2.990000009536743,2.990000009536743,2.990000009536743,0
2026-06-21,3.009999990463257,3.140000104904175,3.0199999809265137,3.119999885559082,89951845
2026-06-22,3.119999885559082,3.119999885559082,3.119999885559082,3.119999885559082,0
2026-06-23,3.0899999141693115,3.119999885559082,3.0299999713897705,3.0399999618530273,51022998
2026-06-24,3.0399999618530273,3.059999942779541,3.0,3.0199999809265137,42763169
2026-06-25,3.0199999809265137,3.0399999618530273,2.9800000190734863,3.0299999713897705,86453307
2026-06-28,3.0299999713897705,3.0399999618530273,2.9700000286102295,3.0,41418268
2026-06-29,3.0,3.0199999809265137,2.9600000381469727,2.9800000190734863,41065807
2026-06-30,2.9800000190734863,3.0299999713897705,2.950000047683716,2.950000047683716,71802225
2026-07-01,2.950000047683716,2.9800000190734863,2.9100000858306885,2.9700000286102295,81001361
2026-07-05,2.9700000286102295,3.0199999809265137,2.9600000381469727,3.0,71865239
2026-07-06,3.0,3.0799999237060547,3.0,3.049999952316284,85386882
2026-07-07,3.049999952316284,3.1500000953674316,3.069999933242798,3.0899999141693115,171779406
2026-07-08,3.0899999141693115,3.130000114440918,3.0399999618530273,3.0399999618530273,70541396
2026-07-09,3.0399999618530273,3.069999933242798,3.0399999618530273,3.059999942779541,27995352
2026-07-12,3.059999942779541,3.0999999046325684,3.049999952316284,3.069999933242798,48771261
2026-07-13,3.069999933242798,3.0799999237060547,3.0299999713897705,3.049999952316284,55709046
2026-07-14,3.049999952316284,3.069999933242798,3.0299999713897705,3.049999952316284,50075220
2026-07-15,3.049999952316284,3.069999933242798,3.0299999713897705,3.0399999618530273,38924682
2026-07-16,3.0399999618530273,3.119999885559082,3.049999952316284,3.0899999141693115,86562445
2026-07-19,3.0899999141693115,3.200000047683716,3.0899999141693115,3.180000066757202,126966888
2026-07-20,3.180000066757202,3.200000047683716,3.0999999046325684,3.0999999046325684,82820212
2026-07-21,3.0999999046325684,3.130000114440918,3.0899999141693115,3.0999999046325684,40736443
2026-07-22,3.0999999046325684,3.109999895095825,3.069999933242798,3.0899999141693115,22711712
2026-07-26,3.0899999141693115,3.119999885559082,3.059999942779541,3.069999933242798,52691659
2026-07-27,3.069999933242798,3.130000114440918,3.059999942779541,3.0999999046325684,91722524
