Date,Open,High,Low,Close,Volume
2020-11-25,4.179999828338623,4.21999979019165,4.050000190734863,4.170000076293945,1071164
2020-11-26,4.170000076293945,4.579999923706055,4.21999979019165,4.46999979019165,7765739
2020-11-29,4.46999979019165,4.699999809265137,4.429999828338623,4.590000152587891,3413426
2020-11-30,4.590000152587891,4.539999961853027,4.380000114440918,4.449999809265137,936280
2020-12-01,4.449999809265137,4.639999866485596,4.460000038146973,4.550000190734863,1652532
2020-12-02,4.550000190734863,4.619999885559082,4.340000152587891,4.440000057220459,1344966
2020-12-03,4.440000057220459,4.78000020980835,4.460000038146973,4.599999904632568,3816414
2020-12-06,4.599999904632568,4.699999809265137,4.5,4.590000152587891,3999465
2020-12-07,4.590000152587891,4.650000095367432,4.489999771118164,4.53000020980835,1135321
2020-12-08,4.53000020980835,4.699999809265137,4.5,4.590000152587891,3323054
2020-12-09,4.590000152587891,4.690000057220459,4.460000038146973,4.559999942779541,1507635
2020-12-10,4.559999942779541,4.570000171661377,4.25,4.400000095367432,1118469
2020-12-13,4.400000095367432,4.460000038146973,4.300000190734863,4.380000114440918,607878
2020-12-14,4.380000114440918,4.5,4.380000114440918,4.420000076293945,848712
2020-12-15,4.420000076293945,4.460000038146973,4.300000190734863,4.389999866485596,840741
2020-12-16,4.389999866485596,4.449999809265137,4.199999809265137,4.300000190734863,1101695
2020-12-17,4.300000190734863,4.269999980926514,4.170000076293945,4.230000019073486,500235
2020-12-20,4.230000019073486,4.369999885559082,4.230000019073486,4.289999961853027,701902
2020-12-21,4.289999961853027,4.239999771118164,3.869999885559082,3.9100000858306885,1321663
2020-12-22,3.9100000858306885,3.9200000762939453,3.5999999046325684,3.8499999046325684,550057
2020-12-23,3.8499999046325684,4.070000171661377,3.930000066757202,4.0,899483
2020-12-24,4.0,4.090000152587891,3.930000066757202,3.9700000286102295,379273
2020-12-27,3.9700000286102295,4.0,3.869999885559082,3.9000000953674316,444401
2020-12-28,3.9000000953674316,4.110000133514404,3.950000047683716,4.039999961853027,1257444
2020-12-29,4.039999961853027,4.139999866485596,4.039999961853027,4.090000152587891,487860
2020-12-30,4.090000152587891,4.179999828338623,4.070000171661377,4.119999885559082,961200
2020-12-31,4.119999885559082,4.099999904632568,4.03000020980835,4.050000190734863,599330
2021-01-03,4.050000190734863,4.170000076293945,4.059999942779541,4.119999885559082,258852
2021-01-04,4.119999885559082,4.150000095367432,4.019999980926514,4.059999942779541,319262
2021-01-05,4.059999942779541,4.119999885559082,4.03000020980835,4.079999923706055,495403
2021-01-06,4.079999923706055,4.21999979019165,4.079999923706055,4.170000076293945,778309
2021-01-10,4.170000076293945,4.25,4.179999828338623,4.210000038146973,666191
2021-01-11,4.210000038146973,4.269999980926514,4.179999828338623,4.210000038146973,410957
2021-01-12,4.210000038146973,4.46999979019165,4.199999809265137,4.369999885559082,3485583
2021-01-13,4.369999885559082,4.449999809265137,4.210000038146973,4.309999942779541,1062534
2021-01-14,4.309999942779541,4.309999942779541,4.199999809265137,4.25,1853881
2021-01-17,4.25,4.269999980926514,4.179999828338623,4.210000038146973,1912253
2021-01-18,4.210000038146973,4.25,4.059999942779541,4.130000114440918,1446516
2021-01-19,4.130000114440918,4.190000057220459,4.090000152587891,4.139999866485596,1604233
2021-01-20,4.139999866485596,4.260000228881836,4.150000095367432,4.199999809265137,1101601
2021-01-21,4.199999809265137,4.21999979019165,4.150000095367432,4.159999847412109,769684
2021-01-24,4.159999847412109,4.199999809265137,4.099999904632568,4.139999866485596,485669
2021-01-25,4.139999866485596,4.139999866485596,4.139999866485596,4.139999866485596,0
2021-01-26,4.190000057220459,4.25,4.150000095367432,4.210000038146973,1006309
2021-01-27,4.210000038146973,4.289999961853027,4.170000076293945,4.21999979019165,1247872
2021-01-31,4.21999979019165,4.190000057220459,4.059999942779541,4.139999866485596,1197013
2021-02-01,4.139999866485596,4.21999979019165,4.139999866485596,4.179999828338623,1261755
2021-02-02,4.179999828338623,4.449999809265137,4.190000057220459,4.329999923706055,6116175
2021-02-03,4.329999923706055,4.429999828338623,4.269999980926514,4.340000152587891,2192657
2021-02-04,4.340000152587891,4.329999923706055,4.210000038146973,4.239999771118164,923761
2021-02-07,4.239999771118164,4.289999961853027,4.190000057220459,4.21999979019165,1032691
2021-02-08,4.21999979019165,4.309999942779541,4.110000133514404,4.21999979019165,1605637
2021-02-09,4.21999979019165,4.190000057220459,4.130000114440918,4.159999847412109,738562
2021-02-10,4.159999847412109,4.260000228881836,4.119999885559082,4.199999809265137,1286972
2021-02-11,4.199999809265137,4.380000114440918,4.21999979019165,4.300000190734863,2828543
2021-02-14,4.300000190734863,4.329999923706055,4.159999847412109,4.239999771118164,1006441
2021-02-15,4.239999771118164,4.199999809265137,4.079999923706055,4.130000114440918,793650
2021-02-16,4.130000114440918,4.289999961853027,4.070000171661377,4.170000076293945,1057736
2021-02-17,4.170000076293945,4.190000057220459,4.019999980926514,4.070000171661377,777961
2021-02-18,4.070000171661377,4.150000095367432,4.0,4.059999942779541,1496880
2021-02-21,4.059999942779541,4.139999866485596,4.03000020980835,4.070000171661377,596942
2021-02-22,4.070000171661377,4.099999904632568,4.019999980926514,4.059999942779541,528266
2021-02-23,4.059999942779541,4.070000171661377,3.950000047683716,4.0,638062
2021-02-24,4.0,4.079999923706055,3.9700000286102295,4.039999961853027,510795
2021-02-25,4.039999961853027,4.079999923706055,3.9800000190734863,4.019999980926514,708922
2021-02-28,4.019999980926514,3.990000009536743,3.9000000953674316,3.930000066757202,502165
2021-03-01,3.930000066757202,3.990000009536743,3.9100000858306885,3.940000057220459,447159
2021-03-02,3.940000057220459,3.9800000190734863,3.799999952316284,3.890000104904175,1026822
2021-03-03,3.890000104904175,3.9000000953674316,3.6600000858306885,3.7899999618530273,746634
2021-03-04,3.7899999618530273,3.7899999618530273,3.7899999618530273,3.7899999618530273,0
2021-03-07,3.7899999618530273,4.03000020980835,3.880000114440918,3.9800000190734863,936915
2021-03-08,3.9800000190734863,4.25,4.0,4.139999866485596,3504748
2021-03-09,4.139999866485596,4.159999847412109,3.9000000953674316,4.039999961853027,1128034
2021-03-10,4.039999961853027,4.0,3.9000000953674316,3.940000057220459,526552
2021-03-11,3.940000057220459,4.070000171661377,3.940000057220459,3.9800000190734863,667052
2021-03-14,3.9800000190734863,4.050000190734863,3.9000000953674316,3.940000057220459,352332
2021-03-15,3.940000057220459,3.9700000286102295,3.690000057220459,3.809999942779541,572907
2021-03-16,3.809999942779541,3.8299999237060547,3.7200000286102295,3.7799999713897705,504983
2021-03-17,3.7799999713897705,3.8499999046325684,3.7300000190734863,3.7799999713897705,228432
2021-03-18,3.7799999713897705,3.799999952316284,3.7200000286102295,3.759999990463257,304202
2021-03-21,3.759999990463257,3.799999952316284,3.440000057220459,3.609999895095825,367542
2021-03-22,3.609999895095825,3.5,3.25,3.319999933242798,677953
2021-03-23,3.319999933242798,3.2899999618530273,3.009999990463257,3.140000104904175,557337
2021-03-24,3.140000104904175,3.359999895095825,3.119999885559082,3.2300000190734863,413088
2021-03-25,3.2300000190734863,3.309999942779541,3.1600000858306885,3.259999990463257,267935
2021-03-28,3.259999990463257,3.369999885559082,3.25,3.299999952316284,266706
2021-03-29,3.299999952316284,3.4700000286102295,3.3299999237060547,3.380000114440918,251971
2021-03-30,3.380000114440918,3.5,3.3399999141693115,3.440000057220459,454211
2021-03-31,3.440000057220459,3.490000009536743,3.299999952316284,3.359999895095825,322002
2021-04-01,3.359999895095825,3.440000057220459,3.3499999046325684,3.4000000953674316,201311
2021-04-04,3.4000000953674316,3.4600000381469727,3.2699999809265137,3.319999933242798,460300
2021-04-05,3.319999933242798,3.3499999046325684,3.0299999713897705,3.1500000953674316,264589
2021-04-06,3.1500000953674316,3.2200000286102295,3.0199999809265137,3.1500000953674316,458836
2021-04-07,3.1500000953674316,3.240000009536743,3.049999952316284,3.1700000762939453,279669
2021-04-08,3.1700000762939453,3.2899999618530273,3.2200000286102295,3.25,189261
2021-04-11,3.25,3.3299999237060547,3.240000009536743,3.2899999618530273,282769
2021-04-12,3.2899999618530273,3.4700000286102295,3.299999952316284,3.4100000858306885,629335
2021-04-13,3.4100000858306885,3.4000000953674316,3.200000047683716,3.25,271385
2021-04-14,3.25,3.2799999713897705,3.0899999141693115,3.130000114440918,257075
2021-04-15,3.130000114440918,3.2200000286102295,3.0999999046325684,3.1500000953674316,247481
2021-04-18,3.1500000953674316,3.2899999618530273,3.0999999046325684,3.190000057220459,256463
2021-04-19,3.190000057220459,3.2899999618530273,3.1700000762939453,3.240000009536743,312609
2021-04-20,3.240000009536743,3.3299999237060547,3.2300000190734863,3.2799999713897705,412171
2021-04-21,3.2799999713897705,3.3399999141693115,3.2200000286102295,3.2699999809265137,256766
2021-04-22,3.2699999809265137,3.3499999046325684,3.25,3.309999942779541,344925
2021-04-25,3.309999942779541,3.380000114440918,3.2899999618530273,3.319999933242798,442990
2021-04-26,3.319999933242798,3.559999942779541,3.2899999618530273,3.4700000286102295,1515703
2021-04-27,3.4700000286102295,3.700000047683716,3.5399999618530273,3.640000104904175,1699529
2021-04-28,3.640000104904175,3.549999952316284,3.440000057220459,3.490000009536743,390887
2021-05-04,3.490000009536743,3.5399999618530273,3.4200000762939453,3.4700000286102295,339990
2021-05-05,3.4700000286102295,3.4800000190734863,3.359999895095825,3.430000066757202,255216
2021-05-06,3.430000066757202,3.490000009536743,3.380000114440918,3.4200000762939453,310557
2021-05-09,3.4200000762939453,3.440000057220459,3.319999933242798,3.359999895095825,462705
2021-05-10,3.359999895095825,3.559999942779541,3.319999933242798,3.4600000381469727,776957
2021-05-11,3.4600000381469727,3.569999933242798,3.4200000762939453,3.5,708207
2021-05-17,3.5,3.5799999237060547,3.4700000286102295,3.5299999713897705,637552
2021-05-18,3.5299999713897705,3.700000047683716,3.5399999618530273,3.640000104904175,953413
2021-05-19,3.640000104904175,3.690000057220459,3.5199999809265137,3.5799999237060547,712534
2021-05-20,3.5799999237060547,3.559999942779541,3.5,3.5199999809265137,364389
2021-05-23,3.5199999809265137,3.5899999141693115,3.5,3.5299999713897705,290353
2021-05-24,3.5299999713897705,3.549999952316284,3.359999895095825,3.4600000381469727,536864
2021-05-25,3.4600000381469727,3.430000066757202,3.259999990463257,3.3499999046325684,449198
2021-05-26,3.3499999046325684,3.4700000286102295,3.3399999141693115,3.4000000953674316,927366
2021-05-27,3.4000000953674316,3.4600000381469727,3.3399999141693115,3.4000000953674316,496828
2021-05-30,3.4000000953674316,3.490000009536743,3.4000000953674316,3.440000057220459,385261
2021-05-31,3.440000057220459,3.559999942779541,3.4100000858306885,3.4800000190734863,561102
2021-06-01,3.4800000190734863,3.5799999237060547,3.4600000381469727,3.5299999713897705,656706
2021-06-02,3.5299999713897705,3.680000066757202,3.5,3.569999933242798,1048957
2021-06-03,3.569999933242798,3.559999942779541,3.4600000381469727,3.5,434107
2021-06-06,3.5,3.569999933242798,3.4800000190734863,3.5199999809265137,632292
2021-06-07,3.5199999809265137,3.5399999618530273,3.450000047683716,3.490000009536743,434108
2021-06-08,3.490000009536743,3.8299999237060547,3.430000066757202,3.700000047683716,1985057
2021-06-09,3.700000047683716,4.070000171661377,4.0,4.070000171661377,3077858
2021-06-10,4.070000171661377,4.230000019073486,3.9200000762939453,4.079999923706055,3666606
2021-06-13,4.079999923706055,4.079999923706055,3.9100000858306885,3.9800000190734863,1315744
2021-06-14,3.9800000190734863,4.070000171661377,3.8499999046325684,3.9700000286102295,1099889
2021-06-15,3.9700000286102295,4.130000114440918,3.819999933242798,3.9700000286102295,1428668
2021-06-16,3.9700000286102295,3.950000047683716,3.8399999141693115,3.880000114440918,429799
2021-06-17,3.880000114440918,3.990000009536743,3.890000104904175,3.940000057220459,393114
2021-06-20,3.940000057220459,3.990000009536743,3.8499999046325684,3.9000000953674316,812004
2021-06-21,3.9000000953674316,3.9600000381469727,3.8499999046325684,3.890000104904175,710743
2021-06-22,3.890000104904175,3.9700000286102295,3.8299999237060547,3.890000104904175,756942
2021-06-23,3.890000104904175,4.090000152587891,3.9200000762939453,3.990000009536743,751025
2021-06-24,3.990000009536743,3.990000009536743,3.799999952316284,3.8399999141693115,779934
2021-06-27,3.8399999141693115,3.9000000953674316,3.680000066757202,3.7300000190734863,1062155
2021-06-28,3.7300000190734863,3.700000047683716,3.5199999809265137,3.569999933242798,628163
2021-06-29,3.569999933242798,3.609999895095825,3.4200000762939453,3.5,653389
2021-06-30,3.5,3.799999952316284,3.5,3.690000057220459,788562
2021-07-04,3.690000057220459,3.740000009536743,3.619999885559082,3.6500000953674316,270645
2021-07-05,3.6500000953674316,3.700000047683716,3.509999990463257,3.5999999046325684,662535
2021-07-06,3.5999999046325684,3.5399999618530273,3.4100000858306885,3.4600000381469727,622151
2021-07-07,3.4600000381469727,3.549999952316284,3.4200000762939453,3.509999990463257,296604
2021-07-08,3.509999990463257,3.549999952316284,3.4200000762939453,3.440000057220459,208701
2021-07-11,3.440000057220459,3.5,3.4200000762939453,3.450000047683716,170731
2021-07-12,3.450000047683716,3.4700000286102295,3.4200000762939453,3.430000066757202,147788
2021-07-13,3.430000066757202,3.490000009536743,3.4200000762939453,3.450000047683716,268144
2021-07-14,3.450000047683716,3.5199999809265137,3.440000057220459,3.4700000286102295,225921
2021-07-15,3.4700000286102295,3.4800000190734863,3.4100000858306885,3.440000057220459,282083
2021-07-18,3.440000057220459,3.5199999809265137,3.3499999046325684,3.440000057220459,1390020
2021-07-25,3.440000057220459,3.619999885559082,3.5,3.549999952316284,918502
2021-07-26,3.549999952316284,3.630000114440918,3.450000047683716,3.549999952316284,849795
2021-07-27,3.549999952316284,3.759999990463257,3.5799999237060547,3.6700000762939453,794964
2021-07-28,3.6700000762939453,3.700000047683716,3.609999895095825,3.640000104904175,408725
2021-07-29,3.640000104904175,3.869999885559082,3.690000057220459,3.799999952316284,1577281
2021-08-01,3.799999952316284,4.0,3.8399999141693115,3.940000057220459,1223484
2021-08-02,3.940000057220459,4.150000095367432,3.930000066757202,4.090000152587891,2728269
2021-08-03,4.090000152587891,4.489999771118164,4.079999923706055,4.389999866485596,4698354
2021-08-04,4.389999866485596,4.710000038146973,4.369999885559082,4.53000020980835,5518140
2021-08-05,4.53000020980835,4.690000057220459,4.460000038146973,4.570000171661377,3298827
2021-08-08,4.570000171661377,4.570000171661377,4.570000171661377,4.570000171661377,0
2021-08-09,4.570000171661377,4.570000171661377,4.570000171661377,4.570000171661377,0
2021-08-10,4.329999923706055,4.360000133514404,4.230000019073486,4.300000190734863,1115193
2021-08-11,4.300000190734863,4.599999904632568,4.320000171661377,4.510000228881836,2452741
2021-08-15,4.510000228881836,4.860000133514404,4.550000190734863,4.769999980926514,4155479
2021-08-16,4.769999980926514,4.880000114440918,4.449999809265137,4.539999961853027,2813047
2021-08-17,4.539999961853027,4.550000190734863,4.420000076293945,4.46999979019165,360682
2021-08-18,4.46999979019165,4.539999961853027,4.420000076293945,4.480000019073486,364687
2021-08-19,4.480000019073486,4.550000190734863,4.429999828338623,4.489999771118164,809871
2021-08-22,4.489999771118164,4.550000190734863,4.429999828338623,4.46999979019165,138317
2021-08-23,4.46999979019165,4.53000020980835,4.420000076293945,4.460000038146973,185219
2021-08-24,4.460000038146973,4.599999904632568,4.400000095367432,4.5,528885
2021-08-25,4.5,4.590000152587891,4.449999809265137,4.5,420503
2021-08-26,4.5,4.699999809265137,4.480000019073486,4.619999885559082,2782062
2021-08-29,4.619999885559082,4.860000133514404,4.639999866485596,4.800000190734863,1728935
2021-08-30,4.800000190734863,4.860000133514404,4.699999809265137,4.789999961853027,1065511
2021-08-31,4.789999961853027,4.800000190734863,4.71999979019165,4.78000020980835,624046
2021-09-01,4.78000020980835,4.929999828338623,4.659999847412109,4.800000190734863,888564
2021-09-02,4.800000190734863,5.0,4.840000152587891,4.909999847412109,383473
2021-09-05,4.909999847412109,5.0,4.610000133514404,4.650000095367432,413586
2021-09-06,4.650000095367432,4.639999866485596,4.400000095367432,4.429999828338623,406580
2021-09-07,4.429999828338623,4.550000190734863,4.380000114440918,4.5,212353
2021-09-08,4.5,4.550000190734863,4.5,4.5,156734
2021-09-09,4.5,4.539999961853027,4.380000114440918,4.389999866485596,104727
2021-09-12,4.389999866485596,4.5,4.349999904632568,4.440000057220459,76597
2021-09-13,4.440000057220459,4.5,4.389999866485596,4.460000038146973,193518
2021-09-14,4.460000038146973,4.449999809265137,4.389999866485596,4.400000095367432,206687
2021-09-15,4.400000095367432,4.489999771118164,4.349999904632568,4.360000133514404,184536
2021-09-16,4.360000133514404,4.460000038146973,4.309999942779541,4.320000171661377,130487
2021-09-19,4.320000171661377,4.380000114440918,4.130000114440918,4.150000095367432,229664
2021-09-20,4.150000095367432,4.170000076293945,3.9100000858306885,3.990000009536743,270408
2021-09-21,3.990000009536743,4.0,3.799999952316284,3.990000009536743,402509
2021-09-22,3.990000009536743,4.099999904632568,3.950000047683716,4.0,395208
2021-09-23,4.0,4.099999904632568,3.930000066757202,3.940000057220459,564933
2021-09-26,3.940000057220459,4.179999828338623,4.0,4.070000171661377,325541
2021-09-27,4.070000171661377,4.119999885559082,3.9000000953674316,3.9700000286102295,187675
2021-09-28,3.9700000286102295,4.0,3.7699999809265137,3.799999952316284,678157
2021-09-29,3.799999952316284,3.799999952316284,3.799999952316284,3.799999952316284,0
2021-09-30,3.7899999618530273,3.859999895095825,3.7699999809265137,3.799999952316284,120614
2021-10-03,3.799999952316284,3.9800000190734863,3.7899999618530273,3.799999952316284,151446
2021-10-04,3.799999952316284,3.859999895095825,3.6500000953674316,3.700000047683716,276280
2021-10-05,3.700000047683716,3.8399999141693115,3.700000047683716,3.759999990463257,133352
2021-10-06,3.759999990463257,3.9000000953674316,3.759999990463257,3.7799999713897705,1109354
2021-10-10,3.7799999713897705,3.890000104904175,3.7799999713897705,3.799999952316284,109771
2021-10-11,3.799999952316284,3.799999952316284,3.7699999809265137,3.799999952316284,172790
2021-10-12,3.799999952316284,3.819999933242798,3.6700000762939453,3.680000066757202,1473479
2021-10-13,3.680000066757202,3.740000009536743,3.5399999618530273,3.569999933242798,685684
2021-10-14,3.569999933242798,3.690000057220459,3.559999942779541,3.619999885559082,431992
2021-10-17,3.619999885559082,3.759999990463257,3.680000066757202,3.7200000286102295,388204
2021-10-18,3.7200000286102295,3.7200000286102295,3.7200000286102295,3.7200000286102295,0
2021-10-19,3.8399999141693115,3.9000000953674316,3.6600000858306885,3.700000047683716,431341
2021-10-20,3.700000047683716,3.7300000190734863,3.5399999618530273,3.6500000953674316,214596
2021-10-24,3.6500000953674316,3.8299999237060547,3.700000047683716,3.799999952316284,249437
2021-10-25,3.799999952316284,3.9000000953674316,3.700000047683716,3.799999952316284,319776
2021-10-26,3.799999952316284,3.9100000858306885,3.700000047683716,3.7799999713897705,418046
2021-10-27,3.7799999713897705,3.8499999046325684,3.6500000953674316,3.700000047683716,737166
2021-10-28,3.700000047683716,3.7799999713897705,3.680000066757202,3.7100000381469727,138082
2021-10-31,3.7100000381469727,3.680000066757202,3.430000066757202,3.440000057220459,1465195
2021-11-01,3.440000057220459,3.4700000286102295,3.309999942779541,3.319999933242798,1359498
2021-11-02,3.319999933242798,3.450000047683716,3.299999952316284,3.319999933242798,522052
2021-11-03,3.319999933242798,3.4100000858306885,3.259999990463257,3.2699999809265137,405006
2021-11-04,3.2699999809265137,3.3399999141693115,3.2100000381469727,3.2799999713897705,229018
2021-11-07,3.2799999713897705,3.2799999713897705,3.2799999713897705,3.2799999713897705,0
2021-11-08,3.2799999713897705,3.2799999713897705,3.2799999713897705,3.2799999713897705,0
2021-11-09,3.2799999713897705,3.2799999713897705,3.2799999713897705,3.2799999713897705,0
2021-11-10,3.4100000858306885,3.4100000858306885,3.009999990463257,3.299999952316284,123744
2021-11-11,3.299999952316284,3.450000047683716,3.299999952316284,3.3499999046325684,158447
2021-11-14,3.3499999046325684,3.450000047683716,3.299999952316284,3.3499999046325684,80815
2021-11-15,3.3499999046325684,3.4000000953674316,3.200000047683716,3.2200000286102295,552302
2021-11-16,3.2200000286102295,3.309999942779541,3.1700000762939453,3.200000047683716,117351
2021-11-17,3.200000047683716,3.2899999618530273,3.1600000858306885,3.190000057220459,270932
2021-11-18,3.190000057220459,3.190000057220459,3.190000057220459,3.190000057220459,0
2021-11-21,3.190000057220459,3.359999895095825,3.180000066757202,3.2100000381469727,150288
2021-11-22,3.2100000381469727,3.2200000286102295,3.069999933242798,3.200000047683716,132781
2021-11-23,3.200000047683716,3.200000047683716,3.200000047683716,3.200000047683716,0
2021-11-24,3.200000047683716,3.2100000381469727,3.119999885559082,3.200000047683716,66840
2021-11-25,3.200000047683716,3.299999952316284,3.200000047683716,3.259999990463257,228398
2021-11-28,3.259999990463257,3.259999990463257,3.259999990463257,3.259999990463257,0
2021-11-29,3.1600000858306885,3.2300000190734863,3.1500000953674316,3.190000057220459,151073
2021-11-30,3.190000057220459,3.190000057220459,3.190000057220459,3.190000057220459,0
2021-12-01,3.190000057220459,3.190000057220459,3.190000057220459,3.190000057220459,0
2021-12-02,3.309999942779541,3.5799999237060547,3.309999942779541,3.4200000762939453,970141
2021-12-05,3.4200000762939453,3.509999990463257,3.359999895095825,3.450000047683716,246115
2021-12-06,3.450000047683716,3.5299999713897705,3.4200000762939453,3.440000057220459,278509
2021-12-07,3.440000057220459,3.509999990463257,3.4000000953674316,3.4100000858306885,347167
2021-12-08,3.4100000858306885,3.4800000190734863,3.4000000953674316,3.4200000762939453,89446
2021-12-09,3.4200000762939453,3.6700000762939453,3.450000047683716,3.569999933242798,1074378
2021-12-12,3.569999933242798,3.700000047683716,3.549999952316284,3.5799999237060547,618379
2021-12-13,3.5799999237060547,3.640000104904175,3.5,3.5,237805
2021-12-14,3.5,3.5,3.5,3.5,0
2021-12-15,3.4800000190734863,3.609999895095825,3.430000066757202,3.569999933242798,597150
2021-12-16,3.569999933242798,3.700000047683716,3.5999999046325684,3.630000114440918,655994
2021-12-19,3.630000114440918,3.740000009536743,3.609999895095825,3.630000114440918,516173
2021-12-20,3.630000114440918,3.5999999046325684,3.549999952316284,3.549999952316284,166278
2021-12-21,3.549999952316284,3.6700000762939453,3.5999999046325684,3.6500000953674316,254404
2021-12-22,3.6500000953674316,3.819999933242798,3.6500000953674316,3.75,1082588
2021-12-23,3.75,3.8499999046325684,3.7200000286102295,3.7699999809265137,606609
2021-12-26,3.7699999809265137,3.8299999237060547,3.7300000190734863,3.799999952316284,465860
2021-12-27,3.799999952316284,3.859999895095825,3.740000009536743,3.759999990463257,352830
2021-12-28,3.759999990463257,4.010000228881836,3.759999990463257,3.950000047683716,2766051
2021-12-29,3.950000047683716,4.019999980926514,3.9000000953674316,3.9100000858306885,810683
2021-12-30,3.9100000858306885,3.9600000381469727,3.859999895095825,3.930000066757202,607987
2022-01-02,3.930000066757202,4.0,3.880000114440918,3.940000057220459,194748
2022-01-03,3.940000057220459,3.9700000286102295,3.9000000953674316,3.9100000858306885,162569
2022-01-04,3.9100000858306885,3.9600000381469727,3.880000114440918,3.930000066757202,486453
2022-01-05,3.930000066757202,3.9700000286102295,3.890000104904175,3.9000000953674316,472095
2022-01-09,3.9000000953674316,3.9000000953674316,3.9000000953674316,3.9000000953674316,0
2022-01-10,3.890000104904175,3.930000066757202,3.869999885559082,3.9000000953674316,347932
2022-01-11,3.9000000953674316,3.9200000762939453,3.809999942779541,3.8299999237060547,333877
2022-01-12,3.8299999237060547,4.059999942779541,3.880000114440918,3.9800000190734863,980045
2022-01-13,3.9800000190734863,4.050000190734863,3.9100000858306885,3.9600000381469727,642660
2022-01-16,3.9600000381469727,4.0,3.869999885559082,3.880000114440918,192405
2022-01-17,3.880000114440918,3.990000009536743,3.859999895095825,3.9000000953674316,645789
2022-01-18,3.9000000953674316,3.9700000286102295,3.9000000953674316,3.9200000762939453,178378
2022-01-19,3.9200000762939453,3.930000066757202,3.859999895095825,3.880000114440918,270609
2022-01-20,3.880000114440918,3.950000047683716,3.8499999046325684,3.9200000762939453,559025
2022-01-23,3.9200000762939453,4.0,3.8299999237060547,3.9200000762939453,1198777
2022-01-24,3.9200000762939453,3.990000009536743,3.7200000286102295,3.7899999618530273,782693
2022-01-25,3.7899999618530273,3.819999933242798,3.740000009536743,3.7799999713897705,366381
2022-01-26,3.7799999713897705,3.880000114440918,3.700000047683716,3.7200000286102295,496766
2022-01-30,3.7200000286102295,3.799999952316284,3.6600000858306885,3.690000057220459,129273
2022-01-31,3.690000057220459,3.819999933242798,3.619999885559082,3.759999990463257,98984
2022-02-01,3.759999990463257,3.8499999046325684,3.740000009536743,3.819999933242798,115511
2022-02-02,3.819999933242798,3.8499999046325684,3.7899999618530273,3.7899999618530273,126710
2022-02-03,3.7899999618530273,3.880000114440918,3.7699999809265137,3.799999952316284,178390
2022-02-06,3.799999952316284,3.9000000953674316,3.799999952316284,3.8499999046325684,144192
2022-02-07,3.8499999046325684,3.950000047683716,3.7899999618530273,3.799999952316284,240367
2022-02-08,3.799999952316284,3.869999885559082,3.7699999809265137,3.799999952316284,64900
2022-02-09,3.799999952316284,3.8499999046325684,3.759999990463257,3.799999952316284,46374
2022-02-10,3.799999952316284,3.869999885559082,3.7100000381469727,3.75,136847
2022-02-13,3.75,3.700000047683716,3.549999952316284,3.559999942779541,235700
2022-02-14,3.559999942779541,3.5999999046325684,3.4700000286102295,3.5299999713897705,387846
2022-02-15,3.5299999713897705,3.630000114440918,3.5199999809265137,3.5399999618530273,170252
2022-02-16,3.5399999618530273,3.6500000953674316,3.509999990463257,3.5299999713897705,238474
2022-02-17,3.5299999713897705,3.5999999046325684,3.5,3.559999942779541,133725
2022-02-20,3.559999942779541,3.5799999237060547,3.430000066757202,3.450000047683716,93925
2022-02-21,3.450000047683716,3.5199999809265137,3.4000000953674316,3.490000009536743,233221
2022-02-22,3.490000009536743,3.4800000190734863,3.359999895095825,3.4000000953674316,347203
2022-02-23,3.4000000953674316,3.4600000381469727,3.3499999046325684,3.4000000953674316,112682
2022-02-24,3.4000000953674316,3.359999895095825,3.190000057220459,3.259999990463257,849606
2022-02-27,3.259999990463257,3.390000104904175,3.299999952316284,3.319999933242798,312506
2022-02-28,3.319999933242798,3.390000104904175,3.309999942779541,3.319999933242798,197693
2022-03-01,3.319999933242798,3.4000000953674316,3.3299999237060547,3.369999885559082,100900
2022-03-02,3.369999885559082,3.4000000953674316,3.3299999237060547,3.380000114440918,134068
2022-03-03,3.380000114440918,3.7300000190734863,3.450000047683716,3.619999885559082,1419407
2022-03-06,3.619999885559082,3.690000057220459,3.569999933242798,3.5999999046325684,461511
2022-03-07,3.5999999046325684,3.75,3.5199999809265137,3.5399999618530273,490781
2022-03-08,3.5399999618530273,3.5399999618530273,3.5399999618530273,3.5399999618530273,0
2022-03-09,3.4600000381469727,3.5999999046325684,3.4600000381469727,3.5299999713897705,192207
2022-03-10,3.5299999713897705,3.6500000953674316,3.5,3.549999952316284,152820
2022-03-13,3.549999952316284,3.799999952316284,3.6500000953674316,3.680000066757202,614317
2022-03-14,3.680000066757202,3.680000066757202,3.640000104904175,3.640000104904175,169011
2022-03-15,3.640000104904175,3.640000104904175,3.4800000190734863,3.559999942779541,743731
2022-03-16,3.559999942779541,3.869999885559082,3.690000057220459,3.809999942779541,2128074
2022-03-17,3.809999942779541,3.890000104904175,3.740000009536743,3.8499999046325684,704274
2022-03-20,3.8499999046325684,4.329999923706055,3.890000104904175,4.289999961853027,5005543
2022-03-21,4.289999961853027,4.400000095367432,4.150000095367432,4.260000228881836,2905142
2022-03-22,4.260000228881836,4.449999809265137,4.190000057220459,4.239999771118164,2925826
2022-03-23,4.239999771118164,4.300000190734863,4.190000057220459,4.210000038146973,845907
2022-03-24,4.210000038146973,4.550000190734863,4.269999980926514,4.360000133514404,3977291
2022-03-27,4.360000133514404,4.429999828338623,4.289999961853027,4.320000171661377,938518
2022-03-28,4.320000171661377,4.380000114440918,3.9000000953674316,3.9600000381469727,2127477
2022-03-29,3.9600000381469727,4.070000171661377,3.890000104904175,4.039999961853027,3120347
2022-03-30,4.039999961853027,4.130000114440918,3.819999933242798,3.890000104904175,3557404
2022-03-31,3.890000104904175,3.859999895095825,3.680000066757202,3.7100000381469727,5253446
2022-04-03,3.7100000381469727,3.880000114440918,3.740000009536743,3.809999942779541,2329150
2022-04-04,3.809999942779541,3.869999885559082,3.7300000190734863,3.75,624786
2022-04-05,3.75,3.7899999618530273,3.619999885559082,3.6600000858306885,1533494
2022-04-06,3.6600000858306885,3.7699999809265137,3.6500000953674316,3.75,6975583
2022-04-07,3.75,3.930000066757202,3.759999990463257,3.880000114440918,6062432
2022-04-10,3.880000114440918,4.079999923706055,3.869999885559082,3.9800000190734863,5865268
2022-04-11,3.9800000190734863,4.03000020980835,3.7100000381469727,3.740000009536743,2494058
2022-04-12,3.740000009536743,3.880000114440918,3.700000047683716,3.8399999141693115,1361105
2022-04-13,3.8399999141693115,3.940000057220459,3.7699999809265137,3.809999942779541,1621470
2022-04-14,3.809999942779541,3.759999990463257,3.569999933242798,3.619999885559082,1333075
2022-04-17,3.619999885559082,3.700000047683716,3.319999933242798,3.359999895095825,3772121
2022-04-18,3.359999895095825,3.490000009536743,3.319999933242798,3.440000057220459,2098315
2022-04-19,3.440000057220459,3.549999952316284,3.440000057220459,3.4800000190734863,2180306
2022-04-20,3.4800000190734863,3.6500000953674316,3.4200000762939453,3.5999999046325684,4644919
2022-04-21,3.5999999046325684,3.700000047683716,3.5899999141693115,3.6700000762939453,3408657
2022-04-26,3.6700000762939453,3.7200000286102295,3.5999999046325684,3.6600000858306885,2902532
2022-04-27,3.6600000858306885,3.7200000286102295,3.619999885559082,3.680000066757202,2798499
2022-04-28,3.680000066757202,3.869999885559082,3.700000047683716,3.8299999237060547,4559625
2022-05-08,3.8299999237060547,4.090000152587891,3.8399999141693115,4.039999961853027,5602914
2022-05-09,4.039999961853027,4.239999771118164,3.9800000190734863,4.0,6752882
2022-05-10,4.0,4.03000020980835,3.869999885559082,3.9100000858306885,3226153
2022-05-11,3.9100000858306885,4.300000190734863,3.9200000762939453,4.289999961853027,8290036
2022-05-12,4.289999961853027,4.340000152587891,4.019999980926514,4.099999904632568,11074375
2022-05-15,4.099999904632568,4.21999979019165,4.019999980926514,4.050000190734863,5134890
2022-05-16,4.050000190734863,4.090000152587891,3.9200000762939453,4.050000190734863,2640933
2022-05-17,4.050000190734863,4.170000076293945,4.059999942779541,4.090000152587891,3556200
2022-05-18,4.090000152587891,4.130000114440918,4.03000020980835,4.050000190734863,1416387
2022-05-19,4.050000190734863,4.070000171661377,3.9000000953674316,3.9800000190734863,2485824
2022-05-22,3.9800000190734863,4.070000171661377,3.9200000762939453,3.940000057220459,1586327
2022-05-23,3.940000057220459,4.010000228881836,3.940000057220459,3.9600000381469727,1677630
2022-05-24,3.9600000381469727,3.990000009536743,3.819999933242798,3.8299999237060547,1345447
2022-05-25,3.8299999237060547,3.880000114440918,3.690000057220459,3.7100000381469727,1609387
2022-05-26,3.7100000381469727,3.740000009536743,3.450000047683716,3.559999942779541,1216075
2022-05-29,3.559999942779541,3.5999999046325684,3.4000000953674316,3.5199999809265137,837343
2022-05-30,3.5199999809265137,3.690000057220459,3.5,3.619999885559082,1337945
2022-05-31,3.619999885559082,3.7300000190734863,3.609999895095825,3.619999885559082,832012
2022-06-01,3.619999885559082,3.690000057220459,3.5,3.5299999713897705,740963
2022-06-02,3.5299999713897705,3.609999895095825,3.450000047683716,3.569999933242798,1464634
2022-06-05,3.569999933242798,3.569999933242798,3.569999933242798,3.569999933242798,0
2022-06-06,3.619999885559082,3.690000057220459,3.609999895095825,3.630000114440918,592563
2022-06-07,3.630000114440918,3.7799999713897705,3.6500000953674316,3.740000009536743,1166339
2022-06-08,3.740000009536743,3.8399999141693115,3.759999990463257,3.809999942779541,2232255
2022-06-09,3.809999942779541,3.8499999046325684,3.759999990463257,3.799999952316284,853909
2022-06-12,3.799999952316284,3.799999952316284,3.6700000762939453,3.7100000381469727,811725
2022-06-13,3.7100000381469727,3.75,3.619999885559082,3.630000114440918,672760
2022-06-14,3.630000114440918,3.700000047683716,3.5999999046325684,3.6700000762939453,284668
2022-06-15,3.6700000762939453,3.740000009536743,3.6500000953674316,3.6700000762939453,675717
2022-06-16,3.6700000762939453,3.700000047683716,3.609999895095825,3.630000114440918,525309
2022-06-19,3.630000114440918,3.6500000953674316,3.5299999713897705,3.549999952316284,635757
2022-06-20,3.549999952316284,3.5899999141693115,3.450000047683716,3.509999990463257,525454
2022-06-21,3.509999990463257,3.690000057220459,3.559999942779541,3.630000114440918,712793
2022-06-22,3.630000114440918,3.640000104904175,3.549999952316284,3.5899999141693115,526470
2022-06-23,3.5899999141693115,3.7899999618530273,3.5,3.690000057220459,1401556
2022-06-26,3.690000057220459,3.7699999809265137,3.630000114440918,3.640000104904175,878760
2022-06-27,3.640000104904175,3.6700000762939453,3.5199999809265137,3.5399999618530273,621069
2022-06-28,3.5399999618530273,3.609999895095825,3.4600000381469727,3.5799999237060547,1038361
2022-06-29,3.5799999237060547,3.6700000762939453,3.549999952316284,3.5899999141693115,647022
2022-07-03,3.5899999141693115,3.6600000858306885,3.5,3.5199999809265137,223193
2022-07-04,3.5199999809265137,3.5399999618530273,3.200000047683716,3.259999990463257,1446516
2022-07-05,3.259999990463257,3.4000000953674316,3.2799999713897705,3.299999952316284,1019056
2022-07-06,3.299999952316284,3.359999895095825,3.259999990463257,3.3499999046325684,365012
2022-07-07,3.3499999046325684,3.4200000762939453,3.3299999237060547,3.359999895095825,569531
2022-07-17,3.359999895095825,3.3399999141693115,3.299999952316284,3.309999942779541,423322
2022-07-18,3.309999942779541,3.4000000953674316,3.299999952316284,3.369999885559082,413381
2022-07-19,3.369999885559082,3.450000047683716,3.369999885559082,3.440000057220459,439576
2022-07-20,3.440000057220459,3.509999990463257,3.430000066757202,3.450000047683716,992467
2022-07-21,3.450000047683716,3.609999895095825,3.4700000286102295,3.559999942779541,1835631
2022-07-24,3.559999942779541,3.609999895095825,3.5299999713897705,3.5399999618530273,656918
2022-07-25,3.5399999618530273,3.5999999046325684,3.509999990463257,3.5199999809265137,506211
2022-07-26,3.5199999809265137,3.690000057220459,3.509999990463257,3.630000114440918,1850726
2022-07-27,3.630000114440918,3.6700000762939453,3.549999952316284,3.569999933242798,724832
2022-07-28,3.569999933242798,3.6500000953674316,3.5399999618530273,3.5799999237060547,773697
2022-07-31,3.5799999237060547,3.680000066757202,3.5899999141693115,3.609999895095825,695949
2022-08-01,3.609999895095825,3.690000057220459,3.549999952316284,3.559999942779541,1302717
2022-08-02,3.559999942779541,3.5799999237060547,3.5299999713897705,3.559999942779541,449667
2022-08-03,3.559999942779541,3.6700000762939453,3.569999933242798,3.5999999046325684,1909047
2022-08-04,3.5999999046325684,3.7100000381469727,3.609999895095825,3.680000066757202,1189584
2022-08-07,3.680000066757202,3.75,3.6500000953674316,3.7300000190734863,1501456
2022-08-08,3.7300000190734863,3.819999933242798,3.700000047683716,3.7200000286102295,1072245
2022-08-09,3.7200000286102295,3.809999942779541,3.6600000858306885,3.680000066757202,1608858
2022-08-10,3.680000066757202,3.7899999618530273,3.680000066757202,3.700000047683716,672205
2022-08-11,3.700000047683716,3.740000009536743,3.640000104904175,3.6600000858306885,916472
2022-08-14,3.6600000858306885,3.7699999809265137,3.690000057220459,3.7100000381469727,877949
2022-08-15,3.7100000381469727,3.7699999809265137,3.6700000762939453,3.7100000381469727,901439
2022-08-16,3.7100000381469727,3.7799999713897705,3.690000057220459,3.690000057220459,933636
2022-08-17,3.690000057220459,3.759999990463257,3.680000066757202,3.7200000286102295,431976
2022-08-18,3.7200000286102295,3.7200000286102295,3.7200000286102295,3.7200000286102295,0
2022-08-21,3.740000009536743,3.9800000190734863,3.7699999809265137,3.9100000858306885,3897766
2022-08-22,3.9100000858306885,4.0,3.819999933242798,3.8499999046325684,1723777
2022-08-23,3.8499999046325684,3.8499999046325684,3.8499999046325684,3.8499999046325684,0
2022-08-24,3.940000057220459,4.019999980926514,3.8299999237060547,3.8399999141693115,1555737
2022-08-25,3.8399999141693115,4.0,3.8499999046325684,3.9000000953674316,2304322
2022-08-28,3.9000000953674316,4.0,3.859999895095825,3.880000114440918,1881732
2022-08-29,3.880000114440918,3.930000066757202,3.759999990463257,3.799999952316284,1368991
2022-08-30,3.799999952316284,3.8499999046325684,3.75,3.819999933242798,805353
2022-08-31,3.819999933242798,3.880000114440918,3.7699999809265137,3.7799999713897705,796936
2022-09-01,3.7799999713897705,3.8299999237060547,3.7100000381469727,3.7200000286102295,597283
2022-09-04,3.7200000286102295,3.7699999809265137,3.6700000762939453,3.75,437931
2022-09-05,3.75,3.9600000381469727,3.799999952316284,3.859999895095825,1321422
2022-09-06,3.859999895095825,3.950000047683716,3.859999895095825,3.890000104904175,842499
2022-09-07,3.890000104904175,3.9200000762939453,3.799999952316284,3.8299999237060547,1019325
2022-09-08,3.8299999237060547,3.940000057220459,3.809999942779541,3.890000104904175,1751107
2022-09-11,3.890000104904175,4.170000076293945,3.950000047683716,4.03000020980835,6060469
2022-09-12,4.03000020980835,4.099999904632568,3.9800000190734863,4.010000228881836,1365698
2022-09-13,4.010000228881836,4.059999942779541,3.930000066757202,3.940000057220459,1103619
2022-09-14,3.940000057220459,3.9000000953674316,3.7699999809265137,3.799999952316284,1693637
2022-09-15,3.799999952316284,3.8499999046325684,3.700000047683716,3.7200000286102295,1634292
2022-09-18,3.7200000286102295,3.759999990463257,3.430000066757202,3.4700000286102295,1287359
2022-09-19,3.4700000286102295,3.5899999141693115,3.430000066757202,3.569999933242798,396224
2022-09-20,3.569999933242798,3.630000114440918,3.5,3.5999999046325684,1163471
2022-09-21,3.5999999046325684,3.6600000858306885,3.5399999618530273,3.559999942779541,490612
2022-09-22,3.559999942779541,3.5999999046325684,3.4600000381469727,3.569999933242798,412883
2022-09-25,3.569999933242798,3.5999999046325684,3.5,3.559999942779541,537033
2022-09-26,3.559999942779541,3.9800000190734863,3.549999952316284,3.9200000762939453,3577640
2022-09-27,3.9200000762939453,4.070000171661377,3.8299999237060547,3.9200000762939453,3735223
2022-09-28,3.9200000762939453,3.940000057220459,3.7300000190734863,3.75,2410216
2022-09-29,3.75,3.819999933242798,3.7300000190734863,3.740000009536743,1111449
2022-10-02,3.740000009536743,3.7899999618530273,3.6500000953674316,3.7300000190734863,792493
2022-10-03,3.7300000190734863,3.7799999713897705,3.6600000858306885,3.700000047683716,598640
2022-10-04,3.700000047683716,3.8499999046325684,3.75,3.809999942779541,904385
2022-10-05,3.809999942779541,3.890000104904175,3.7899999618530273,3.809999942779541,923584
2022-10-09,3.809999942779541,3.869999885559082,3.75,3.799999952316284,314548
2022-10-10,3.799999952316284,3.880000114440918,3.75,3.8399999141693115,832998
2022-10-11,3.8399999141693115,4.03000020980835,3.8299999237060547,3.950000047683716,3651706
2022-10-12,3.950000047683716,4.0,3.819999933242798,3.8399999141693115,839202
2022-10-13,3.8399999141693115,3.9000000953674316,3.809999942779541,3.8399999141693115,659824
2022-10-16,3.8399999141693115,4.070000171661377,3.859999895095825,3.9700000286102295,2311857
2022-10-17,3.9700000286102295,4.039999961853027,3.9700000286102295,4.010000228881836,970036
2022-10-18,4.010000228881836,4.21999979019165,4.019999980926514,4.119999885559082,5110785
2022-10-19,4.119999885559082,4.460000038146973,4.130000114440918,4.389999866485596,10844271
2022-10-20,4.389999866485596,4.460000038146973,4.269999980926514,4.269999980926514,4997817
2022-10-23,4.269999980926514,4.360000133514404,4.159999847412109,4.199999809265137,4800881
2022-10-24,4.199999809265137,4.320000171661377,4.190000057220459,4.21999979019165,2439378
2022-10-25,4.21999979019165,4.340000152587891,4.190000057220459,4.28000020980835,2385431
2022-10-26,4.28000020980835,4.28000020980835,4.28000020980835,4.28000020980835,0
2022-10-27,4.21999979019165,4.449999809265137,4.25,4.320000171661377,5139133
2022-10-30,4.320000171661377,4.489999771118164,4.300000190734863,4.340000152587891,3307907
2022-10-31,4.340000152587891,4.559999942779541,4.289999961853027,4.5,3777996
2022-11-01,4.5,4.659999847412109,4.489999771118164,4.590000152587891,5300563
2022-11-02,4.590000152587891,4.679999828338623,4.420000076293945,4.510000228881836,3350269
2022-11-03,4.510000228881836,4.760000228881836,4.449999809265137,4.659999847412109,6149579
2022-11-06,4.659999847412109,4.71999979019165,4.550000190734863,4.590000152587891,1943405
2022-11-07,4.590000152587891,4.650000095367432,4.46999979019165,4.539999961853027,3039796
2022-11-08,4.539999961853027,4.590000152587891,4.380000114440918,4.400000095367432,2504696
2022-11-09,4.400000095367432,4.449999809265137,4.260000228881836,4.309999942779541,1812862
2022-11-10,4.309999942779541,4.570000171661377,4.300000190734863,4.5,4440902
2022-11-13,4.5,4.590000152587891,4.480000019073486,4.53000020980835,2129173
2022-11-14,4.53000020980835,4.579999923706055,4.46999979019165,4.510000228881836,1664899
2022-11-15,4.510000228881836,4.659999847412109,4.5,4.519999980926514,1963594
2022-11-16,4.519999980926514,4.670000076293945,4.53000020980835,4.599999904632568,3089935
2022-11-17,4.599999904632568,4.650000095367432,4.53000020980835,4.550000190734863,1565104
2022-11-20,4.550000190734863,4.650000095367432,4.550000190734863,4.599999904632568,2087430
2022-11-21,4.599999904632568,4.610000133514404,4.460000038146973,4.489999771118164,1202602
2022-11-22,4.489999771118164,4.889999866485596,4.690000057220459,4.710000038146973,5955110
2022-11-23,4.710000038146973,5.170000076293945,4.760000228881836,5.170000076293945,14137062
2022-11-24,5.170000076293945,5.650000095367432,5.119999885559082,5.550000190734863,13108542
2022-11-27,5.550000190734863,6.489999771118164,5.639999866485596,6.179999828338623,15692563
2022-11-28,6.179999828338623,6.360000133514404,6.010000228881836,6.099999904632568,13744282
2022-11-29,6.099999904632568,6.400000095367432,6.010000228881836,6.130000114440918,16991225
2022-11-30,6.130000114440918,6.199999809265137,5.570000171661377,5.699999809265137,23522355
2022-12-01,5.699999809265137,5.860000133514404,5.460000038146973,5.769999980926514,15528332
2022-12-04,5.769999980926514,6.150000095367432,5.849999904632568,6.090000152587891,15031520
2022-12-05,6.090000152587891,6.300000190734863,5.849999904632568,5.96999979019165,10366775
2022-12-06,5.96999979019165,6.269999980926514,5.849999904632568,6.150000095367432,10408835
2022-12-07,6.150000095367432,6.25,6.0,6.039999961853027,5938864
2022-12-08,6.039999961853027,6.320000171661377,5.980000019073486,6.21999979019165,11474772
2022-12-11,6.21999979019165,6.690000057220459,6.21999979019165,6.289999961853027,13888712
2022-12-12,6.289999961853027,6.360000133514404,6.070000171661377,6.269999980926514,8786086
2022-12-13,6.269999980926514,6.590000152587891,6.300000190734863,6.429999828338623,6720401
2022-12-14,6.429999828338623,6.650000095367432,6.329999923706055,6.349999904632568,8510303
2022-12-15,6.349999904632568,6.510000228881836,6.0,6.079999923706055,10379263
2022-12-18,6.079999923706055,6.130000114440918,5.869999885559082,5.869999885559082,7356397
2022-12-19,5.869999885559082,6.03000020980835,5.809999942779541,5.949999809265137,4833513
2022-12-20,5.949999809265137,6.150000095367432,5.849999904632568,5.849999904632568,6124707
2022-12-21,5.849999904632568,6.059999942779541,5.800000190734863,6.019999980926514,5035565
2022-12-22,6.019999980926514,6.150000095367432,5.889999866485596,5.909999847412109,4031336
2022-12-25,5.909999847412109,5.929999828338623,5.699999809265137,5.739999771118164,2479121
2022-12-26,5.739999771118164,5.940000057220459,5.800000190734863,5.889999866485596,2766694
2022-12-27,5.889999866485596,6.010000228881836,5.860000133514404,5.869999885559082,3326810
2022-12-28,5.869999885559082,5.989999771118164,5.869999885559082,5.900000095367432,2787882
2022-12-29,5.900000095367432,5.96999979019165,5.869999885559082,5.900000095367432,2032100
2023-01-02,5.900000095367432,6.090000152587891,5.929999828338623,6.070000171661377,3135856
2023-01-03,6.070000171661377,6.300000190734863,6.099999904632568,6.179999828338623,5424164
2023-01-04,6.179999828338623,6.440000057220459,5.900000095367432,6.400000095367432,9507078
2023-01-05,6.400000095367432,6.690000057220459,6.420000076293945,6.599999904632568,13204971
2023-01-09,6.599999904632568,7.139999866485596,6.789999961853027,6.949999809265137,13367243
2023-01-10,6.949999809265137,7.130000114440918,6.800000190734863,6.849999904632568,8267548
2023-01-11,6.849999904632568,7.369999885559082,6.869999885559082,6.920000076293945,10769708
2023-01-12,6.920000076293945,7.25,6.840000152587891,7.21999979019165,9928509
2023-01-15,7.21999979019165,7.880000114440918,7.340000152587891,7.730000019073486,14399622
2023-01-16,7.730000019073486,8.079999923706055,7.679999828338623,7.730000019073486,11097059
2023-01-17,7.730000019073486,7.920000076293945,7.590000152587891,7.630000114440918,6961374
2023-01-18,7.630000114440918,7.78000020980835,7.269999980926514,7.320000171661377,8999958
2023-01-19,7.320000171661377,7.489999771118164,7.269999980926514,7.320000171661377,6701654
2023-01-22,7.320000171661377,7.639999866485596,7.400000095367432,7.429999828338623,7624917
2023-01-23,7.429999828338623,7.570000171661377,7.369999885559082,7.409999847412109,4643083
2023-01-24,7.409999847412109,7.570000171661377,7.360000133514404,7.380000114440918,4301350
2023-01-25,7.380000114440918,7.579999923706055,7.400000095367432,7.440000057220459,4524208
2023-01-29,7.440000057220459,7.550000190734863,7.400000095367432,7.429999828338623,2605493
2023-01-30,7.429999828338623,7.510000228881836,7.019999980926514,7.079999923706055,5005180
2023-01-31,7.079999923706055,7.139999866485596,6.820000171661377,6.849999904632568,2623276
2023-02-01,6.849999904632568,7.0,6.71999979019165,6.889999866485596,1891787
2023-02-02,6.889999866485596,7.039999961853027,6.710000038146973,6.730000019073486,1226704
2023-02-05,6.730000019073486,6.849999904632568,6.139999866485596,6.260000228881836,5147711
2023-02-06,6.260000228881836,6.559999942779541,6.269999980926514,6.400000095367432,3674042
2023-02-07,6.400000095367432,6.639999866485596,6.46999979019165,6.519999980926514,3010448
2023-02-08,6.519999980926514,6.699999809265137,6.360000133514404,6.53000020980835,3253423
2023-02-09,6.53000020980835,6.860000133514404,6.550000190734863,6.78000020980835,5547643
2023-02-12,6.78000020980835,6.949999809265137,6.78000020980835,6.78000020980835,3115341
2023-02-13,6.78000020980835,7.139999866485596,6.789999961853027,6.960000038146973,4567602
2023-02-14,6.960000038146973,7.110000133514404,6.880000114440918,6.949999809265137,3176270
2023-02-15,6.949999809265137,7.179999828338623,6.960000038146973,7.110000133514404,5340136
2023-02-16,7.110000133514404,7.289999961853027,7.139999866485596,7.170000076293945,7714558
2023-02-19,7.170000076293945,7.289999961853027,7.010000228881836,7.019999980926514,3070480
2023-02-20,7.019999980926514,7.130000114440918,6.659999847412109,6.699999809265137,3413528
2023-02-21,6.699999809265137,6.849999904632568,6.539999961853027,6.789999961853027,2916231
2023-02-22,6.789999961853027,6.989999771118164,6.659999847412109,6.659999847412109,3508767
2023-02-23,6.659999847412109,6.809999942779541,6.550000190734863,6.78000020980835,2626289
2023-02-26,6.78000020980835,6.929999828338623,6.760000228881836,6.809999942779541,2248018
2023-02-27,6.809999942779541,6.980000019073486,6.809999942779541,6.829999923706055,2668060
2023-02-28,6.829999923706055,6.889999866485596,6.730000019073486,6.789999961853027,1501426
2023-03-01,6.789999961853027,6.900000095367432,6.769999980926514,6.800000190734863,1345336
2023-03-02,6.800000190734863,6.980000019073486,6.809999942779541,6.849999904632568,2963207
2023-03-05,6.849999904632568,6.900000095367432,6.699999809265137,6.75,1627487
2023-03-06,6.75,6.900000095367432,6.670000076293945,6.679999828338623,1989227
2023-03-07,6.679999828338623,6.71999979019165,6.449999809265137,6.489999771118164,1869237
2023-03-08,6.489999771118164,6.539999961853027,6.199999809265137,6.329999923706055,2615312
2023-03-09,6.329999923706055,6.679999828338623,6.320000171661377,6.639999866485596,4378958
2023-03-12,6.639999866485596,6.679999828338623,6.300000190734863,6.349999904632568,2853546
2023-03-13,6.349999904632568,6.460000038146973,5.699999809265137,5.800000190734863,3400509
2023-03-14,5.800000190734863,5.840000152587891,5.349999904632568,5.800000190734863,2641018
2023-03-15,5.800000190734863,6.059999942779541,4.820000171661377,5.210000038146973,4301997
2023-03-16,5.210000038146973,5.400000095367432,4.860000133514404,5.329999923706055,2399253
2023-03-19,5.329999923706055,5.400000095367432,5.03000020980835,5.320000171661377,2116119
2023-03-20,5.320000171661377,5.789999961853027,5.320000171661377,5.670000076293945,3078314
2023-03-21,5.670000076293945,6.050000190734863,5.840000152587891,5.96999979019165,3317925
2023-03-22,5.96999979019165,6.099999904632568,5.820000171661377,5.849999904632568,3160782
2023-03-23,5.849999904632568,5.989999771118164,5.789999961853027,5.949999809265137,1108619
2023-03-26,5.949999809265137,6.460000038146973,6.059999942779541,6.420000076293945,4648104
2023-03-27,6.420000076293945,6.630000114440918,6.170000076293945,6.320000171661377,4512932
2023-03-28,6.320000171661377,6.639999866485596,6.159999847412109,6.550000190734863,3351853
2023-03-29,6.550000190734863,6.989999771118164,6.559999942779541,6.800000190734863,6473084
2023-03-30,6.800000190734863,6.949999809265137,6.539999961853027,6.639999866485596,4882303
2023-04-02,6.639999866485596,6.800000190734863,6.650000095367432,6.760000228881836,1644170
2023-04-03,6.760000228881836,7.130000114440918,6.800000190734863,7.130000114440918,6877528
2023-04-04,7.130000114440918,7.25,7.0,7.139999866485596,4987767
2023-04-05,7.139999866485596,7.150000095367432,6.880000114440918,6.900000095367432,3836774
2023-04-06,6.900000095367432,6.960000038146973,6.699999809265137,6.769999980926514,3289947
2023-04-09,6.769999980926514,6.800000190734863,6.619999885559082,6.659999847412109,1925187
2023-04-10,6.659999847412109,6.760000228881836,6.619999885559082,6.690000057220459,1344235
2023-04-11,6.690000057220459,7.110000133514404,6.75,7.050000190734863,6139137
2023-04-12,7.050000190734863,7.199999809265137,6.980000019073486,7.010000228881836,7937237
2023-04-13,7.010000228881836,7.179999828338623,7.010000228881836,7.150000095367432,5651704
2023-04-18,7.150000095367432,7.710000038146973,7.150000095367432,7.519999980926514,11528748
2023-04-19,7.519999980926514,7.809999942779541,7.539999961853027,7.670000076293945,6245671
2023-04-26,7.670000076293945,7.889999866485596,7.599999904632568,7.730000019073486,6234273
2023-04-27,7.730000019073486,7.980000019073486,7.760000228881836,7.96999979019165,7547332
2023-04-30,7.96999979019165,8.420000076293945,8.020000457763672,8.0600004196167,15649545
2023-05-01,8.0600004196167,8.0600004196167,8.0600004196167,8.0600004196167,0
2023-05-02,7.869999885559082,7.960000038146973,7.639999866485596,7.730000019073486,7346000
2023-05-03,7.730000019073486,7.869999885559082,7.460000038146973,7.559999942779541,8059953
2023-05-07,7.559999942779541,7.650000095367432,7.429999828338623,7.559999942779541,4963885
2023-05-08,7.559999942779541,7.920000076293945,7.610000133514404,7.920000076293945,8034774
2023-05-09,7.920000076293945,8.149999618530273,7.710000038146973,7.71999979019165,11805365
2023-05-10,7.71999979019165,7.949999809265137,7.570000171661377,7.889999866485596,8251376
2023-05-11,7.889999866485596,7.96999979019165,7.730000019073486,7.760000228881836,4037096
2023-05-14,7.760000228881836,7.960000038146973,7.630000114440918,7.949999809265137,5132873
2023-05-15,7.949999809265137,8.100000381469727,7.75,7.769999980926514,6504385
2023-05-16,7.769999980926514,7.929999828338623,6.25,7.920000076293945,4073493
2023-05-17,7.920000076293945,8.119999885559082,7.739999771118164,7.800000190734863,9358777
2023-05-18,7.800000190734863,7.900000095367432,7.659999847412109,7.900000095367432,5121310
2023-05-21,7.900000095367432,7.980000019073486,7.789999961853027,7.800000190734863,5724613
2023-05-22,7.800000190734863,7.880000114440918,7.670000076293945,7.679999828338623,3875211
2023-05-23,7.679999828338623,7.699999809265137,7.519999980926514,7.699999809265137,3987328
2023-05-24,7.699999809265137,7.800000190734863,7.670000076293945,7.789999961853027,3967180
2023-05-25,7.789999961853027,7.840000152587891,7.659999847412109,7.679999828338623,3276695
2023-05-28,7.679999828338623,7.75,7.659999847412109,7.670000076293945,2190148
2023-05-29,7.670000076293945,7.760000228881836,7.650000095367432,7.730000019073486,2600347
2023-05-30,7.730000019073486,8.039999961853027,7.710000038146973,7.869999885559082,7379035
2023-05-31,7.869999885559082,8.0,7.769999980926514,7.769999980926514,3850372
2023-06-01,7.769999980926514,7.869999885559082,7.710000038146973,7.769999980926514,2177579
2023-06-04,7.769999980926514,7.860000133514404,7.739999771118164,7.75,2207624
2023-06-05,7.75,7.940000057220459,7.730000019073486,7.75,2476091
2023-06-06,7.75,8.699999809265137,7.860000133514404,8.680000305175781,22804519
2023-06-07,8.680000305175781,8.819999694824219,8.25,8.34000015258789,11940938
2023-06-08,8.34000015258789,8.65999984741211,8.350000381469727,8.460000038146973,7079648
2023-06-11,8.460000038146973,9.119999885559082,8.529999732971191,8.65999984741211,11864402
2023-06-12,8.65999984741211,8.829999923706055,8.569999694824219,8.729999542236328,3834732
2023-06-13,8.729999542236328,9.029999732971191,8.739999771118164,8.760000228881836,9782164
2023-06-14,8.760000228881836,8.880000114440918,8.619999885559082,8.640000343322754,3268996
2023-06-15,8.640000343322754,8.739999771118164,8.479999542236328,8.520000457763672,2618132
2023-06-18,8.520000457763672,8.880000114440918,8.430000305175781,8.850000381469727,4202581
2023-06-19,8.850000381469727,8.949999809265137,8.5600004196167,8.609999656677246,2976105
2023-06-20,8.609999656677246,8.800000190734863,8.569999694824219,8.569999694824219,2574060
2023-06-21,8.569999694824219,8.630000114440918,8.350000381469727,8.40999984741211,2386578
2023-06-22,8.40999984741211,8.479999542236328,8.329999923706055,8.479999542236328,1657746
2023-06-25,8.479999542236328,8.84000015258789,8.619999885559082,8.75,8171916
2023-06-26,8.75,9.100000381469727,8.770000457763672,9.029999732971191,12924036
2023-07-04,9.029999732971191,9.260000228881836,9.029999732971191,9.149999618530273,6553159
2023-07-05,9.149999618530273,9.300000190734863,9.050000190734863,9.0600004196167,4598009
2023-07-06,9.0600004196167,9.199999809265137,8.75,8.829999923706055,3856309
2023-07-09,8.829999923706055,8.890000343322754,8.319999694824219,8.350000381469727,3155018
2023-07-10,8.350000381469727,8.649999618530273,8.130000114440918,8.609999656677246,2621249
2023-07-11,8.609999656677246,8.90999984741211,8.529999732971191,8.710000038146973,4163660
2023-07-12,8.710000038146973,8.800000190734863,8.600000381469727,8.619999885559082,2212320
2023-07-13,8.619999885559082,8.84000015258789,8.600000381469727,8.829999923706055,2939494
2023-07-16,8.829999923706055,9.050000190734863,8.8100004196167,8.829999923706055,4842468
2023-07-17,8.829999923706055,8.880000114440918,8.710000038146973,8.720000267028809,1668111
2023-07-18,8.720000267028809,9.100000381469727,8.75,9.100000381469727,5241796
2023-07-19,9.100000381469727,9.100000381469727,9.100000381469727,9.100000381469727,0
2023-07-24,8.890000343322754,8.989999771118164,8.800000190734863,8.890000343322754,1088313
2023-07-25,8.890000343322754,9.0,8.75,8.760000228881836,3062231
2023-07-26,8.760000228881836,8.84000015258789,8.680000305175781,8.739999771118164,1059832
2023-07-27,8.739999771118164,8.760000228881836,8.630000114440918,8.680000305175781,1113699
2023-07-30,8.680000305175781,8.84000015258789,8.649999618530273,8.779999732971191,1623553
2023-07-31,8.779999732971191,8.880000114440918,8.680000305175781,8.710000038146973,2638165
2023-08-01,8.710000038146973,8.8100004196167,8.460000038146973,8.489999771118164,3307195
2023-08-02,8.489999771118164,8.5600004196167,8.130000114440918,8.220000267028809,3010556
2023-08-03,8.220000267028809,8.399999618530273,8.15999984741211,8.260000228881836,2534894
2023-08-06,8.260000228881836,8.420000076293945,8.239999771118164,8.399999618530273,2639419
2023-08-07,8.399999618530273,8.5,8.359999656677246,8.369999885559082,2610131
2023-08-08,8.369999885559082,8.5,8.350000381469727,8.359999656677246,1775383
2023-08-09,8.359999656677246,8.449999809265137,8.279999732971191,8.300000190734863,1800510
2023-08-10,8.300000190734863,8.390000343322754,8.1899995803833,8.199999809265137,1354376
2023-08-13,8.199999809265137,8.399999618530273,8.220000267028809,8.399999618530273,2928776
2023-08-14,8.399999618530273,8.529999732971191,8.319999694824219,8.329999923706055,2948800
2023-08-15,8.329999923706055,8.390000343322754,8.25,8.260000228881836,1896065
2023-08-16,8.260000228881836,8.380000114440918,8.210000038146973,8.210000038146973,1923419
2023-08-17,8.210000038146973,8.300000190734863,8.130000114440918,8.149999618530273,1248463
2023-08-20,8.149999618530273,8.239999771118164,8.119999885559082,8.130000114440918,882266
2023-08-21,8.130000114440918,8.479999542236328,8.130000114440918,8.390000343322754,4854283
2023-08-22,8.390000343322754,8.649999618530273,8.430000305175781,8.5,4829486
2023-08-23,8.5,8.600000381469727,8.3100004196167,8.319999694824219,1859121
2023-08-24,8.319999694824219,8.399999618530273,8.220000267028809,8.399999618530273,1589728
2023-08-27,8.399999618530273,8.5600004196167,8.399999618530273,8.449999809265137,2117021
2023-08-28,8.449999809265137,8.59000015258789,8.380000114440918,8.380000114440918,1536593
2023-08-29,8.380000114440918,8.460000038146973,8.350000381469727,8.359999656677246,737012
2023-08-30,8.359999656677246,8.479999542236328,8.350000381469727,8.359999656677246,1141471
2023-08-31,8.359999656677246,8.359999656677246,8.359999656677246,8.359999656677246,0
2023-09-03,8.3100004196167,8.390000343322754,8.149999618530273,8.15999984741211,1399302
2023-09-04,8.15999984741211,8.380000114440918,8.130000114440918,8.279999732971191,1519914
2023-09-05,8.279999732971191,8.380000114440918,8.170000076293945,8.1899995803833,1812563
2023-09-06,8.1899995803833,8.270000457763672,7.920000076293945,7.940000057220459,3298075
2023-09-07,7.940000057220459,8.069999694824219,7.949999809265137,8.0,1495248
2023-09-10,8.0,8.0,8.0,8.0,0
2023-09-11,8.1899995803833,8.289999961853027,8.0600004196167,8.069999694824219,1198463
2023-09-12,8.069999694824219,8.130000114440918,7.960000038146973,7.989999771118164,967799
2023-09-13,7.989999771118164,8.199999809265137,8.0,8.149999618530273,1391890
2023-09-14,8.149999618530273,8.3100004196167,8.140000343322754,8.229999542236328,2347015
2023-09-17,8.229999542236328,8.289999961853027,8.180000305175781,8.25,1301605
2023-09-18,8.25,8.40999984741211,8.25,8.369999885559082,2399364
2023-09-19,8.369999885559082,8.460000038146973,8.279999732971191,8.289999961853027,2710373
2023-09-20,8.289999961853027,8.289999961853027,8.289999961853027,8.289999961853027,0
2023-09-21,8.289999961853027,8.289999961853027,8.289999961853027,8.289999961853027,0
2023-09-24,8.289999961853027,8.289999961853027,8.289999961853027,8.289999961853027,0
2023-09-25,9.470000267028809,9.430000305175781,9.029999732971191,9.100000381469727,11703391
2023-09-26,9.100000381469727,9.890000343322754,9.0600004196167,9.619999885559082,27204312
2023-09-27,9.619999885559082,9.619999885559082,9.619999885559082,9.619999885559082,0
2023-10-01,9.619999885559082,9.619999885559082,9.619999885559082,9.619999885559082,0
2023-10-02,10.319999694824219,10.420000076293945,9.609999656677246,9.899999618530273,10053860
2023-10-03,9.899999618530273,10.09000015258789,9.649999618530273,9.75,5435560
2023-10-04,9.75,9.880000114440918,9.649999618530273,9.800000190734863,4133548
2023-10-08,9.800000190734863,9.970000267028809,8.8100004196167,9.399999618530273,9083835
2023-10-09,9.399999618530273,9.5,9.300000190734863,9.4399995803833,2646007
2023-10-10,9.4399995803833,9.729999542236328,9.390000343322754,9.630000114440918,5404780
2023-10-11,9.630000114440918,9.779999732971191,9.529999732971191,9.5600004196167,4740333
2023-10-12,9.5600004196167,9.800000190734863,9.550000190734863,9.800000190734863,5196644
2023-10-15,9.800000190734863,10.300000190734863,9.890000343322754,10.210000038146973,11566218
2023-10-16,10.210000038146973,11.949999809265137,10.199999809265137,11.649999618530273,22860783
2023-10-17,11.649999618530273,12.199999809265137,11.15999984741211,12.100000381469727,23861816
2023-10-18,12.100000381469727,13.680000305175781,11.880000114440918,13.15999984741211,30414898
2023-10-19,13.15999984741211,13.15999984741211,13.15999984741211,13.15999984741211,0
2023-10-22,13.5,14.199999809265137,13.510000228881836,13.800000190734863,9855966
2023-10-23,13.800000190734863,14.760000228881836,14.119999885559082,14.550000190734863,13263856
2023-10-24,14.550000190734863,15.34000015258789,13.859999656677246,14.399999618530273,17111355
2023-10-25,14.399999618530273,14.989999771118164,14.180000305175781,14.300000190734863,11492253
2023-10-26,14.300000190734863,14.550000190734863,13.65999984741211,13.75,10163543
2023-10-29,13.75,13.850000381469727,13.140000343322754,13.1899995803833,7967027
2023-10-30,13.1899995803833,13.989999771118164,13.0,13.960000038146973,9539038
2023-10-31,13.960000038146973,14.1899995803833,12.3100004196167,12.3100004196167,13822556
2023-11-01,12.3100004196167,12.90999984741211,11.8100004196167,12.199999809265137,4908438
2023-11-02,12.199999809265137,12.569999694824219,12.300000190734863,12.420000076293945,3130414
2023-11-05,12.420000076293945,13.010000228881836,12.550000190734863,12.710000038146973,4255034
2023-11-06,12.710000038146973,12.90999984741211,12.449999809265137,12.529999732971191,2487123
2023-11-07,12.529999732971191,12.979999542236328,12.350000381469727,12.979999542236328,3632090
2023-11-08,12.979999542236328,13.59000015258789,13.100000381469727,13.399999618530273,10264372
2023-11-09,13.399999618530273,13.770000457763672,13.279999732971191,13.680000305175781,5900317
2023-11-12,13.680000305175781,13.710000038146973,13.300000190734863,13.350000381469727,2938797
2023-11-13,13.350000381469727,13.5,13.0,13.020000457763672,1954436
2023-11-14,13.020000457763672,13.380000114440918,13.010000228881836,13.039999961853027,2445186
2023-11-15,13.039999961853027,13.300000190734863,12.930000305175781,13.0,1707575
2023-11-16,13.0,13.270000457763672,13.020000457763672,13.130000114440918,2086627
2023-11-19,13.130000114440918,13.489999771118164,13.15999984741211,13.390000343322754,3837863
2023-11-20,13.390000343322754,13.600000381469727,13.050000190734863,13.119999885559082,3333189
2023-11-21,13.119999885559082,13.369999885559082,13.050000190734863,13.3100004196167,2323743
2023-11-22,13.3100004196167,13.460000038146973,13.229999542236328,13.229999542236328,1677623
2023-11-23,13.229999542236328,13.399999618530273,13.1899995803833,13.220000267028809,1658324
2023-11-26,13.220000267028809,13.300000190734863,13.029999732971191,13.069999694824219,2150752
2023-11-27,13.069999694824219,13.170000076293945,12.75,12.829999923706055,2599726
2023-11-28,12.829999923706055,13.149999618530273,12.510000228881836,12.850000381469727,2561225
2023-11-29,12.850000381469727,13.0,12.510000228881836,12.510000228881836,1985508
2023-11-30,12.510000228881836,12.930000305175781,12.5,12.609999656677246,1632708
2023-12-03,12.609999656677246,12.920000076293945,12.579999923706055,12.600000381469727,1033626
2023-12-04,12.600000381469727,12.869999885559082,12.670000076293945,12.6899995803833,994111
2023-12-05,12.6899995803833,12.920000076293945,12.600000381469727,12.609999656677246,1175611
2023-12-06,12.609999656677246,12.75,12.300000190734863,12.319999694824219,1701514
2023-12-07,12.319999694824219,12.329999923706055,11.899999618530273,12.15999984741211,1507654
2023-12-10,12.15999984741211,12.279999732971191,11.699999809265137,11.720000267028809,1384492
2023-12-11,11.720000267028809,11.699999809265137,11.270000457763672,11.300000190734863,1528176
2023-12-12,11.300000190734863,11.600000381469727,11.029999732971191,11.380000114440918,1311028
2023-12-13,11.380000114440918,12.279999732971191,11.300000190734863,12.199999809265137,3107144
2023-12-14,12.199999809265137,12.470000267028809,12.020000457763672,12.050000190734863,2189974
2023-12-17,12.050000190734863,12.460000038146973,12.069999694824219,12.119999885559082,1039434
2023-12-18,12.119999885559082,12.630000114440918,12.180000305175781,12.5,2807037
2023-12-19,12.5,13.489999771118164,12.550000190734863,13.210000038146973,11328554
2023-12-20,13.210000038146973,13.3100004196167,12.699999809265137,12.760000228881836,4604665
2023-12-21,12.760000228881836,13.239999771118164,12.630000114440918,12.949999809265137,4075534
2023-12-24,12.949999809265137,12.949999809265137,12.949999809265137,12.949999809265137,0
2023-12-25,12.84000015258789,13.010000228881836,12.489999771118164,12.729999542236328,1586594
2023-12-26,12.729999542236328,13.010000228881836,12.609999656677246,12.739999771118164,1397761
2023-12-27,12.739999771118164,13.59000015258789,12.819999694824219,13.569999694824219,9443255
2023-12-28,13.569999694824219,13.890000343322754,13.25,13.300000190734863,5800542
2023-12-31,13.300000190734863,13.579999923706055,13.300000190734863,13.550000190734863,2933722
2024-01-02,13.550000190734863,13.720000267028809,13.470000267028809,13.579999923706055,2153172
2024-01-03,13.579999923706055,13.699999809265137,13.449999809265137,13.449999809265137,2011165
2024-01-04,13.449999809265137,13.550000190734863,13.25,13.270000457763672,1745764
2024-01-08,13.270000457763672,13.4399995803833,13.229999542236328,13.25,1088361
2024-01-09,13.25,13.5600004196167,13.210000038146973,13.34000015258789,1393950
2024-01-10,13.34000015258789,13.619999885559082,13.329999923706055,13.399999618530273,2646442
2024-01-11,13.399999618530273,13.5,13.300000190734863,13.449999809265137,1369918
2024-01-14,13.449999809265137,13.770000457763672,13.420000076293945,13.699999809265137,3301086
2024-01-15,13.699999809265137,13.949999809265137,13.600000381469727,13.600000381469727,2990980
2024-01-16,13.600000381469727,13.75,13.470000267028809,13.600000381469727,3160021
2024-01-17,13.600000381469727,13.859999656677246,13.399999618530273,13.399999618530273,3019652
2024-01-18,13.399999618530273,13.550000190734863,13.229999542236328,13.329999923706055,2492191
2024-01-21,13.329999923706055,15.989999771118164,13.3100004196167,15.989999771118164,28751265
2024-01-22,15.989999771118164,17.219999313354492,15.619999885559082,16.15999984741211,21361943
2024-01-23,16.15999984741211,16.350000381469727,15.569999694824219,15.609999656677246,5670254
2024-01-24,15.609999656677246,16.170000076293945,15.390000343322754,15.710000038146973,5238820
2024-01-28,15.710000038146973,17.200000762939453,16.110000610351562,16.649999618530273,9258180
2024-01-29,16.649999618530273,17.399999618530273,16.34000015258789,16.40999984741211,8669547
2024-01-30,16.40999984741211,16.93000030517578,15.520000457763672,15.6899995803833,13866304
2024-01-31,15.6899995803833,15.8100004196167,13.510000228881836,13.829999923706055,7182753
2024-02-01,13.829999923706055,14.350000381469727,13.010000228881836,14.300000190734863,3156591
2024-02-04,14.300000190734863,14.380000114440918,13.699999809265137,13.800000190734863,3330805
2024-02-05,13.800000190734863,14.350000381469727,13.800000190734863,13.9399995803833,3134865
2024-02-06,13.9399995803833,14.199999809265137,13.449999809265137,13.600000381469727,2229555
2024-02-07,13.600000381469727,13.800000190734863,13.369999885559082,13.5,1616111
2024-02-08,13.5,13.989999771118164,13.470000267028809,13.65999984741211,1427776
2024-02-11,13.65999984741211,13.789999961853027,13.300000190734863,13.399999618530273,1472788
2024-02-12,13.399999618530273,13.5,13.130000114440918,13.3100004196167,996528
2024-02-13,13.3100004196167,13.479999542236328,13.149999618530273,13.350000381469727,1114666
2024-02-14,13.350000381469727,13.640000343322754,13.369999885559082,13.600000381469727,1937662
2024-02-15,13.600000381469727,14.15999984741211,13.600000381469727,13.899999618530273,3606860
2024-02-18,13.899999618530273,13.899999618530273,13.899999618530273,13.899999618530273,0
2024-02-19,13.899999618530273,13.989999771118164,13.729999542236328,13.789999961853027,975223
2024-02-20,13.789999961853027,13.9399995803833,13.600000381469727,13.670000076293945,1331310
2024-02-21,13.670000076293945,13.890000343322754,13.600000381469727,13.609999656677246,1257496
2024-02-22,13.609999656677246,13.859999656677246,13.600000381469727,13.699999809265137,1497752
2024-02-25,13.699999809265137,13.5,12.75,12.760000228881836,2238528
2024-02-26,12.760000228881836,12.979999542236328,12.399999618530273,12.420000076293945,2053495
2024-02-27,12.420000076293945,12.75,12.279999732971191,12.329999923706055,1826124
2024-02-28,12.329999923706055,12.59000015258789,12.0,12.0,1176158
2024-02-29,12.0,12.260000228881836,11.510000228881836,11.979999542236328,1081427
2024-03-03,11.979999542236328,12.0,11.529999732971191,11.550000190734863,819639
2024-03-04,11.550000190734863,12.350000381469727,11.550000190734863,12.300000190734863,1516509
2024-03-05,12.300000190734863,12.550000190734863,12.010000228881836,12.109999656677246,1023083
2024-03-06,12.109999656677246,13.350000381469727,12.0,12.300000190734863,3902434
2024-03-07,12.300000190734863,12.649999618530273,11.850000381469727,11.989999771118164,923821
2024-03-10,11.989999771118164,12.489999771118164,11.90999984741211,12.119999885559082,2329542
2024-03-11,12.119999885559082,12.380000114440918,11.75,11.8100004196167,1715980
2024-03-12,11.8100004196167,12.050000190734863,11.5,11.539999961853027,624333
2024-03-13,11.539999961853027,11.699999809265137,10.220000267028809,10.600000381469727,1916207
2024-03-14,10.600000381469727,10.800000190734863,10.029999732971191,10.350000381469727,824336
2024-03-17,10.350000381469727,10.550000190734863,10.199999809265137,10.210000038146973,628120
2024-03-18,10.210000038146973,10.199999809265137,9.229999542236328,9.3100004196167,1156056
2024-03-19,9.3100004196167,9.479999542236328,9.010000228881836,9.4399995803833,996306
2024-03-20,9.4399995803833,9.800000190734863,9.40999984741211,9.539999961853027,602562
2024-03-21,9.539999961853027,9.960000038146973,9.149999618530273,9.649999618530273,835677
2024-03-24,9.649999618530273,9.989999771118164,9.65999984741211,9.6899995803833,699561
2024-03-25,9.6899995803833,9.789999961853027,9.5600004196167,9.640000343322754,564641
2024-03-26,9.640000343322754,9.8100004196167,9.510000228881836,9.510000228881836,941279
2024-03-27,9.510000228881836,9.5600004196167,9.220000267028809,9.260000228881836,566685
2024-03-28,9.260000228881836,9.390000343322754,9.0,9.149999618530273,551673
2024-03-31,9.149999618530273,9.289999961853027,8.600000381469727,8.770000457763672,462410
2024-04-01,8.770000457763672,9.069999694824219,8.819999694824219,9.020000457763672,862592
2024-04-02,9.020000457763672,9.520000457763672,9.140000343322754,9.229999542236328,1244418
2024-04-03,9.229999542236328,9.34000015258789,8.899999618530273,8.90999984741211,1453623
2024-04-04,8.90999984741211,9.84000015258789,8.949999809265137,9.539999961853027,1677440
2024-04-07,9.539999961853027,10.84000015258789,9.550000190734863,10.319999694824219,3688215
2024-04-08,8.157200813293457,8.686786651611328,8.141392707824707,8.528701782226562,5518333
2024-04-15,8.528701782226562,8.686786651611328,8.346903800964355,8.465468406677246,4531440
2024-04-16,8.465468406677246,8.504988670349121,8.323190689086914,8.323190689086914,2961985
2024-04-17,8.322999954223633,9.100000381469727,8.640000343322754,8.800000190734863,2713448
2024-04-18,8.800000190734863,8.930000305175781,8.329999923706055,8.430000305175781,1475404
2024-04-21,8.430000305175781,8.949999809265137,8.25,8.34000015258789,1595445
2024-04-22,8.34000015258789,8.40999984741211,8.020000457763672,8.100000381469727,830992
2024-04-23,8.100000381469727,8.130000114440918,7.380000114440918,7.409999847412109,1447385
2024-04-24,7.409999847412109,7.599999904632568,7.019999980926514,7.340000152587891,1486557
2024-04-28,7.340000152587891,7.340000152587891,7.340000152587891,7.340000152587891,0
2024-04-29,7.019999980926514,7.179999828338623,6.820000171661377,7.070000171661377,1059405
2024-04-30,7.070000171661377,7.190000057220459,6.800000190734863,6.829999923706055,916844
2024-05-02,7.0,7.110000133514404,6.909999847412109,7.03000020980835,977763
2024-05-07,7.03000020980835,7.429999828338623,6.909999847412109,7.159999847412109,1537761
2024-05-08,7.159999847412109,7.289999961853027,7.079999923706055,7.119999885559082,656088
2024-05-09,7.119999885559082,7.260000228881836,7.070000171661377,7.170000076293945,725631
2024-05-12,7.170000076293945,7.440000057220459,7.070000171661377,7.079999923706055,2931931
2024-05-13,7.079999923706055,7.150000095367432,6.829999923706055,6.989999771118164,1379301
2024-05-14,6.989999771118164,7.0,6.769999980926514,6.789999961853027,833059
2024-05-15,6.789999961853027,6.789999961853027,6.550000190734863,6.659999847412109,984286
2024-05-16,6.659999847412109,7.110000133514404,6.639999866485596,7.110000133514404,2959745
2024-05-19,7.110000133514404,8.199999809265137,7.210000038146973,8.0,7047451
2024-05-20,8.0,8.279999732971191,7.800000190734863,7.860000133514404,3905706
2024-05-21,7.860000133514404,8.279999732971191,7.699999809265137,8.020000457763672,5856421
2024-05-22,8.020000457763672,8.15999984741211,7.849999904632568,8.039999961853027,1586518
2024-05-23,8.039999961853027,8.220000267028809,7.920000076293945,8.140000343322754,1273005
2024-05-26,8.140000343322754,8.140000343322754,8.140000343322754,8.140000343322754,0
2024-05-27,8.079999923706055,8.489999771118164,8.069999694824219,8.130000114440918,5254627
2024-05-28,8.130000114440918,8.170000076293945,7.699999809265137,8.0,1926422
2024-05-29,8.0,8.1899995803833,7.869999885559082,7.900000095367432,1763565
2024-05-30,7.900000095367432,7.989999771118164,7.699999809265137,7.760000228881836,1073136
2024-06-02,7.760000228881836,8.010000228881836,7.650000095367432,7.699999809265137,1217051
2024-06-03,7.699999809265137,8.0,7.710000038146973,7.739999771118164,809120
2024-06-04,7.739999771118164,7.96999979019165,7.739999771118164,7.78000020980835,1077596
2024-06-05,7.78000020980835,7.710000038146973,7.110000133514404,7.510000228881836,1764719
2024-06-06,7.510000228881836,7.550000190734863,7.260000228881836,7.300000190734863,831493
2024-06-09,7.300000190734863,7.349999904632568,7.099999904632568,7.119999885559082,556954
2024-06-10,7.119999885559082,7.239999771118164,7.059999942779541,7.179999828338623,705134
2024-06-11,7.179999828338623,7.369999885559082,7.079999923706055,7.130000114440918,713514
2024-06-12,7.130000114440918,7.25,7.090000152587891,7.159999847412109,336985
2024-06-13,7.159999847412109,7.21999979019165,7.059999942779541,7.170000076293945,1298176
2024-06-23,7.170000076293945,7.46999979019165,7.199999809265137,7.269999980926514,1288554
2024-06-24,7.269999980926514,7.340000152587891,7.230000019073486,7.230000019073486,901899
2024-06-25,7.230000019073486,7.289999961853027,7.179999828338623,7.260000228881836,602267
2024-06-26,7.260000228881836,7.480000019073486,7.199999809265137,7.320000171661377,1623963
2024-06-27,7.320000171661377,7.480000019073486,7.28000020980835,7.380000114440918,1403048
2024-07-02,7.420000076293945,7.550000190734863,7.420000076293945,7.429999828338623,676001
2024-07-03,7.429999828338623,7.610000133514404,7.369999885559082,7.46999979019165,1405155
2024-07-04,7.46999979019165,7.760000228881836,7.5,7.539999961853027,1777171
2024-07-07,7.539999961853027,7.699999809265137,7.510000228881836,7.539999961853027,1051005
2024-07-08,7.539999961853027,7.590000152587891,7.460000038146973,7.460000038146973,631759
2024-07-09,7.460000038146973,7.510000228881836,7.380000114440918,7.400000095367432,449561
2024-07-10,7.400000095367432,7.489999771118164,7.360000133514404,7.369999885559082,514466
2024-07-14,7.369999885559082,7.369999885559082,7.210000038146973,7.25,438481
2024-07-15,7.25,7.329999923706055,7.179999828338623,7.230000019073486,361451
2024-07-16,7.230000019073486,7.25,7.119999885559082,7.150000095367432,617812
2024-07-17,7.150000095367432,7.440000057220459,7.170000076293945,7.389999866485596,889317
2024-07-18,7.389999866485596,7.699999809265137,7.389999866485596,7.599999904632568,3841754
2024-07-21,7.599999904632568,8.329999923706055,7.760000228881836,8.050000190734863,7409527
2024-07-22,8.050000190734863,8.40999984741211,7.800000190734863,8.170000076293945,19749986
2024-07-23,8.170000076293945,8.300000190734863,8.09000015258789,8.109999656677246,4757310
2024-07-24,8.109999656677246,8.289999961853027,8.069999694824219,8.100000381469727,5092235
2024-07-28,8.100000381469727,8.579999923706055,8.130000114440918,8.489999771118164,11724252
2024-07-29,8.489999771118164,8.680000305175781,8.319999694824219,8.430000305175781,5959354
2024-07-30,8.430000305175781,8.5600004196167,8.300000190734863,8.5600004196167,3318457
2024-07-31,8.5600004196167,8.859999656677246,8.630000114440918,8.710000038146973,8195022
2024-08-01,8.710000038146973,8.829999923706055,8.550000190734863,8.5600004196167,7830649
2024-08-04,8.5600004196167,8.489999771118164,8.229999542236328,8.25,4390062
2024-08-05,8.25,8.130000114440918,7.460000038146973,7.730000019073486,5593866
2024-08-06,7.730000019073486,8.050000190734863,7.800000190734863,8.039999961853027,3093712
2024-08-07,8.039999961853027,8.199999809265137,8.0,8.100000381469727,3311455
2024-08-08,8.100000381469727,8.380000114440918,8.069999694824219,8.25,5019449
2024-08-11,8.25,8.5600004196167,8.300000190734863,8.5,4052578
2024-08-12,8.5,8.6899995803833,8.3100004196167,8.3100004196167,4496435
2024-08-13,8.3100004196167,8.520000457763672,8.199999809265137,8.289999961853027,3047956
2024-08-14,8.289999961853027,8.579999923706055,8.270000457763672,8.579999923706055,5266417
2024-08-15,8.579999923706055,8.75,8.520000457763672,8.520000457763672,4956046
2024-08-18,8.520000457763672,8.670000076293945,8.4399995803833,8.460000038146973,3829800
2024-08-19,8.460000038146973,8.5600004196167,8.350000381469727,8.420000076293945,2431924
2024-08-20,8.420000076293945,8.5,8.359999656677246,8.460000038146973,1996456
2024-08-21,8.460000038146973,8.510000228881836,8.359999656677246,8.359999656677246,2246331
2024-08-22,8.359999656677246,8.460000038146973,8.3100004196167,8.359999656677246,1853526
2024-08-25,8.359999656677246,8.6899995803833,8.390000343322754,8.550000190734863,4854486
2024-08-26,8.550000190734863,8.65999984741211,8.449999809265137,8.489999771118164,3024937
2024-08-27,8.489999771118164,8.59000015258789,8.289999961853027,8.399999618530273,2506069
2024-08-28,8.399999618530273,8.539999961853027,8.380000114440918,8.420000076293945,4309786
2024-08-29,8.420000076293945,8.649999618530273,8.460000038146973,8.510000228881836,7411689
2024-09-01,8.510000228881836,9.170000076293945,8.59000015258789,9.119999885559082,16744318
2024-09-02,9.119999885559082,9.390000343322754,8.949999809265137,9.020000457763672,9055992
2024-09-03,9.020000457763672,9.239999771118164,8.90999984741211,9.0,4816943
2024-09-04,9.0,8.989999771118164,8.670000076293945,8.8100004196167,4028637
2024-09-05,8.8100004196167,8.970000267028809,8.699999809265137,8.75,3857290
2024-09-08,8.75,8.819999694824219,8.550000190734863,8.569999694824219,2102491
2024-09-09,8.569999694824219,8.630000114440918,8.470000267028809,8.489999771118164,2060129
2024-09-10,8.489999771118164,8.649999618530273,8.479999542236328,8.489999771118164,1482045
2024-09-11,8.489999771118164,8.539999961853027,8.350000381469727,8.4399995803833,1888801
2024-09-12,8.4399995803833,8.59000015258789,8.390000343322754,8.449999809265137,2721074
2024-09-16,8.449999809265137,8.619999885559082,8.430000305175781,8.520000457763672,1713669
2024-09-17,8.520000457763672,8.850000381469727,8.510000228881836,8.550000190734863,4214528
2024-09-18,8.550000190734863,8.760000228881836,8.600000381469727,8.670000076293945,2026462
2024-09-19,8.670000076293945,8.75,8.600000381469727,8.619999885559082,1660523
2024-09-22,8.619999885559082,8.850000381469727,8.5,8.800000190734863,3287446
2024-09-23,8.800000190734863,8.899999618530273,8.640000343322754,8.640000343322754,1732384
2024-09-24,8.59000015258789,8.9399995803833,8.59000015258789,8.729999542236328,11538022
2024-09-25,8.600000381469727,8.649999618530273,8.569999694824219,8.59000015258789,1878063
2024-09-26,8.59000015258789,8.9399995803833,8.59000015258789,8.729999542236328,11538022
2024-09-29,8.729999542236328,8.880000114440918,8.720000267028809,8.770000457763672,2692495
2024-09-30,8.770000457763672,8.869999885559082,8.699999809265137,8.729999542236328,2006670
2024-10-01,8.729999542236328,8.829999923706055,8.65999984741211,8.699999809265137,1448102
2024-10-02,8.699999809265137,8.770000457763672,8.5,8.5,2023214
2024-10-03,8.5,8.600000381469727,8.479999542236328,8.529999732971191,997768
2024-10-07,8.529999732971191,8.600000381469727,8.420000076293945,8.430000305175781,1186348
2024-10-08,8.430000305175781,8.479999542236328,8.130000114440918,8.239999771118164,1540110
2024-10-09,8.239999771118164,8.329999923706055,8.15999984741211,8.1899995803833,702575
2024-10-10,8.1899995803833,8.34000015258789,8.020000457763672,8.0600004196167,1873222
2024-10-13,8.0600004196167,8.289999961853027,8.050000190734863,8.069999694824219,1685097
2024-10-14,8.069999694824219,8.260000228881836,8.0600004196167,8.079999923706055,1110262
2024-10-15,8.079999923706055,8.369999885559082,8.100000381469727,8.3100004196167,1891236
2024-10-16,8.3100004196167,8.470000267028809,8.260000228881836,8.4399995803833,1663235
2024-10-17,8.4399995803833,8.670000076293945,8.40999984741211,8.5,3443958
2024-10-20,8.5,8.59000015258789,7.929999828338623,8.050000190734863,3546723
2024-10-21,8.050000190734863,8.1899995803833,7.929999828338623,8.15999984741211,1539480
2024-10-22,8.15999984741211,8.300000190734863,8.119999885559082,8.279999732971191,1515339
2024-10-23,8.279999732971191,8.670000076293945,8.25,8.300000190734863,1754546
2024-10-24,8.300000190734863,8.460000038146973,8.1899995803833,8.260000228881836,1109007
2024-10-27,8.260000228881836,8.65999984741211,8.25,8.619999885559082,5268382
2024-10-28,8.619999885559082,8.770000457763672,8.529999732971191,8.569999694824219,3641640
2024-10-29,8.569999694824219,8.779999732971191,8.520000457763672,8.569999694824219,6005242
2024-10-30,8.569999694824219,8.670000076293945,8.210000038146973,8.380000114440918,2236396
2024-10-31,8.380000114440918,8.479999542236328,8.329999923706055,8.380000114440918,1056369
2024-11-03,8.380000114440918,8.529999732971191,8.380000114440918,8.390000343322754,1092718
2024-11-04,8.390000343322754,8.460000038146973,8.329999923706055,8.34000015258789,902788
2024-11-05,8.34000015258789,8.479999542236328,8.260000228881836,8.279999732971191,990492
2024-11-06,8.279999732971191,8.430000305175781,8.270000457763672,8.350000381469727,1071927
2024-11-07,8.350000381469727,8.399999618530273,8.300000190734863,8.34000015258789,1695596
2024-11-10,8.34000015258789,8.390000343322754,8.300000190734863,8.329999923706055,1072057
2024-11-11,8.329999923706055,8.380000114440918,8.300000190734863,8.329999923706055,1508813
2024-11-12,8.329999923706055,8.380000114440918,8.289999961853027,8.329999923706055,1357066
2024-11-13,8.329999923706055,8.529999732971191,8.34000015258789,8.449999809265137,2420775
2024-11-14,8.449999809265137,8.520000457763672,8.390000343322754,8.399999618530273,1120971
2024-11-17,8.399999618530273,8.470000267028809,8.329999923706055,8.34000015258789,956721
2024-11-18,8.34000015258789,8.390000343322754,8.210000038146973,8.210000038146973,1043446
2024-11-19,8.210000038146973,8.239999771118164,8.079999923706055,8.100000381469727,1025632
2024-11-20,8.100000381469727,8.180000305175781,8.039999961853027,8.0600004196167,860221
2024-11-21,8.0600004196167,8.180000305175781,8.050000190734863,8.09000015258789,733530
2024-11-24,8.09000015258789,8.140000343322754,7.960000038146973,7.960000038146973,1003768
2024-11-25,7.960000038146973,7.989999771118164,7.800000190734863,7.840000152587891,1043061
2024-11-26,7.840000152587891,7.949999809265137,7.849999904632568,7.889999866485596,531754
2024-11-27,7.889999866485596,7.949999809265137,7.75,7.760000228881836,587276
2024-11-28,7.760000228881836,7.840000152587891,7.699999809265137,7.789999961853027,892049
2024-12-01,7.789999961853027,8.079999923706055,7.820000171661377,8.010000228881836,1130098
2024-12-02,8.010000228881836,8.100000381469727,7.96999979019165,7.980000019073486,672899
2024-12-03,7.980000019073486,8.050000190734863,7.909999847412109,7.920000076293945,641002
2024-12-04,7.920000076293945,7.989999771118164,7.909999847412109,7.920000076293945,810233
2024-12-05,7.920000076293945,8.09000015258789,7.929999828338623,8.020000457763672,1220945
2024-12-08,8.020000457763672,8.180000305175781,8.029999732971191,8.079999923706055,743094
2024-12-09,8.079999923706055,8.100000381469727,7.929999828338623,7.949999809265137,1016767
2024-12-10,7.949999809265137,8.0,7.769999980926514,7.78000020980835,1566879
2024-12-11,7.78000020980835,7.860000133514404,7.75,7.769999980926514,415417
2024-12-12,7.769999980926514,7.849999904632568,7.78000020980835,7.800000190734863,437263
2024-12-15,7.800000190734863,7.889999866485596,7.730000019073486,7.739999771118164,824226
2024-12-16,7.739999771118164,7.800000190734863,7.690000057220459,7.699999809265137,516877
2024-12-17,7.699999809265137,7.800000190734863,7.670000076293945,7.710000038146973,462189
2024-12-18,7.710000038146973,7.760000228881836,7.46999979019165,7.53000020980835,639966
2024-12-19,7.53000020980835,7.650000095367432,7.349999904632568,7.599999904632568,1351653
2024-12-22,7.599999904632568,7.75,7.53000020980835,7.539999961853027,787581
2024-12-23,7.539999961853027,7.590000152587891,7.300000190734863,7.300000190734863,866703
2024-12-24,7.300000190734863,7.420000076293945,7.25,7.28000020980835,541867
2024-12-25,7.28000020980835,7.400000095367432,7.28000020980835,7.320000171661377,838536
2024-12-26,7.320000171661377,7.329999923706055,7.199999809265137,7.230000019073486,671911
2024-12-29,7.230000019073486,7.289999961853027,7.110000133514404,7.110000133514404,822266
2024-12-30,7.110000133514404,7.199999809265137,6.809999942779541,6.889999866485596,1113750
2024-12-31,6.889999866485596,7.090000152587891,6.920000076293945,7.079999923706055,1157115
2025-01-02,7.079999923706055,7.329999923706055,7.099999904632568,7.289999961853027,897664
2025-01-05,7.289999961853027,7.710000038146973,7.300000190734863,7.699999809265137,2376742
2025-01-06,7.699999809265137,7.739999771118164,7.550000190734863,7.699999809265137,1353747
2025-01-08,7.699999809265137,8.050000190734863,7.630000114440918,7.860000133514404,3400908
2025-01-09,7.860000133514404,8.050000190734863,7.829999923706055,7.869999885559082,2207023
2025-01-12,7.869999885559082,8.420000076293945,7.619999885559082,8.350000381469727,5292143
2025-01-13,8.350000381469727,8.470000267028809,7.909999847412109,7.909999847412109,4632537
2025-01-14,7.909999847412109,8.069999694824219,7.710000038146973,8.010000228881836,2193571
2025-01-15,8.010000228881836,8.09000015258789,7.920000076293945,8.0600004196167,929574
2025-01-16,8.0600004196167,8.380000114440918,8.079999923706055,8.380000114440918,2891017
2025-01-19,8.0600004196167,8.460000038146973,8.079999923706055,8.350000381469727,6101876
2025-01-20,8.300000190734863,8.369999885559082,8.09000015258789,8.199999809265137,1642577
2025-01-21,8.199999809265137,8.229999542236328,8.09000015258789,8.109999656677246,714256
2025-01-22,8.109999656677246,8.350000381469727,8.100000381469727,8.239999771118164,1359932
2025-01-23,8.239999771118164,8.329999923706055,8.130000114440918,8.130000114440918,1301823
2025-01-26,8.130000114440918,8.319999694824219,8.140000343322754,8.15999984741211,1928364
2025-01-27,8.15999984741211,8.270000457763672,7.929999828338623,7.929999828338623,1762838
2025-01-28,7.929999828338623,8.050000190734863,7.940000057220459,8.010000228881836,560065
2025-01-29,8.010000228881836,8.119999885559082,8.020000457763672,8.029999732971191,526455
2025-01-30,8.029999732971191,8.180000305175781,8.020000457763672,8.029999732971191,724697
2025-02-02,8.029999732971191,8.850000381469727,8.0,8.739999771118164,11298215
2025-02-03,8.739999771118164,9.079999923706055,8.529999732971191,8.529999732971191,13628652
2025-02-04,8.529999732971191,8.680000305175781,8.470000267028809,8.600000381469727,4081608
2025-02-05,8.600000381469727,8.989999771118164,8.619999885559082,8.630000114440918,10122866
2025-02-06,8.630000114440918,8.779999732971191,8.550000190734863,8.5600004196167,2354835
2025-02-09,8.5600004196167,8.899999618530273,8.569999694824219,8.770000457763672,4594660
2025-02-10,8.770000457763672,8.989999771118164,8.729999542236328,8.84000015258789,5200503
2025-02-11,8.84000015258789,8.960000038146973,8.449999809265137,8.5,4222986
2025-02-12,8.5,8.460000038146973,8.260000228881836,8.329999923706055,1685318
2025-02-13,8.329999923706055,8.75,8.3100004196167,8.550000190734863,4238365
2025-02-16,8.550000190734863,8.930000305175781,8.699999809265137,8.739999771118164,7289685
2025-02-17,8.739999771118164,8.850000381469727,8.59000015258789,8.600000381469727,2441465
2025-02-18,8.600000381469727,8.65999984741211,8.470000267028809,8.569999694824219,6084766
2025-02-19,8.569999694824219,8.720000267028809,8.579999923706055,8.619999885559082,2329480
2025-02-20,8.619999885559082,8.930000305175781,8.640000343322754,8.859999656677246,7476909
2025-02-23,8.859999656677246,8.920000076293945,8.729999542236328,8.729999542236328,3153107
2025-02-24,8.729999542236328,8.800000190734863,8.550000190734863,8.649999618530273,3699596
2025-02-25,8.649999618530273,8.829999923706055,8.649999618530273,8.6899995803833,2842939
2025-02-26,8.6899995803833,8.760000228881836,8.59000015258789,8.609999656677246,1419254
2025-02-27,8.609999656677246,8.699999809265137,8.520000457763672,8.539999961853027,1279907
2025-03-02,8.539999961853027,8.600000381469727,8.5,8.510000228881836,583705
2025-03-03,8.510000228881836,8.6899995803833,8.520000457763672,8.579999923706055,1387564
2025-03-04,8.579999923706055,8.649999618530273,8.520000457763672,8.649999618530273,1029984
2025-03-05,8.649999618530273,8.65999984741211,8.5,8.529999732971191,718878
2025-03-06,8.529999732971191,8.600000381469727,8.489999771118164,8.569999694824219,1163850
2025-03-09,8.569999694824219,8.609999656677246,8.470000267028809,8.520000457763672,661929
2025-03-10,8.520000457763672,8.6899995803833,8.550000190734863,8.550000190734863,1706607
2025-03-11,8.550000190734863,8.600000381469727,8.479999542236328,8.539999961853027,964759
2025-03-12,8.539999961853027,8.619999885559082,8.529999732971191,8.5600004196167,894404
2025-03-13,8.5600004196167,8.609999656677246,8.449999809265137,8.550000190734863,1773806
2025-03-16,8.550000190734863,8.569999694824219,8.470000267028809,8.5,1046425
2025-03-17,8.5,8.5,8.359999656677246,8.369999885559082,1630818
2025-03-18,8.369999885559082,8.4399995803833,8.239999771118164,8.300000190734863,1340486
2025-03-19,8.300000190734863,8.34000015258789,8.029999732971191,8.069999694824219,2813758
2025-03-20,8.069999694824219,8.220000267028809,8.079999923706055,8.130000114440918,1133413
2025-03-23,8.130000114440918,8.329999923706055,8.149999618530273,8.199999809265137,876927
2025-03-24,8.199999809265137,8.260000228881836,7.96999979019165,8.069999694824219,1478500
2025-03-25,8.069999694824219,8.140000343322754,7.949999809265137,8.0,988638
2025-03-26,8.0,8.100000381469727,7.929999828338623,8.050000190734863,1897361
2025-03-27,8.050000190734863,8.149999618530273,8.029999732971191,8.050000190734863,1304792
2025-04-03,8.050000190734863,8.09000015258789,7.980000019073486,8.069999694824219,1149147
2025-04-06,8.069999694824219,7.900000095367432,7.710000038146973,7.71999979019165,1475991
2025-04-07,7.71999979019165,7.78000020980835,7.519999980926514,7.769999980926514,1582668
2025-04-08,7.769999980926514,7.849999904632568,7.78000020980835,7.840000152587891,1453782
2025-04-09,7.840000152587891,7.840000152587891,7.360000133514404,7.360000133514404,1615096
2025-04-10,7.360000133514404,7.75,7.610000133514404,7.659999847412109,1042409
2025-04-13,7.659999847412109,7.800000190734863,7.690000057220459,7.75,1290569
2025-04-14,7.75,8.069999694824219,7.800000190734863,8.050000190734863,3139376
2025-04-15,8.050000190734863,8.180000305175781,8.010000228881836,8.020000457763672,2522960
2025-04-16,8.020000457763672,8.069999694824219,7.949999809265137,7.960000038146973,688557
2025-04-17,7.960000038146973,8.119999885559082,7.929999828338623,8.0,1334527
2025-04-22,8.0,8.119999885559082,7.949999809265137,7.96999979019165,1448944
2025-04-23,7.96999979019165,8.100000381469727,7.960000038146973,8.079999923706055,1747169
2025-04-27,8.079999923706055,8.300000190734863,8.09000015258789,8.300000190734863,5483528
2025-04-28,8.300000190734863,8.359999656677246,8.220000267028809,8.25,1952591
2025-04-29,8.25,8.359999656677246,8.199999809265137,8.270000457763672,4072194
2025-04-30,8.270000457763672,8.390000343322754,8.220000267028809,8.390000343322754,2001860
2025-05-04,8.390000343322754,8.479999542236328,8.399999618530273,8.420000076293945,2576219
2025-05-05,8.420000076293945,8.470000267028809,8.300000190734863,8.300000190734863,1631119
2025-05-06,8.300000190734863,8.399999618530273,8.289999961853027,8.3100004196167,1554448
2025-05-07,8.3100004196167,8.380000114440918,8.100000381469727,8.149999618530273,2552987
2025-05-08,8.149999618530273,8.25,8.069999694824219,8.170000076293945,1328634
2025-05-11,8.170000076293945,8.279999732971191,8.039999961853027,8.039999961853027,850351
2025-05-12,8.039999961853027,8.1899995803833,7.96999979019165,8.0,1298636
2025-05-13,8.0,8.109999656677246,7.980000019073486,8.0,944210
2025-05-14,8.0,8.069999694824219,7.949999809265137,7.960000038146973,470221
2025-05-15,7.960000038146973,8.020000457763672,7.880000114440918,7.920000076293945,1302116
2025-05-18,7.920000076293945,8.119999885559082,7.920000076293945,8.029999732971191,5145628
2025-05-19,8.029999732971191,8.100000381469727,7.849999904632568,7.849999904632568,3147201
2025-05-20,7.849999904632568,7.980000019073486,7.78000020980835,7.78000020980835,1824259
2025-05-21,7.78000020980835,7.809999942779541,7.599999904632568,7.630000114440918,4315217
2025-05-22,7.630000114440918,7.739999771118164,7.599999904632568,7.699999809265137,2189272
2025-05-25,7.699999809265137,7.769999980926514,7.630000114440918,7.670000076293945,1250730
2025-05-26,7.670000076293945,7.710000038146973,7.619999885559082,7.630000114440918,1362926
2025-05-27,7.630000114440918,7.699999809265137,7.590000152587891,7.650000095367432,1773895
2025-05-28,7.650000095367432,7.71999979019165,7.599999904632568,7.599999904632568,1495545
2025-05-29,7.599999904632568,7.670000076293945,7.550000190734863,7.579999923706055,1200580
2025-06-01,7.579999923706055,7.630000114440918,7.550000190734863,7.570000171661377,687631
2025-06-02,7.570000171661377,7.710000038146973,7.53000020980835,7.579999923706055,1421398
2025-06-03,7.579999923706055,7.900000095367432,7.610000133514404,7.829999923706055,3629155
2025-06-04,7.829999923706055,8.050000190734863,7.860000133514404,7.889999866485596,2892976
2025-06-10,7.889999866485596,8.130000114440918,7.929999828338623,7.96999979019165,1409173
2025-06-11,7.96999979019165,8.050000190734863,7.909999847412109,7.909999847412109,1448928
2025-06-12,7.909999847412109,7.900000095367432,7.650000095367432,7.679999828338623,1763350
2025-06-15,7.679999828338623,7.300000190734863,6.75,7.269999980926514,1552874
2025-06-16,7.269999980926514,7.400000095367432,7.25,7.340000152587891,948692
2025-06-17,7.340000152587891,7.389999866485596,7.050000190734863,7.079999923706055,1091145
2025-06-18,7.079999923706055,7.099999904632568,6.989999771118164,7.039999961853027,1253255
2025-06-19,7.039999961853027,7.130000114440918,6.920000076293945,6.920000076293945,1439592
2025-06-22,6.920000076293945,7.099999904632568,6.769999980926514,7.090000152587891,1756793
2025-06-23,7.090000152587891,7.300000190734863,7.050000190734863,7.230000019073486,2664964
2025-06-24,7.230000019073486,7.449999809265137,7.289999961853027,7.449999809265137,2761287
2025-06-25,7.449999809265137,7.590000152587891,7.349999904632568,7.590000152587891,1622689
2025-06-29,7.590000152587891,7.769999980926514,7.610000133514404,7.619999885559082,1618768
2025-06-30,7.619999885559082,7.710000038146973,7.550000190734863,7.550000190734863,1217029
2025-07-01,7.550000190734863,7.610000133514404,7.5,7.5,669841
2025-07-02,7.5,7.559999942779541,7.449999809265137,7.449999809265137,1135949
2025-07-06,7.449999809265137,7.679999828338623,7.5,7.590000152587891,1259049
2025-07-07,7.590000152587891,8.779999732971191,7.550000190734863,8.4399995803833,18447202
2025-07-09,8.4399995803833,8.600000381469727,8.300000190734863,8.369999885559082,5084838
2025-07-10,8.369999885559082,8.420000076293945,8.229999542236328,8.319999694824219,2964267
2025-07-13,8.319999694824219,8.630000114440918,8.319999694824219,8.399999618530273,3900762
2025-07-14,8.399999618530273,9.5,8.319999694824219,9.199999809265137,23509334
2025-07-15,9.199999809265137,9.850000381469727,9.199999809265137,9.619999885559082,15098143
2025-07-16,9.619999885559082,10.699999809265137,9.449999809265137,10.199999809265137,23272124
2025-07-17,10.199999809265137,10.600000381469727,10.0600004196167,10.520000457763672,17376384
2025-07-20,10.520000457763672,10.699999809265137,10.329999923706055,10.5,4607701
2025-07-21,10.5,10.510000228881836,10.0,10.029999732971191,4290473
2025-07-22,10.029999732971191,10.239999771118164,9.720000267028809,9.720000267028809,5183900
2025-07-23,9.720000267028809,9.720000267028809,9.720000267028809,9.720000267028809,0
2025-07-27,9.789999961853027,10.279999732971191,9.760000228881836,9.9399995803833,6939780
2025-07-28,9.9399995803833,10.109999656677246,9.600000381469727,9.609999656677246,3387399
2025-07-29,9.609999656677246,10.069999694824219,9.5,9.930000305175781,7822178
2025-07-30,9.930000305175781,10.25,9.75,9.949999809265137,7456520
2025-07-31,9.949999809265137,10.260000228881836,9.960000038146973,10.149999618530273,5832668
2025-08-03,10.149999618530273,10.149999618530273,10.149999618530273,10.149999618530273,0
2025-08-04,10.149999618530273,10.149999618530273,10.149999618530273,10.149999618530273,0
2025-08-05,10.149999618530273,10.149999618530273,10.149999618530273,10.149999618530273,0
2025-08-06,10.149999618530273,10.149999618530273,10.149999618530273,10.149999618530273,0
2025-08-07,10.149999618530273,10.149999618530273,10.149999618530273,10.149999618530273,0
2025-08-10,10.899999618530273,11.100000381469727,10.899999618530273,10.899999618530273,3152876
2025-08-11,10.899999618530273,11.449999809265137,10.930000305175781,11.399999618530273,10096041
2025-08-12,11.399999618530273,11.649999618530273,11.329999923706055,11.59000015258789,6236964
2025-08-13,11.59000015258789,11.800000190734863,11.369999885559082,11.40999984741211,4502049
2025-08-14,11.40999984741211,11.520000457763672,11.100000381469727,11.510000228881836,3406612
2025-08-17,11.510000228881836,11.649999618530273,11.40999984741211,11.40999984741211,2611740
2025-08-18,11.40999984741211,12.300000190734863,11.40999984741211,12.029999732971191,16125334
2025-08-19,12.029999732971191,12.569999694824219,12.020000457763672,12.100000381469727,4486670
2025-08-20,12.100000381469727,12.180000305175781,11.640000343322754,11.65999984741211,6019268
2025-08-21,11.65999984741211,11.970000267028809,11.670000076293945,11.75,2625045
2025-08-24,11.75,11.9399995803833,11.600000381469727,11.600000381469727,1763263
2025-08-25,11.600000381469727,11.75,10.84000015258789,11.0600004196167,9993594
2025-08-26,11.0600004196167,11.170000076293945,10.760000228881836,11.0,4063837
2025-08-27,11.0,11.199999809265137,10.869999885559082,10.869999885559082,2103444
2025-08-28,10.869999885559082,11.199999809265137,10.899999618530273,11.199999809265137,3457715
2025-08-31,11.199999809265137,11.270000457763672,10.859999656677246,11.010000228881836,2592726
2025-09-01,11.010000228881836,11.149999618530273,10.90999984741211,11.050000190734863,1107358
2025-09-02,11.050000190734863,11.199999809265137,11.0,11.0600004196167,1230062
2025-09-03,11.0600004196167,11.149999618530273,11.0,11.0,1236885
2025-09-07,11.0,11.550000190734863,10.90999984741211,11.239999771118164,4434583
2025-09-08,11.239999771118164,11.380000114440918,11.100000381469727,11.210000038146973,1828697
2025-09-09,11.210000038146973,11.550000190734863,11.130000114440918,11.199999809265137,2457148
2025-09-10,11.199999809265137,11.4399995803833,11.180000305175781,11.229999542236328,2009710
2025-09-11,11.229999542236328,11.569999694824219,11.239999771118164,11.5,3616739
2025-09-14,11.5,11.770000457763672,11.5,11.699999809265137,2941991
2025-09-15,11.699999809265137,11.90999984741211,11.5,11.5,3988657
2025-09-16,11.5,11.550000190734863,11.029999732971191,11.25,2339803
2025-09-17,11.25,11.399999618530273,11.199999809265137,11.3100004196167,1094522
2025-09-18,11.3100004196167,11.4399995803833,11.170000076293945,11.220000267028809,2474586
2025-09-21,11.220000267028809,11.5,11.25,11.260000228881836,1118794
2025-09-22,11.260000228881836,11.34000015258789,11.020000457763672,11.199999809265137,858396
2025-09-23,11.199999809265137,11.220000267028809,10.979999542236328,11.029999732971191,1095753
2025-09-24,11.029999732971191,11.329999923706055,11.0,11.1899995803833,1205868
2025-09-25,11.1899995803833,11.300000190734863,11.050000190734863,11.220000267028809,1543810
2025-09-28,11.220000267028809,11.5,11.220000267028809,11.460000038146973,3795714
2025-09-29,11.460000038146973,11.75,11.460000038146973,11.75,3951019
2025-09-30,11.75,12.350000381469727,11.760000228881836,12.260000228881836,14542822
2025-10-01,12.260000228881836,12.300000190734863,11.8100004196167,11.850000381469727,4432487
2025-10-02,11.850000381469727,12.15999984741211,11.75,11.869999885559082,6178441
2025-10-05,11.869999885559082,12.170000076293945,11.899999618530273,12.170000076293945,2597516
2025-10-06,12.170000076293945,12.199999809265137,11.970000267028809,12.050000190734863,2025316
2025-10-07,12.050000190734863,12.1899995803833,11.930000305175781,11.949999809265137,1615470
2025-10-08,11.949999809265137,12.100000381469727,11.829999923706055,11.90999984741211,1388440
2025-10-12,11.90999984741211,11.899999618530273,11.539999961853027,11.600000381469727,2051693
2025-10-13,11.600000381469727,11.680000305175781,11.329999923706055,11.40999984741211,3136018
2025-10-14,11.40999984741211,11.699999809265137,11.350000381469727,11.5,2006873
2025-10-15,11.5,11.609999656677246,11.369999885559082,11.380000114440918,929805
2025-10-16,11.380000114440918,11.600000381469727,11.399999618530273,11.569999694824219,1333036
2025-10-19,11.569999694824219,11.8100004196167,11.619999885559082,11.680000305175781,1913880
2025-10-20,11.680000305175781,11.800000190734863,11.489999771118164,11.5,1043771
2025-10-21,11.5,11.59000015258789,11.479999542236328,11.529999732971191,723522
2025-10-22,11.529999732971191,11.720000267028809,11.430000305175781,11.4399995803833,601475
2025-10-23,11.4399995803833,11.569999694824219,11.199999809265137,11.300000190734863,1946035
2025-10-26,11.300000190734863,11.399999618530273,11.229999542236328,11.329999923706055,1287060
2025-10-27,11.329999923706055,11.40999984741211,11.25,11.270000457763672,2038887
2025-10-28,11.270000457763672,11.5600004196167,11.270000457763672,11.430000305175781,4036851
2025-10-29,11.430000305175781,11.539999961853027,11.329999923706055,11.399999618530273,2222545
2025-10-30,11.399999618530273,11.420000076293945,11.260000228881836,11.300000190734863,771811
2025-11-02,11.300000190734863,11.399999618530273,11.229999542236328,11.300000190734863,906546
2025-11-03,11.300000190734863,11.34000015258789,11.15999984741211,11.199999809265137,826852
2025-11-04,11.199999809265137,11.199999809265137,11.0600004196167,11.0600004196167,1016345
2025-11-05,11.0600004196167,11.170000076293945,10.65999984741211,10.8100004196167,2207775
2025-11-06,10.8100004196167,10.880000114440918,10.59000015258789,10.649999618530273,1369587
2025-11-09,10.649999618530273,10.829999923706055,10.550000190734863,10.5600004196167,1332995
2025-11-10,10.5600004196167,10.699999809265137,10.4399995803833,10.600000381469727,885879
2025-11-11,10.600000381469727,10.789999961853027,10.359999656677246,10.4399995803833,1848118
2025-11-12,10.4399995803833,10.550000190734863,10.3100004196167,10.380000114440918,625974
2025-11-13,10.380000114440918,10.529999732971191,10.369999885559082,10.420000076293945,1042976
2025-11-16,10.420000076293945,10.510000228881836,10.300000190734863,10.300000190734863,748731
2025-11-17,10.300000190734863,10.359999656677246,9.930000305175781,10.0,2130724
2025-11-18,10.0,10.640000343322754,10.0,10.420000076293945,3756303
2025-11-19,10.420000076293945,10.579999923706055,10.34000015258789,10.4399995803833,823273
2025-11-20,10.4399995803833,10.609999656677246,10.300000190734863,10.369999885559082,1977491
2025-11-23,10.369999885559082,10.539999961853027,10.3100004196167,10.3100004196167,868696
2025-11-24,10.3100004196167,10.40999984741211,10.210000038146973,10.220000267028809,596289
2025-11-25,10.220000267028809,10.319999694824219,10.0,10.010000228881836,864087
2025-11-26,10.010000228881836,10.180000305175781,9.880000114440918,9.960000038146973,1246263
2025-11-27,9.960000038146973,10.229999542236328,9.800000190734863,10.0600004196167,1391092
2025-11-30,10.0600004196167,10.800000190734863,10.25,10.800000190734863,6049508
2025-12-01,10.800000190734863,10.930000305175781,10.600000381469727,10.65999984741211,2582929
2025-12-02,10.65999984741211,10.75,10.449999809265137,10.5,1424272
2025-12-03,10.5,11.039999961853027,10.510000228881836,10.75,9031417
2025-12-04,10.75,10.899999618530273,10.609999656677246,10.609999656677246,2497231
2025-12-07,10.609999656677246,11.239999771118164,10.609999656677246,10.930000305175781,6564426
2025-12-08,10.930000305175781,11.119999885559082,10.670000076293945,10.859999656677246,3066202
2025-12-09,10.859999656677246,11.0,10.729999542236328,10.84000015258789,2642585
2025-12-10,10.84000015258789,10.979999542236328,10.789999961853027,10.880000114440918,1453695
2025-12-11,10.880000114440918,10.899999618530273,10.699999809265137,10.699999809265137,1764688
2025-12-14,10.699999809265137,11.789999961853027,10.770000457763672,11.630000114440918,18081942
2025-12-15,11.630000114440918,11.850000381469727,11.529999732971191,11.539999961853027,4907312
2025-12-16,11.539999961853027,12.0,11.449999809265137,11.75,6867901
2025-12-17,11.75,11.949999809265137,11.609999656677246,11.770000457763672,3531916
2025-12-18,11.770000457763672,12.029999732971191,11.739999771118164,11.760000228881836,7479536
2025-12-21,11.760000228881836,12.239999771118164,11.75,12.210000038146973,12608641
2025-12-22,12.210000038146973,12.949999809265137,12.300000190734863,12.5,20540565
2025-12-23,12.5,12.65999984741211,12.199999809265137,12.399999618530273,8269344
2025-12-24,12.399999618530273,12.65999984741211,12.329999923706055,12.40999984741211,3601977
2025-12-25,12.40999984741211,12.520000457763672,12.130000114440918,12.149999618530273,2717779
2025-12-28,12.149999618530273,12.489999771118164,12.029999732971191,12.489999771118164,3563763
2025-12-29,12.489999771118164,12.59000015258789,12.34000015258789,12.34000015258789,3592151
2025-12-30,12.34000015258789,12.5,12.220000267028809,12.369999885559082,2124644
2025-12-31,12.369999885559082,12.600000381469727,12.069999694824219,12.489999771118164,2745586
2026-01-04,12.489999771118164,12.489999771118164,12.0,12.0,1429887
2026-01-05,12.0,12.100000381469727,11.460000038146973,11.699999809265137,1673864
2026-01-06,11.699999809265137,11.890000343322754,11.569999694824219,11.619999885559082,1596601
2026-01-08,11.619999885559082,11.890000343322754,11.510000228881836,11.520000457763672,1061820
2026-01-11,11.520000457763672,11.869999885559082,11.600000381469727,11.710000038146973,915684
2026-01-12,11.710000038146973,11.920000076293945,11.460000038146973,11.5,2606067
2026-01-13,11.5,11.600000381469727,11.140000343322754,11.149999618530273,1343814
2026-01-14,11.149999618530273,11.239999771118164,9.770000457763672,10.800000190734863,2135786
2026-01-15,10.800000190734863,11.0,10.470000267028809,10.5,944525
2026-01-18,10.5,10.899999618530273,10.609999656677246,10.680000305175781,485950
2026-01-19,10.680000305175781,10.920000076293945,10.699999809265137,10.720000267028809,2408461
2026-01-20,10.720000267028809,10.880000114440918,10.399999618530273,10.550000190734863,3392272
2026-01-21,10.550000190734863,11.050000190734863,10.5,10.989999771118164,3604457
2026-01-22,10.989999771118164,11.329999923706055,10.949999809265137,10.949999809265137,4627060
2026-01-25,10.949999809265137,11.199999809265137,10.800000190734863,10.800000190734863,2730595
2026-01-26,10.800000190734863,10.949999809265137,10.670000076293945,10.850000381469727,2476209
2026-01-27,10.850000381469727,11.4399995803833,10.850000381469727,11.380000114440918,7700380
2026-01-28,11.380000114440918,11.680000305175781,10.899999618530273,11.109999656677246,6605208
2026-02-01,11.109999656677246,11.300000190734863,11.0,11.25,1279822
2026-02-02,11.25,11.800000190734863,11.119999885559082,11.649999618530273,6097771
2026-02-03,11.649999618530273,11.949999809265137,11.609999656677246,11.720000267028809,5304963
2026-02-04,11.720000267028809,12.319999694824219,11.729999542236328,12.300000190734863,15879434
2026-02-05,12.300000190734863,12.369999885559082,12.069999694824219,12.140000343322754,6040935
2026-02-08,12.140000343322754,12.470000267028809,12.130000114440918,12.420000076293945,7673665
2026-02-09,12.420000076293945,12.489999771118164,12.1899995803833,12.329999923706055,3191377
2026-02-10,12.329999923706055,12.479999542236328,12.220000267028809,12.300000190734863,3811720
2026-02-11,12.300000190734863,12.710000038146973,12.300000190734863,12.600000381469727,8748210
2026-02-12,12.600000381469727,12.789999961853027,12.460000038146973,12.460000038146973,4481211
2026-02-15,12.460000038146973,13.390000343322754,12.59000015258789,13.279999732971191,19691993
2026-02-16,13.279999732971191,13.430000305175781,13.010000228881836,13.010000228881836,6335885
2026-02-17,13.010000228881836,13.15999984741211,12.850000381469727,13.029999732971191,3961878
2026-02-18,13.029999732971191,13.40999984741211,13.130000114440918,13.149999618530273,7201138
2026-02-19,13.149999618530273,13.199999809265137,12.800000190734863,12.829999923706055,2929040
2026-02-22,12.829999923706055,13.020000457763672,12.649999618530273,12.880000114440918,3036615
2026-02-23,12.880000114440918,13.15999984741211,12.75,13.010000228881836,4107775
2026-02-24,13.010000228881836,13.260000228881836,12.960000038146973,13.0,5771997
2026-02-25,13.0,13.350000381469727,12.930000305175781,13.039999961853027,16019306
2026-02-26,13.039999961853027,13.399999618530273,12.90999984741211,13.09000015258789,6268578
2026-03-01,13.09000015258789,12.569999694824219,12.020000457763672,12.420000076293945,5455005
2026-03-02,12.420000076293945,12.59000015258789,12.100000381469727,12.220000267028809,1623100
2026-03-03,12.220000267028809,13.399999618530273,11.899999618530273,13.199999809265137,11886571
2026-03-04,13.199999809265137,13.970000267028809,12.399999618530273,12.550000190734863,38283391
2026-03-05,12.550000190734863,12.649999618530273,11.710000038146973,12.130000114440918,31200383
2026-03-08,12.130000114440918,12.989999771118164,12.239999771118164,12.859999656677246,40234469
2026-03-09,12.859999656677246,13.279999732971191,12.449999809265137,12.5,23836180
2026-03-10,12.5,12.449999809265137,12.039999961853027,12.149999618530273,8467175
2026-03-11,12.149999618530273,12.40999984741211,12.149999618530273,12.359999656677246,5265102
2026-03-12,12.359999656677246,12.739999771118164,12.220000267028809,12.289999961853027,6874279
2026-03-15,12.289999961853027,12.449999809265137,12.09000015258789,12.09000015258789,4439165
2026-03-16,12.09000015258789,12.199999809265137,11.920000076293945,12.0,3115479
2026-03-17,12.0,12.119999885559082,11.90999984741211,11.920000076293945,3735868
2026-03-18,11.920000076293945,11.989999771118164,11.619999885559082,11.649999618530273,5113681
2026-03-19,11.649999618530273,11.649999618530273,11.649999618530273,11.649999618530273,0
2026-03-24,11.649999618530273,12.109999656677246,11.699999809265137,12.020000457763672,4872499
2026-03-25,12.020000457763672,12.109999656677246,11.869999885559082,11.890000343322754,3195137
2026-03-26,11.890000343322754,11.949999809265137,11.609999656677246,11.640000343322754,4518226
2026-03-29,11.640000343322754,11.789999961853027,11.399999618530273,11.420000076293945,3742428
2026-03-30,11.420000076293945,11.529999732971191,11.100000381469727,11.170000076293945,2703593
2026-03-31,11.170000076293945,11.699999809265137,11.050000190734863,11.350000381469727,3715053
2026-04-01,11.350000381469727,11.600000381469727,11.300000190734863,11.40999984741211,2002629
2026-04-02,11.40999984741211,11.40999984741211,11.229999542236328,11.229999542236328,1567284
2026-04-05,11.229999542236328,11.430000305175781,11.220000267028809,11.25,3362695
2026-04-06,11.25,11.359999656677246,11.149999618530273,11.199999809265137,4023503
2026-04-07,11.199999809265137,11.479999542236328,11.180000305175781,11.300000190734863,4367004
2026-04-08,11.300000190734863,11.479999542236328,11.210000038146973,11.25,2963860
2026-04-09,11.25,11.329999923706055,11.130000114440918,11.300000190734863,2016728
2026-04-14,11.300000190734863,11.479999542236328,11.329999923706055,11.40999984741211,3847548
2026-04-15,11.40999984741211,11.550000190734863,11.319999694824219,11.359999656677246,4584432
2026-04-16,11.359999656677246,11.449999809265137,11.319999694824219,11.34000015258789,2901565
2026-04-19,11.34000015258789,11.399999618530273,11.329999923706055,11.329999923706055,1398730
2026-04-20,11.329999923706055,11.40999984741211,11.289999961853027,11.300000190734863,2043654
2026-04-21,11.300000190734863,11.369999885559082,11.1899995803833,11.199999809265137,4391111
2026-04-22,11.199999809265137,11.359999656677246,11.149999618530273,11.239999771118164,4124863
2026-04-23,11.239999771118164,11.699999809265137,11.260000228881836,11.649999618530273,11414582
2026-04-26,11.649999618530273,12.050000190734863,11.800000190734863,11.979999542236328,10257353
2026-04-27,11.979999542236328,12.149999618530273,11.859999656677246,11.970000267028809,4254932
2026-04-28,11.970000267028809,12.420000076293945,11.970000267028809,12.350000381469727,11785416
2026-04-29,12.350000381469727,12.449999809265137,12.119999885559082,12.149999618530273,6417858
2026-04-30,12.149999618530273,12.529999732971191,12.1899995803833,12.300000190734863,8911867
2026-05-03,12.300000190734863,12.529999732971191,12.1899995803833,12.1899995803833,7198126
2026-05-04,12.1899995803833,12.319999694824219,11.760000228881836,11.819999694824219,9636882
2026-05-05,11.819999694824219,11.869999885559082,11.640000343322754,11.729999542236328,3788108
2026-05-06,11.729999542236328,12.0,11.770000457763672,11.850000381469727,5752536
2026-05-10,11.850000381469727,12.319999694824219,11.949999809265137,12.140000343322754,4679280
2026-05-11,12.140000343322754,12.800000190734863,12.260000228881836,12.800000190734863,13935014
2026-05-12,12.800000190734863,13.579999923706055,12.949999809265137,13.550000190734863,21233834
2026-05-13,13.550000190734863,13.670000076293945,13.180000305175781,13.34000015258789,9848891
2026-05-14,13.34000015258789,14.40999984741211,13.199999809265137,14.300000190734863,24298854
2026-05-17,14.300000190734863,14.970000267028809,14.100000381469727,14.5600004196167,16077505
2026-05-18,14.5600004196167,14.979999542236328,14.260000228881836,14.359999656677246,12241764
2026-05-19,14.359999656677246,14.680000305175781,14.289999961853027,14.319999694824219,5673659
2026-05-20,14.319999694824219,14.550000190734863,13.829999923706055,13.899999618530273,4445039
2026-05-21,13.899999618530273,14.170000076293945,13.829999923706055,13.920000076293945,5283871
2026-05-24,13.920000076293945,14.069999694824219,13.829999923706055,13.829999923706055,2471934
2026-05-25,13.829999923706055,13.949999809265137,13.569999694824219,13.75,2315645
2026-05-26,13.75,13.75,13.75,13.75,0
2026-05-27,13.75,13.75,13.75,13.75,0
2026-05-28,13.75,13.75,13.75,13.75,0
2026-06-01,13.75,14.25,13.609999656677246,14.25,3950840
2026-06-02,14.25,14.949999809265137,14.270000457763672,14.699999809265137,10146936
2026-06-03,14.699999809265137,15.350000381469727,14.90999984741211,15.199999809265137,10106460
2026-06-04,15.199999809265137,15.369999885559082,14.619999885559082,14.630000114440918,5151214
2026-06-07,14.630000114440918,14.739999771118164,14.449999809265137,14.5,3781768
2026-06-08,14.5,14.9399995803833,14.460000038146973,14.65999984741211,3976516
2026-06-09,14.65999984741211,14.850000381469727,14.59000015258789,14.789999961853027,2286188
2026-06-10,14.789999961853027,14.84000015258789,13.979999542236328,14.0,2956464
2026-06-11,14.0,14.199999809265137,13.649999618530273,13.720000267028809,2654575
