Date,Open,High,Low,Close,Volume
2020-12-01,2.509999990463257,2.75,2.490000009536743,2.640000104904175,52920243
2020-12-02,2.640000104904175,2.8399999141693115,2.6700000762939453,2.75,39609949
2020-12-03,2.75,2.7200000286102295,2.630000114440918,2.680000066757202,5721536
2020-12-06,2.680000066757202,2.7100000381469727,2.6500000953674316,2.6700000762939453,3922182
2020-12-07,2.6700000762939453,2.690000057220459,2.569999933242798,2.609999895095825,9720794
2020-12-08,2.609999895095825,2.630000114440918,2.5299999713897705,2.5799999237060547,7449120
2020-12-09,2.5799999237060547,2.5999999046325684,2.490000009536743,2.5299999713897705,10304662
2020-12-10,2.5299999713897705,2.5299999713897705,2.440000057220459,2.4700000286102295,6999251
2020-12-13,2.4700000286102295,2.509999990463257,2.4000000953674316,2.4600000381469727,6738168
2020-12-14,2.4600000381469727,2.5,2.450000047683716,2.4800000190734863,5034147
2020-12-15,2.4800000190734863,2.5399999618530273,2.450000047683716,2.490000009536743,11267319
2020-12-16,2.490000009536743,2.5,2.4100000858306885,2.440000057220459,3914021
2020-12-17,2.440000057220459,2.4600000381469727,2.4000000953674316,2.4200000762939453,6990606
2020-12-20,2.4200000762939453,2.4800000190734863,2.430000066757202,2.4600000381469727,2400402
2020-12-21,2.4600000381469727,2.430000066757202,2.25,2.309999942779541,6277443
2020-12-22,2.309999942779541,2.390000104904175,2.25,2.3399999141693115,3193108
2020-12-23,2.3399999141693115,2.390000104904175,2.3299999237060547,2.3499999046325684,1943569
2020-12-24,2.3499999046325684,2.4000000953674316,2.3299999237060547,2.359999895095825,7124747
2020-12-27,2.359999895095825,2.3499999046325684,2.2899999618530273,2.309999942779541,5108117
2020-12-28,2.309999942779541,2.3399999141693115,2.2799999713897705,2.309999942779541,3639178
2020-12-29,2.309999942779541,2.359999895095825,2.299999952316284,2.3299999237060547,4324926
2020-12-30,2.3299999237060547,2.4000000953674316,2.3499999046325684,2.380000114440918,5643632
2020-12-31,2.380000114440918,2.4000000953674316,2.3499999046325684,2.369999885559082,4344670
2021-01-03,2.369999885559082,2.4100000858306885,2.3399999141693115,2.380000114440918,4318542
2021-01-04,2.380000114440918,2.4100000858306885,2.3299999237060547,2.3499999046325684,4444260
2021-01-05,2.3499999046325684,2.380000114440918,2.309999942779541,2.3499999046325684,3666496
2021-01-06,2.3499999046325684,2.4000000953674316,2.3399999141693115,2.369999885559082,4112471
2021-01-10,2.369999885559082,2.4800000190734863,2.369999885559082,2.450000047683716,11046172
2021-01-11,2.450000047683716,2.5199999809265137,2.440000057220459,2.490000009536743,6154856
2021-01-12,2.490000009536743,2.490000009536743,2.450000047683716,2.4700000286102295,5826824
2021-01-13,2.4700000286102295,2.559999942779541,2.4600000381469727,2.5299999713897705,17116237
2021-01-14,2.5299999713897705,2.5399999618530273,2.5,2.5299999713897705,4630225
2021-01-17,2.5299999713897705,2.559999942779541,2.5,2.5399999618530273,8245734
2021-01-18,2.5399999618530273,2.5199999809265137,2.4800000190734863,2.5,2547770
2021-01-19,2.5,2.5399999618530273,2.5,2.5199999809265137,1774574
2021-01-20,2.5199999809265137,2.619999885559082,2.5399999618530273,2.5899999141693115,32795044
2021-01-21,2.5899999141693115,2.680000066757202,2.5999999046325684,2.640000104904175,7406035
2021-01-24,2.640000104904175,2.6500000953674316,2.5799999237060547,2.5999999046325684,2470573
2021-01-25,2.5999999046325684,2.5999999046325684,2.5999999046325684,2.5999999046325684,0
2021-01-26,2.609999895095825,2.6600000858306885,2.5999999046325684,2.630000114440918,3079664
2021-01-27,2.630000114440918,2.6500000953674316,2.5999999046325684,2.640000104904175,9377934
2021-01-31,2.640000104904175,2.630000114440918,2.559999942779541,2.5899999141693115,1896234
2021-02-01,2.5899999141693115,2.7100000381469727,2.5799999237060547,2.6600000858306885,7769673
2021-02-02,2.6600000858306885,2.799999952316284,2.700000047683716,2.759999990463257,11344631
2021-02-03,2.759999990463257,2.799999952316284,2.6600000858306885,2.7200000286102295,6184106
2021-02-04,2.7200000286102295,2.690000057220459,2.619999885559082,2.6500000953674316,2023761
2021-02-07,2.6500000953674316,2.690000057220459,2.630000114440918,2.6600000858306885,1271391
2021-02-08,2.6600000858306885,2.6600000858306885,2.5799999237060547,2.609999895095825,1388622
2021-02-09,2.609999895095825,2.619999885559082,2.569999933242798,2.5999999046325684,378654
2021-02-10,2.5999999046325684,2.630000114440918,2.569999933242798,2.5999999046325684,1590867
2021-02-11,2.5999999046325684,2.619999885559082,2.5299999713897705,2.569999933242798,2574769
2021-02-14,2.569999933242798,2.5999999046325684,2.4800000190734863,2.5299999713897705,1248357
2021-02-15,2.5299999713897705,2.5799999237060547,2.4800000190734863,2.5,1625836
2021-02-16,2.5,2.5899999141693115,2.5,2.559999942779541,934043
2021-02-17,2.559999942779541,2.549999952316284,2.4800000190734863,2.5,1024459
2021-02-18,2.5,2.5199999809265137,2.450000047683716,2.4800000190734863,465947
2021-02-21,2.4800000190734863,2.5399999618530273,2.4600000381469727,2.4800000190734863,2224070
2021-02-22,2.4800000190734863,2.5199999809265137,2.4600000381469727,2.5,345819
2021-02-23,2.5,2.5,2.430000066757202,2.450000047683716,1238607
2021-02-24,2.450000047683716,2.5,2.430000066757202,2.4600000381469727,806460
2021-02-25,2.4600000381469727,2.5199999809265137,2.450000047683716,2.4700000286102295,1162859
2021-02-28,2.4700000286102295,2.490000009536743,2.430000066757202,2.450000047683716,883147
2021-03-01,2.450000047683716,2.5199999809265137,2.440000057220459,2.5,3189603
2021-03-02,2.5,2.5299999713897705,2.390000104904175,2.430000066757202,2429556
2021-03-03,2.430000066757202,2.440000057220459,2.359999895095825,2.390000104904175,2620401
2021-03-04,2.390000104904175,2.390000104904175,2.390000104904175,2.390000104904175,0
2021-03-07,2.4000000953674316,2.490000009536743,2.4200000762939453,2.450000047683716,1222426
2021-03-08,2.450000047683716,2.4700000286102295,2.390000104904175,2.4200000762939453,2307908
2021-03-09,2.4200000762939453,2.4600000381469727,2.4000000953674316,2.430000066757202,1635735
2021-03-10,2.430000066757202,2.440000057220459,2.390000104904175,2.4100000858306885,802950
2021-03-11,2.4100000858306885,2.450000047683716,2.4000000953674316,2.430000066757202,991002
2021-03-14,2.430000066757202,2.4700000286102295,2.4200000762939453,2.430000066757202,244131
2021-03-15,2.430000066757202,2.430000066757202,2.359999895095825,2.4000000953674316,1806816
2021-03-16,2.4000000953674316,2.4200000762939453,2.380000114440918,2.4000000953674316,1224915
2021-03-17,2.4000000953674316,2.440000057220459,2.390000104904175,2.4100000858306885,572067
2021-03-18,2.4100000858306885,2.4000000953674316,2.359999895095825,2.390000104904175,953367
2021-03-21,2.390000104904175,2.4200000762939453,2.319999933242798,2.369999885559082,1374327
2021-03-22,2.369999885559082,2.3499999046325684,2.2699999809265137,2.309999942779541,2533370
2021-03-23,2.309999942779541,2.359999895095825,2.259999990463257,2.309999942779541,1146071
2021-03-24,2.309999942779541,2.380000114440918,2.2899999618530273,2.319999933242798,2562220
2021-03-25,2.319999933242798,2.4000000953674316,2.2799999713897705,2.3399999141693115,4137849
2021-03-28,2.3399999141693115,2.4200000762939453,2.2799999713897705,2.309999942779541,5685439
2021-03-29,2.309999942779541,2.309999942779541,2.2899999618530273,2.299999952316284,3588912
2021-03-30,2.299999952316284,2.3399999141693115,2.299999952316284,2.319999933242798,4114738
2021-03-31,2.319999933242798,2.3299999237060547,2.2699999809265137,2.2799999713897705,3104998
2021-04-01,2.2799999713897705,2.3299999237060547,2.2799999713897705,2.299999952316284,2220359
2021-04-04,2.299999952316284,2.319999933242798,2.259999990463257,2.2799999713897705,1370422
2021-04-05,2.2799999713897705,2.2899999618530273,2.2100000381469727,2.2300000190734863,1825683
2021-04-06,2.2300000190734863,2.309999942779541,2.200000047683716,2.2699999809265137,1950897
2021-04-07,2.2699999809265137,2.299999952316284,2.240000009536743,2.2699999809265137,302311
2021-04-08,2.2699999809265137,2.3299999237060547,2.25,2.309999942779541,914339
2021-04-11,2.309999942779541,2.359999895095825,2.299999952316284,2.3299999237060547,2614975
2021-04-12,2.3299999237060547,2.359999895095825,2.2799999713897705,2.309999942779541,3536334
2021-04-13,2.309999942779541,2.3399999141693115,2.259999990463257,2.2699999809265137,481366
2021-04-14,2.2699999809265137,2.299999952316284,2.1700000762939453,2.2100000381469727,3071606
2021-04-15,2.2100000381469727,2.2200000286102295,2.119999885559082,2.1500000953674316,3561154
2021-04-18,2.1500000953674316,2.2100000381469727,2.1600000858306885,2.1700000762939453,565119
2021-04-19,2.1700000762939453,2.2200000286102295,2.1600000858306885,2.180000066757202,4891125
2021-04-20,2.180000066757202,2.25,2.190000057220459,2.240000009536743,4050891
2021-04-21,2.240000009536743,2.2799999713897705,2.2100000381469727,2.240000009536743,2353405
2021-04-22,2.240000009536743,2.25,2.2100000381469727,2.240000009536743,604233
2021-04-25,2.240000009536743,2.2699999809265137,2.2300000190734863,2.259999990463257,1147038
2021-04-26,2.259999990463257,2.2799999713897705,2.2200000286102295,2.25,531224
2021-04-27,2.25,2.259999990463257,2.2300000190734863,2.25,854417
2021-04-28,2.25,2.259999990463257,2.2200000286102295,2.25,517134
2021-05-04,2.25,2.2699999809265137,2.2200000286102295,2.25,898164
2021-05-05,2.25,2.259999990463257,2.2200000286102295,2.240000009536743,188326
2021-05-06,2.240000009536743,2.2899999618530273,2.2300000190734863,2.2699999809265137,1156202
2021-05-09,2.2699999809265137,2.299999952316284,2.259999990463257,2.2799999713897705,613145
2021-05-10,2.2799999713897705,2.309999942779541,2.2699999809265137,2.2899999618530273,1158682
2021-05-11,2.2899999618530273,2.3299999237060547,2.259999990463257,2.299999952316284,4185586
2021-05-17,2.299999952316284,2.3499999046325684,2.2799999713897705,2.319999933242798,2653743
2021-05-18,2.319999933242798,2.369999885559082,2.309999942779541,2.3499999046325684,3031928
2021-05-19,2.3499999046325684,2.369999885559082,2.2899999618530273,2.319999933242798,1695380
2021-05-20,2.319999933242798,2.4000000953674316,2.299999952316284,2.3499999046325684,6596743
2021-05-23,2.3499999046325684,2.4200000762939453,2.3499999046325684,2.390000104904175,10254479
2021-05-24,2.390000104904175,2.4000000953674316,2.299999952316284,2.3399999141693115,1391107
2021-05-25,2.3399999141693115,2.3299999237060547,2.259999990463257,2.2899999618530273,1384149
2021-05-26,2.2899999618530273,2.299999952316284,2.259999990463257,2.2799999713897705,614999
2021-05-27,2.2799999713897705,2.2799999713897705,2.200000047683716,2.2200000286102295,5308872
2021-05-30,2.2200000286102295,2.25,2.200000047683716,2.2200000286102295,2827613
2021-05-31,2.2200000286102295,2.25,2.180000066757202,2.200000047683716,3815576
2021-06-01,2.200000047683716,2.200000047683716,2.1500000953674316,2.1700000762939453,2459244
2021-06-02,2.1700000762939453,2.2300000190734863,2.1700000762939453,2.200000047683716,1279475
2021-06-03,2.200000047683716,2.240000009536743,2.1700000762939453,2.2200000286102295,1666238
2021-06-06,2.2200000286102295,2.25,2.2100000381469727,2.240000009536743,855723
2021-06-07,2.240000009536743,2.299999952316284,2.2100000381469727,2.2699999809265137,3696584
2021-06-08,2.2699999809265137,2.299999952316284,2.2100000381469727,2.259999990463257,1712692
2021-06-09,2.259999990463257,2.309999942779541,2.25,2.2899999618530273,1688711
2021-06-10,2.2899999618530273,2.2799999713897705,2.2300000190734863,2.25,903906
2021-06-13,2.25,2.359999895095825,2.200000047683716,2.2699999809265137,5630234
2021-06-14,2.2699999809265137,2.25,2.200000047683716,2.2300000190734863,3347031
2021-06-15,2.2300000190734863,2.25,2.1600000858306885,2.200000047683716,2923104
2021-06-16,2.200000047683716,2.2100000381469727,2.1600000858306885,2.180000066757202,3250292
2021-06-17,2.180000066757202,2.190000057220459,2.140000104904175,2.1700000762939453,5384331
2021-06-20,2.1700000762939453,2.190000057220459,2.119999885559082,2.1600000858306885,2060975
2021-06-21,2.1600000858306885,2.2300000190734863,2.180000066757202,2.2100000381469727,2158517
2021-06-22,2.2100000381469727,2.3299999237060547,2.2100000381469727,2.2899999618530273,10457395
2021-06-23,2.2899999618530273,2.3399999141693115,2.2699999809265137,2.319999933242798,9013944
2021-06-24,2.319999933242798,2.3499999046325684,2.299999952316284,2.3299999237060547,3244718
2021-06-27,2.3299999237060547,2.359999895095825,2.309999942779541,2.3299999237060547,1831581
2021-06-28,2.3299999237060547,2.359999895095825,2.309999942779541,2.3399999141693115,3169016
2021-06-29,2.3399999141693115,2.3399999141693115,2.299999952316284,2.319999933242798,6132101
2021-06-30,2.319999933242798,2.4000000953674316,2.3399999141693115,2.380000114440918,8343584
2021-07-04,2.380000114440918,2.4200000762939453,2.3499999046325684,2.380000114440918,4177519
2021-07-05,2.380000114440918,2.4200000762939453,2.3499999046325684,2.380000114440918,2309814
2021-07-06,2.380000114440918,2.359999895095825,2.25,2.309999942779541,3283339
2021-07-07,2.309999942779541,2.359999895095825,2.299999952316284,2.3399999141693115,757691
2021-07-08,2.3399999141693115,2.359999895095825,2.309999942779541,2.319999933242798,342067
2021-07-11,2.319999933242798,2.3499999046325684,2.2799999713897705,2.319999933242798,911029
2021-07-12,2.319999933242798,2.3399999141693115,2.299999952316284,2.299999952316284,1133020
2021-07-13,2.299999952316284,2.3499999046325684,2.2899999618530273,2.3299999237060547,937977
2021-07-14,2.3299999237060547,2.369999885559082,2.319999933242798,2.3499999046325684,1374351
2021-07-15,2.3499999046325684,2.4000000953674316,2.299999952316284,2.369999885559082,6910639
2021-07-18,2.369999885559082,2.4600000381469727,2.359999895095825,2.4200000762939453,7899713
2021-07-25,2.4200000762939453,2.490000009536743,2.4200000762939453,2.4600000381469727,4761867
2021-07-26,2.4600000381469727,2.4700000286102295,2.3299999237060547,2.390000104904175,2374286
2021-07-27,2.390000104904175,2.4000000953674316,2.3399999141693115,2.359999895095825,1163246
2021-07-28,2.359999895095825,2.4200000762939453,2.3399999141693115,2.380000114440918,3291485
2021-07-29,2.380000114440918,2.4000000953674316,2.3399999141693115,2.369999885559082,2123845
2021-08-01,2.369999885559082,2.4000000953674316,2.3499999046325684,2.380000114440918,2523170
2021-08-02,2.380000114440918,2.4600000381469727,2.359999895095825,2.4000000953674316,5198175
2021-08-03,2.4000000953674316,2.440000057220459,2.3499999046325684,2.390000104904175,5384878
2021-08-04,2.390000104904175,2.4000000953674316,2.3499999046325684,2.380000114440918,2056986
2021-08-05,2.380000114440918,2.430000066757202,2.359999895095825,2.4100000858306885,3316540
2021-08-08,2.4100000858306885,2.4100000858306885,2.4100000858306885,2.4100000858306885,0
2021-08-09,2.4100000858306885,2.4100000858306885,2.4100000858306885,2.4100000858306885,0
2021-08-10,2.430000066757202,2.440000057220459,2.380000114440918,2.4000000953674316,1728159
2021-08-11,2.4000000953674316,2.4600000381469727,2.390000104904175,2.430000066757202,4658581
2021-08-15,2.430000066757202,2.450000047683716,2.380000114440918,2.4200000762939453,2365233
2021-08-16,2.4200000762939453,2.490000009536743,2.390000104904175,2.4600000381469727,5401457
2021-08-17,2.4600000381469727,2.5,2.390000104904175,2.4200000762939453,12296024
2021-08-18,2.4200000762939453,2.450000047683716,2.359999895095825,2.4000000953674316,6740696
2021-08-19,2.4000000953674316,2.380000114440918,2.3299999237060547,2.359999895095825,2626811
2021-08-22,2.359999895095825,2.4100000858306885,2.319999933242798,2.380000114440918,3933564
2021-08-23,2.380000114440918,2.490000009536743,2.3499999046325684,2.440000057220459,8051394
2021-08-24,2.440000057220459,2.4800000190734863,2.390000104904175,2.430000066757202,3843041
2021-08-25,2.430000066757202,2.5299999713897705,2.430000066757202,2.490000009536743,6350464
2021-08-26,2.490000009536743,2.559999942779541,2.450000047683716,2.509999990463257,5159782
2021-08-29,2.509999990463257,2.5299999713897705,2.4700000286102295,2.5,2489164
2021-08-30,2.5,2.549999952316284,2.4700000286102295,2.509999990463257,2898693
2021-08-31,2.509999990463257,2.509999990463257,2.450000047683716,2.4700000286102295,1759315
2021-09-01,2.4700000286102295,2.490000009536743,2.430000066757202,2.4600000381469727,2808160
2021-09-02,2.4600000381469727,2.5799999237060547,2.4600000381469727,2.5199999809265137,6563578
2021-09-05,2.5199999809265137,2.609999895095825,2.4700000286102295,2.490000009536743,7028645
2021-09-06,2.490000009536743,2.490000009536743,2.4200000762939453,2.4200000762939453,1909051
2021-09-07,2.4200000762939453,2.4600000381469727,2.369999885559082,2.4000000953674316,2090524
2021-09-08,2.4000000953674316,2.5199999809265137,2.4200000762939453,2.4800000190734863,5348528
2021-09-09,2.4800000190734863,2.509999990463257,2.440000057220459,2.4700000286102295,5648750
2021-09-12,2.4700000286102295,2.509999990463257,2.440000057220459,2.450000047683716,2705122
2021-09-13,2.450000047683716,2.490000009536743,2.440000057220459,2.4700000286102295,1613671
2021-09-14,2.4700000286102295,2.5899999141693115,2.4600000381469727,2.5899999141693115,9399492
2021-09-15,2.5899999141693115,2.740000009536743,2.5999999046325684,2.740000009536743,38243845
2021-09-16,2.740000009536743,2.7699999809265137,2.5999999046325684,2.630000114440918,5341346
2021-09-19,2.630000114440918,2.640000104904175,2.5,2.509999990463257,2571384
2021-09-20,2.509999990463257,2.559999942779541,2.4700000286102295,2.5,1471944
2021-09-21,2.5,2.5,2.5,2.5,0
2021-09-22,2.4800000190734863,2.569999933242798,2.4100000858306885,2.430000066757202,10583113
2021-09-23,2.430000066757202,2.4800000190734863,2.430000066757202,2.440000057220459,3658566
2021-09-26,2.440000057220459,2.4800000190734863,2.4100000858306885,2.4200000762939453,2996025
2021-09-27,2.4200000762939453,2.450000047683716,2.369999885559082,2.4000000953674316,4459753
2021-09-28,2.4000000953674316,2.4000000953674316,2.4000000953674316,2.4000000953674316,0
2021-09-29,2.4200000762939453,2.450000047683716,2.380000114440918,2.4100000858306885,751936
2021-09-30,2.4100000858306885,2.4200000762939453,2.3499999046325684,2.4000000953674316,5933849
2021-10-03,2.4000000953674316,2.440000057220459,2.4100000858306885,2.4200000762939453,3888822
2021-10-04,2.4200000762939453,2.4200000762939453,2.4200000762939453,2.4200000762939453,0
2021-10-05,2.4000000953674316,2.4200000762939453,2.380000114440918,2.4000000953674316,1209358
2021-10-06,2.4000000953674316,2.4000000953674316,2.359999895095825,2.359999895095825,1042845
2021-10-10,2.359999895095825,2.4000000953674316,2.3299999237060547,2.3399999141693115,1262825
2021-10-11,2.3399999141693115,2.369999885559082,2.3399999141693115,2.3499999046325684,489998
2021-10-12,2.3499999046325684,2.369999885559082,2.3299999237060547,2.3399999141693115,627095
2021-10-13,2.3399999141693115,2.380000114440918,2.309999942779541,2.319999933242798,474092
2021-10-14,2.319999933242798,2.359999895095825,2.299999952316284,2.309999942779541,211925
2021-10-17,2.309999942779541,2.380000114440918,2.309999942779541,2.309999942779541,598301
2021-10-18,2.309999942779541,2.309999942779541,2.309999942779541,2.309999942779541,0
2021-10-19,2.390000104904175,2.4200000762939453,2.359999895095825,2.380000114440918,923200
2021-10-20,2.380000114440918,2.4000000953674316,2.2899999618530273,2.3399999141693115,1269284
2021-10-24,2.3399999141693115,2.380000114440918,2.309999942779541,2.3499999046325684,649844
2021-10-25,2.3499999046325684,2.380000114440918,2.319999933242798,2.3399999141693115,398405
2021-10-26,2.3399999141693115,2.359999895095825,2.259999990463257,2.309999942779541,1547988
2021-10-27,2.309999942779541,2.3299999237060547,2.2699999809265137,2.2899999618530273,755180
2021-10-28,2.2899999618530273,2.359999895095825,2.299999952316284,2.3299999237060547,760291
2021-10-31,2.3299999237060547,2.5,2.2799999713897705,2.440000057220459,3645582
2021-11-01,2.440000057220459,2.5,2.390000104904175,2.4800000190734863,5909551
2021-11-02,2.4800000190734863,2.5999999046325684,2.4600000381469727,2.549999952316284,8917413
2021-11-03,2.549999952316284,2.559999942779541,2.4800000190734863,2.5399999618530273,5420869
2021-11-04,2.5399999618530273,2.5399999618530273,2.450000047683716,2.4800000190734863,649139
2021-11-07,2.4800000190734863,2.4800000190734863,2.4800000190734863,2.4800000190734863,0
2021-11-08,2.4800000190734863,2.4800000190734863,2.4800000190734863,2.4800000190734863,0
2021-11-09,2.4800000190734863,2.4800000190734863,2.4800000190734863,2.4800000190734863,0
2021-11-10,2.549999952316284,2.569999933242798,2.490000009536743,2.549999952316284,2580854
2021-11-11,2.549999952316284,2.5999999046325684,2.5199999809265137,2.5899999141693115,672263
2021-11-14,2.5899999141693115,2.609999895095825,2.450000047683716,2.569999933242798,535409
2021-11-15,2.569999933242798,2.5899999141693115,2.490000009536743,2.5,554807
2021-11-16,2.5,2.549999952316284,2.4700000286102295,2.5,813439
2021-11-17,2.5,2.559999942779541,2.490000009536743,2.549999952316284,1103450
2021-11-18,2.549999952316284,2.549999952316284,2.549999952316284,2.549999952316284,0
2021-11-21,2.5,2.509999990463257,2.4100000858306885,2.4100000858306885,597883
2021-11-22,2.4100000858306885,2.5199999809265137,2.4100000858306885,2.5,358818
2021-11-23,2.5,2.5,2.5,2.5,0
2021-11-24,2.5,2.5,2.5,2.5,0
2021-11-25,2.5,2.690000057220459,2.549999952316284,2.6600000858306885,5098043
2021-11-28,2.6600000858306885,2.6600000858306885,2.6600000858306885,2.6600000858306885,0
2021-11-29,2.5799999237060547,2.640000104904175,2.549999952316284,2.5999999046325684,1415064
2021-11-30,2.5999999046325684,2.680000066757202,2.5799999237060547,2.640000104904175,5608322
2021-12-01,2.640000104904175,2.640000104904175,2.640000104904175,2.640000104904175,0
2021-12-02,2.609999895095825,2.6500000953674316,2.559999942779541,2.609999895095825,613114
2021-12-05,2.609999895095825,2.690000057220459,2.5799999237060547,2.6700000762939453,1934611
2021-12-06,2.6700000762939453,2.75,2.6500000953674316,2.7200000286102295,2174151
2021-12-07,2.7200000286102295,2.819999933242798,2.6700000762939453,2.700000047683716,8513172
2021-12-08,2.700000047683716,2.7200000286102295,2.6600000858306885,2.6600000858306885,251386
2021-12-09,2.6600000858306885,2.700000047683716,2.5999999046325684,2.700000047683716,6214003
2021-12-12,2.700000047683716,2.799999952316284,2.700000047683716,2.7799999713897705,6835699
2021-12-13,2.7799999713897705,2.819999933242798,2.7200000286102295,2.809999942779541,3805277
2021-12-14,2.809999942779541,2.809999942779541,2.809999942779541,2.809999942779541,0
2021-12-15,2.9000000953674316,2.9700000286102295,2.859999895095825,2.950000047683716,9742292
2021-12-16,2.950000047683716,3.049999952316284,2.940000057220459,3.0,11047606
2021-12-19,3.0,3.0299999713897705,2.9100000858306885,3.0,1590625
2021-12-20,3.0,2.9800000190734863,2.9000000953674316,2.9700000286102295,557344
2021-12-21,2.9700000286102295,3.009999990463257,2.9000000953674316,3.0,2447204
2021-12-22,3.0,3.009999990463257,2.940000057220459,3.009999990463257,1181351
2021-12-23,3.009999990463257,3.0199999809265137,2.9700000286102295,3.0,1422198
2021-12-26,3.0,3.0199999809265137,2.9800000190734863,2.990000009536743,1263479
2021-12-27,2.990000009536743,3.0199999809265137,2.9600000381469727,3.0,914603
2021-12-28,3.0,3.0899999141693115,2.940000057220459,3.009999990463257,11794744
2021-12-29,3.009999990463257,3.049999952316284,2.9700000286102295,2.9800000190734863,530476
2021-12-30,2.9800000190734863,3.0,2.940000057220459,2.9800000190734863,1022056
2022-01-02,2.9800000190734863,3.0299999713897705,2.940000057220459,3.009999990463257,946883
2022-01-03,3.009999990463257,3.0299999713897705,2.950000047683716,2.9800000190734863,607433
2022-01-04,2.9800000190734863,3.049999952316284,3.0,3.0299999713897705,1278056
2022-01-05,3.0299999713897705,3.0899999141693115,3.009999990463257,3.0799999237060547,2070974
2022-01-09,3.0799999237060547,3.0799999237060547,3.0799999237060547,3.0799999237060547,0
2022-01-10,3.0299999713897705,3.0999999046325684,3.009999990463257,3.049999952316284,1410620
2022-01-11,3.049999952316284,3.0299999713897705,2.950000047683716,3.0,1461128
2022-01-12,3.0,3.059999942779541,3.009999990463257,3.0299999713897705,309994
2022-01-13,3.0299999713897705,3.049999952316284,2.950000047683716,3.0,816694
2022-01-16,3.0,3.0399999618530273,2.9200000762939453,2.940000057220459,258863
2022-01-17,2.940000057220459,3.0,2.9200000762939453,2.990000009536743,419406
2022-01-18,2.990000009536743,3.009999990463257,2.940000057220459,3.0,1612311
2022-01-19,3.0,3.0,2.9000000953674316,2.950000047683716,3081701
2022-01-20,2.950000047683716,2.9700000286102295,2.9000000953674316,2.950000047683716,4381397
2022-01-23,2.950000047683716,2.940000057220459,2.8499999046325684,2.880000114440918,1645654
2022-01-24,2.880000114440918,2.9000000953674316,2.819999933242798,2.859999895095825,1028805
2022-01-25,2.859999895095825,2.880000114440918,2.759999990463257,2.799999952316284,1074425
2022-01-26,2.799999952316284,2.8499999046325684,2.759999990463257,2.799999952316284,817940
2022-01-30,2.799999952316284,2.880000114440918,2.799999952316284,2.799999952316284,283083
2022-01-31,2.799999952316284,2.9100000858306885,2.799999952316284,2.890000104904175,979059
2022-02-01,2.890000104904175,2.890000104904175,2.8499999046325684,2.8499999046325684,8643278
2022-02-02,2.8499999046325684,2.9600000381469727,2.8499999046325684,2.940000057220459,1592263
2022-02-03,2.940000057220459,3.0,2.9200000762939453,3.0,1101671
2022-02-06,3.0,3.009999990463257,2.930000066757202,3.0,419794
2022-02-07,3.0,3.0299999713897705,2.9700000286102295,2.990000009536743,657810
2022-02-08,2.990000009536743,3.0,2.950000047683716,2.9600000381469727,370914
2022-02-09,2.9600000381469727,3.059999942779541,2.950000047683716,3.049999952316284,8386819
2022-02-10,3.049999952316284,3.0999999046325684,2.9700000286102295,3.0,3083793
2022-02-13,3.0,3.0,2.9000000953674316,2.9200000762939453,660984
2022-02-14,2.9200000762939453,2.990000009536743,2.799999952316284,2.890000104904175,2492586
2022-02-15,2.890000104904175,2.950000047683716,2.8499999046325684,2.859999895095825,1800782
2022-02-16,2.859999895095825,2.9200000762939453,2.869999885559082,2.9000000953674316,2460181
2022-02-17,2.9000000953674316,2.9600000381469727,2.8499999046325684,2.9000000953674316,497600
2022-02-20,2.9000000953674316,2.880000114440918,2.7100000381469727,2.7300000190734863,1487049
2022-02-21,2.7300000190734863,2.7799999713897705,2.700000047683716,2.75,1470090
2022-02-22,2.75,2.799999952316284,2.5999999046325684,2.740000009536743,2265822
2022-02-23,2.740000009536743,2.75,2.700000047683716,2.7200000286102295,554177
2022-02-24,2.7200000286102295,2.619999885559082,2.5,2.5999999046325684,1483760
2022-02-27,2.5999999046325684,2.7100000381469727,2.5999999046325684,2.690000057220459,323006
2022-02-28,2.690000057220459,2.6700000762939453,2.5999999046325684,2.630000114440918,856715
2022-03-01,2.630000114440918,2.8299999237060547,2.640000104904175,2.700000047683716,2957112
2022-03-02,2.700000047683716,2.75,2.609999895095825,2.630000114440918,1051891
2022-03-03,2.630000114440918,2.700000047683716,2.630000114440918,2.6600000858306885,522712
2022-03-06,2.6600000858306885,2.700000047683716,2.5799999237060547,2.640000104904175,2241559
2022-03-07,2.640000104904175,2.640000104904175,2.5299999713897705,2.619999885559082,3058262
2022-03-08,2.619999885559082,2.619999885559082,2.619999885559082,2.619999885559082,0
2022-03-09,2.5299999713897705,2.5899999141693115,2.5299999713897705,2.559999942779541,1007599
2022-03-10,2.559999942779541,2.5899999141693115,2.5399999618530273,2.559999942779541,2909243
2022-03-13,2.559999942779541,2.5999999046325684,2.5299999713897705,2.569999933242798,789217
2022-03-14,2.569999933242798,2.569999933242798,2.559999942779541,2.559999942779541,3508783
2022-03-15,2.559999942779541,2.549999952316284,2.490000009536743,2.549999952316284,4503058
2022-03-16,2.549999952316284,2.700000047683716,2.549999952316284,2.6500000953674316,8294183
2022-03-17,2.6500000953674316,2.700000047683716,2.640000104904175,2.700000047683716,6290636
2022-03-20,2.700000047683716,2.8499999046325684,2.700000047683716,2.8299999237060547,1674747
2022-03-21,2.8299999237060547,3.25,2.7899999618530273,3.0299999713897705,5111052
2022-03-22,3.0299999713897705,3.119999885559082,2.9600000381469727,3.0,1261149
2022-03-23,3.0,3.0,2.9000000953674316,2.9600000381469727,560611
2022-03-24,2.9600000381469727,3.0399999618530273,2.859999895095825,2.9100000858306885,764259
2022-03-27,2.9100000858306885,2.9000000953674316,2.700000047683716,2.8499999046325684,2456805
2022-03-28,2.8499999046325684,2.880000114440918,2.7300000190734863,2.75,1246961
2022-03-29,2.75,2.799999952316284,2.6600000858306885,2.740000009536743,1249702
2022-03-30,2.740000009536743,2.819999933242798,2.7300000190734863,2.809999942779541,333110
2022-03-31,2.809999942779541,2.819999933242798,2.759999990463257,2.819999933242798,192451
2022-04-03,2.819999933242798,2.890000104904175,2.7799999713897705,2.880000114440918,387362
2022-04-04,2.880000114440918,2.950000047683716,2.869999885559082,2.950000047683716,2694410
2022-04-05,2.950000047683716,2.9700000286102295,2.869999885559082,2.880000114440918,3007163
2022-04-06,2.880000114440918,2.950000047683716,2.8399999141693115,2.8499999046325684,1082447
2022-04-07,2.8499999046325684,2.859999895095825,2.7899999618530273,2.809999942779541,345563
2022-04-10,2.809999942779541,2.9000000953674316,2.75,2.759999990463257,261057
2022-04-11,2.759999990463257,2.8399999141693115,2.680000066757202,2.700000047683716,1532459
2022-04-12,2.700000047683716,2.7799999713897705,2.6700000762939453,2.7200000286102295,361628
2022-04-13,2.7200000286102295,2.8399999141693115,2.7100000381469727,2.740000009536743,277705
2022-04-14,2.740000009536743,2.7200000286102295,2.609999895095825,2.700000047683716,1173275
2022-04-17,2.700000047683716,2.7200000286102295,2.609999895095825,2.680000066757202,974072
2022-04-18,2.680000066757202,2.700000047683716,2.609999895095825,2.680000066757202,620907
2022-04-19,2.680000066757202,2.75,2.700000047683716,2.7200000286102295,802170
2022-04-20,2.7200000286102295,2.75,2.6500000953674316,2.6600000858306885,161498
2022-04-21,2.6600000858306885,2.7100000381469727,2.6600000858306885,2.700000047683716,562570
2022-04-26,2.700000047683716,2.7799999713897705,2.6700000762939453,2.700000047683716,481830
2022-04-27,2.700000047683716,2.759999990463257,2.6700000762939453,2.75,300562
2022-04-28,2.75,2.8499999046325684,2.7300000190734863,2.8299999237060547,1020107
2022-05-08,2.8299999237060547,2.799999952316284,2.7200000286102295,2.7699999809265137,1416402
2022-05-09,2.7699999809265137,2.8299999237060547,2.7100000381469727,2.75,749956
2022-05-10,2.75,2.7300000190734863,2.7100000381469727,2.7200000286102295,186663
2022-05-11,2.7200000286102295,2.740000009536743,2.700000047683716,2.7300000190734863,274656
2022-05-12,2.7300000190734863,2.740000009536743,2.630000114440918,2.6700000762939453,870817
2022-05-15,2.6700000762939453,2.759999990463257,2.619999885559082,2.630000114440918,378178
2022-05-16,2.630000114440918,2.7200000286102295,2.619999885559082,2.6500000953674316,159383
2022-05-17,2.6500000953674316,2.7300000190734863,2.6600000858306885,2.6500000953674316,27950
2022-05-18,2.6500000953674316,2.700000047683716,2.630000114440918,2.6500000953674316,251307
2022-05-19,2.6500000953674316,2.700000047683716,2.609999895095825,2.6600000858306885,364649
2022-05-22,2.6600000858306885,2.700000047683716,2.6600000858306885,2.6600000858306885,42922
2022-05-23,2.6600000858306885,2.7200000286102295,2.6500000953674316,2.700000047683716,466459
2022-05-24,2.700000047683716,2.700000047683716,2.6500000953674316,2.6500000953674316,161525
2022-05-25,2.6500000953674316,2.700000047683716,2.630000114440918,2.640000104904175,479924
2022-05-26,2.640000104904175,2.6600000858306885,2.619999885559082,2.630000114440918,934052
2022-05-29,2.630000114440918,2.700000047683716,2.609999895095825,2.6500000953674316,303465
2022-05-30,2.6500000953674316,2.7100000381469727,2.5999999046325684,2.6600000858306885,2248873
2022-05-31,2.6600000858306885,2.700000047683716,2.640000104904175,2.6500000953674316,2233999
2022-06-01,2.6500000953674316,2.690000057220459,2.5299999713897705,2.5899999141693115,2308732
2022-06-02,2.5899999141693115,2.5999999046325684,2.4800000190734863,2.549999952316284,2905400
2022-06-05,2.549999952316284,2.549999952316284,2.549999952316284,2.549999952316284,0
2022-06-06,2.5199999809265137,2.5399999618530273,2.4800000190734863,2.490000009536743,2598636
2022-06-07,2.490000009536743,2.509999990463257,2.4700000286102295,2.5,3807222
2022-06-08,2.5,2.619999885559082,2.5,2.609999895095825,20061942
2022-06-09,2.609999895095825,2.619999885559082,2.549999952316284,2.549999952316284,1112883
2022-06-12,2.549999952316284,2.5899999141693115,2.509999990463257,2.5299999713897705,1018433
2022-06-13,2.5299999713897705,2.569999933242798,2.4700000286102295,2.4800000190734863,878311
2022-06-14,2.4800000190734863,2.5,2.450000047683716,2.4700000286102295,557980
2022-06-15,2.4700000286102295,2.5199999809265137,2.5,2.509999990463257,1687912
2022-06-16,2.509999990463257,2.5299999713897705,2.450000047683716,2.5199999809265137,1068466
2022-06-19,2.5199999809265137,2.5,2.4100000858306885,2.4200000762939453,791294
2022-06-20,2.4200000762939453,2.4600000381469727,2.4100000858306885,2.440000057220459,374385
2022-06-21,2.440000057220459,2.5,2.4000000953674316,2.440000057220459,3042460
2022-06-22,2.440000057220459,2.4600000381469727,2.4200000762939453,2.430000066757202,353291
2022-06-23,2.430000066757202,2.440000057220459,2.3499999046325684,2.359999895095825,1160244
2022-06-26,2.359999895095825,2.390000104904175,2.2699999809265137,2.2899999618530273,3496132
2022-06-27,2.2899999618530273,2.299999952316284,2.190000057220459,2.25,2912574
2022-06-28,2.25,2.3499999046325684,2.200000047683716,2.3499999046325684,2193058
2022-06-29,2.3499999046325684,2.359999895095825,2.2799999713897705,2.3399999141693115,807474
2022-07-03,2.3399999141693115,2.3399999141693115,2.299999952316284,2.319999933242798,877382
2022-07-04,2.319999933242798,2.3499999046325684,2.2799999713897705,2.309999942779541,953895
2022-07-05,2.309999942779541,2.359999895095825,2.319999933242798,2.3499999046325684,4197374
2022-07-06,2.3499999046325684,2.3399999141693115,2.319999933242798,2.3299999237060547,1682217
2022-07-07,2.3299999237060547,2.3499999046325684,2.309999942779541,2.3499999046325684,2833303
2022-07-17,2.3499999046325684,2.380000114440918,2.309999942779541,2.3299999237060547,898886
2022-07-18,2.3299999237060547,2.380000114440918,2.3299999237060547,2.3499999046325684,1112462
2022-07-19,2.3499999046325684,2.450000047683716,2.3299999237060547,2.450000047683716,2024510
2022-07-20,2.450000047683716,2.5,2.4100000858306885,2.4600000381469727,793636
2022-07-21,2.4600000381469727,2.4700000286102295,2.4100000858306885,2.440000057220459,1552687
2022-07-24,2.440000057220459,2.450000047683716,2.359999895095825,2.369999885559082,6434375
2022-07-25,2.369999885559082,2.390000104904175,2.3399999141693115,2.3499999046325684,1538181
2022-07-26,2.3499999046325684,2.4100000858306885,2.3399999141693115,2.369999885559082,3230023
2022-07-27,2.369999885559082,2.4000000953674316,2.359999895095825,2.359999895095825,2481124
2022-07-28,2.359999895095825,2.390000104904175,2.3499999046325684,2.369999885559082,1221486
2022-07-31,2.369999885559082,2.4700000286102295,2.4000000953674316,2.430000066757202,6563615
2022-08-01,2.430000066757202,2.4600000381469727,2.359999895095825,2.369999885559082,2070203
2022-08-02,2.369999885559082,2.4000000953674316,2.359999895095825,2.380000114440918,1912566
2022-08-03,2.380000114440918,2.430000066757202,2.369999885559082,2.380000114440918,1155653
2022-08-04,2.380000114440918,2.5299999713897705,2.390000104904175,2.5,9024930
2022-08-07,2.5,2.549999952316284,2.4600000381469727,2.509999990463257,2538009
2022-08-08,2.509999990463257,2.5899999141693115,2.4800000190734863,2.5299999713897705,4571637
2022-08-09,2.5299999713897705,2.559999942779541,2.4600000381469727,2.4700000286102295,3306095
2022-08-10,2.4700000286102295,2.5299999713897705,2.4700000286102295,2.4800000190734863,8266324
2022-08-11,2.4800000190734863,2.509999990463257,2.4700000286102295,2.490000009536743,744402
2022-08-14,2.490000009536743,2.509999990463257,2.4800000190734863,2.490000009536743,1089045
2022-08-15,2.490000009536743,2.559999942779541,2.5,2.549999952316284,7466301
2022-08-16,2.549999952316284,2.619999885559082,2.5399999618530273,2.5999999046325684,3651531
2022-08-17,2.5999999046325684,2.630000114440918,2.549999952316284,2.5999999046325684,1060448
2022-08-18,2.5999999046325684,2.5999999046325684,2.5999999046325684,2.5999999046325684,0
2022-08-21,2.700000047683716,2.75,2.700000047683716,2.7100000381469727,2500817
2022-08-22,2.7100000381469727,2.75,2.6600000858306885,2.7200000286102295,1822973
2022-08-23,2.7200000286102295,2.7200000286102295,2.7200000286102295,2.7200000286102295,0
2022-08-24,2.609999895095825,2.6600000858306885,2.5,2.569999933242798,2876555
2022-08-25,2.569999933242798,2.740000009536743,2.5199999809265137,2.630000114440918,3713258
2022-08-28,2.630000114440918,2.7899999618530273,2.630000114440918,2.700000047683716,3221352
2022-08-29,2.700000047683716,2.75,2.6700000762939453,2.700000047683716,1854390
2022-08-30,2.700000047683716,2.7300000190734863,2.6600000858306885,2.690000057220459,464314
2022-08-31,2.690000057220459,2.7200000286102295,2.6500000953674316,2.6600000858306885,355288
2022-09-01,2.6600000858306885,2.700000047683716,2.549999952316284,2.5899999141693115,2171994
2022-09-04,2.5899999141693115,2.700000047683716,2.549999952316284,2.6600000858306885,452395
2022-09-05,2.6600000858306885,2.700000047683716,2.640000104904175,2.680000066757202,516516
2022-09-06,2.680000066757202,2.8299999237060547,2.6600000858306885,2.7899999618530273,3062767
2022-09-07,2.7899999618530273,2.799999952316284,2.7100000381469727,2.7300000190734863,858720
2022-09-08,2.7300000190734863,2.75,2.700000047683716,2.7100000381469727,496446
2022-09-11,2.7100000381469727,2.9000000953674316,2.700000047683716,2.8399999141693115,2390384
2022-09-12,2.8399999141693115,2.8499999046325684,2.740000009536743,2.759999990463257,485992
2022-09-13,2.759999990463257,2.7899999618530273,2.740000009536743,2.759999990463257,238382
2022-09-14,2.759999990463257,2.700000047683716,2.569999933242798,2.5999999046325684,3256055
2022-09-15,2.5999999046325684,2.640000104904175,2.4700000286102295,2.4700000286102295,4262783
2022-09-18,2.4700000286102295,2.509999990463257,2.3499999046325684,2.380000114440918,2427046
2022-09-19,2.380000114440918,2.4800000190734863,2.380000114440918,2.4600000381469727,737286
2022-09-20,2.4600000381469727,2.509999990463257,2.450000047683716,2.4600000381469727,3306694
2022-09-21,2.4600000381469727,2.5,2.369999885559082,2.369999885559082,8103808
2022-09-22,2.369999885559082,2.4100000858306885,2.3499999046325684,2.380000114440918,2161939
2022-09-25,2.380000114440918,2.430000066757202,2.380000114440918,2.390000104904175,1004915
2022-09-26,2.390000104904175,2.440000057220459,2.390000104904175,2.4100000858306885,982502
2022-09-27,2.4100000858306885,2.450000047683716,2.4100000858306885,2.430000066757202,841145
2022-09-28,2.430000066757202,2.450000047683716,2.390000104904175,2.4000000953674316,2005774
2022-09-29,2.4000000953674316,2.450000047683716,2.4000000953674316,2.430000066757202,1211210
2022-10-02,2.430000066757202,2.430000066757202,2.390000104904175,2.4000000953674316,1020317
2022-10-03,2.4000000953674316,2.4700000286102295,2.380000114440918,2.450000047683716,2517696
2022-10-04,2.450000047683716,2.5399999618530273,2.450000047683716,2.490000009536743,2395680
2022-10-05,2.490000009536743,2.549999952316284,2.509999990463257,2.5299999713897705,648477
2022-10-09,2.5299999713897705,2.559999942779541,2.4600000381469727,2.5,587490
2022-10-10,2.5,2.5199999809265137,2.4700000286102295,2.5,503281
2022-10-11,2.5,2.549999952316284,2.4700000286102295,2.549999952316284,828639
2022-10-12,2.549999952316284,2.559999942779541,2.490000009536743,2.490000009536743,515102
2022-10-13,2.490000009536743,2.5199999809265137,2.4800000190734863,2.5,439029
2022-10-16,2.5,2.559999942779541,2.5,2.549999952316284,598398
2022-10-17,2.549999952316284,2.5799999237060547,2.549999952316284,2.569999933242798,835843
2022-10-18,2.569999933242798,2.619999885559082,2.559999942779541,2.5999999046325684,2482029
2022-10-19,2.5999999046325684,2.609999895095825,2.549999952316284,2.549999952316284,262673
2022-10-20,2.549999952316284,2.5999999046325684,2.559999942779541,2.5899999141693115,168992
2022-10-23,2.5899999141693115,2.619999885559082,2.5799999237060547,2.5899999141693115,288852
2022-10-24,2.5899999141693115,2.5999999046325684,2.5,2.5199999809265137,924620
2022-10-25,2.5199999809265137,2.559999942779541,2.4700000286102295,2.5199999809265137,1197407
2022-10-26,2.5199999809265137,2.5199999809265137,2.5199999809265137,2.5199999809265137,0
2022-10-27,2.5799999237060547,2.690000057220459,2.5799999237060547,2.609999895095825,3630349
2022-10-30,2.609999895095825,2.680000066757202,2.5899999141693115,2.630000114440918,1569715
2022-10-31,2.630000114440918,2.6500000953674316,2.549999952316284,2.559999942779541,4230876
2022-11-01,2.559999942779541,2.5999999046325684,2.549999952316284,2.559999942779541,1614520
2022-11-02,2.559999942779541,2.5799999237060547,2.5299999713897705,2.5399999618530273,639349
2022-11-03,2.5399999618530273,2.549999952316284,2.509999990463257,2.5199999809265137,156537
2022-11-06,2.5199999809265137,2.5399999618530273,2.450000047683716,2.4700000286102295,864457
2022-11-07,2.4700000286102295,2.5299999713897705,2.4600000381469727,2.509999990463257,715221
2022-11-08,2.509999990463257,2.5299999713897705,2.4600000381469727,2.4600000381469727,570063
2022-11-09,2.4600000381469727,2.490000009536743,2.440000057220459,2.450000047683716,654226
2022-11-10,2.450000047683716,2.5,2.450000047683716,2.4700000286102295,629336
2022-11-13,2.4700000286102295,2.5999999046325684,2.509999990463257,2.559999942779541,2080840
2022-11-14,2.559999942779541,2.5999999046325684,2.5299999713897705,2.5899999141693115,1591134
2022-11-15,2.5899999141693115,2.6600000858306885,2.5799999237060547,2.5899999141693115,1676806
2022-11-16,2.5899999141693115,2.759999990463257,2.5799999237060547,2.700000047683716,6878839
2022-11-17,2.700000047683716,2.75,2.6600000858306885,2.690000057220459,5287662
2022-11-20,2.690000057220459,2.740000009536743,2.680000066757202,2.680000066757202,2339127
2022-11-21,2.680000066757202,2.700000047683716,2.6500000953674316,2.6600000858306885,10136702
2022-11-22,2.6600000858306885,2.700000047683716,2.6600000858306885,2.680000066757202,999008
2022-11-23,2.680000066757202,2.740000009536743,2.6700000762939453,2.700000047683716,6050170
2022-11-24,2.700000047683716,2.7300000190734863,2.680000066757202,2.700000047683716,484060
2022-11-27,2.700000047683716,2.7699999809265137,2.690000057220459,2.75,6425710
2022-11-28,2.75,2.759999990463257,2.690000057220459,2.700000047683716,2264757
2022-11-29,2.700000047683716,2.799999952316284,2.700000047683716,2.7699999809265137,9109286
2022-11-30,2.7699999809265137,2.809999942779541,2.7300000190734863,2.740000009536743,6016884
2022-12-01,2.740000009536743,2.799999952316284,2.7300000190734863,2.740000009536743,4942732
2022-12-04,2.740000009536743,2.8399999141693115,2.75,2.8399999141693115,8403172
2022-12-05,2.8399999141693115,3.059999942779541,2.8499999046325684,2.950000047683716,22338300
2022-12-06,2.950000047683716,3.25,2.9600000381469727,3.190000057220459,33040571
2022-12-07,3.190000057220459,3.3399999141693115,3.180000066757202,3.25,32668770
2022-12-08,3.25,3.3399999141693115,3.200000047683716,3.2300000190734863,23653874
2022-12-11,3.2300000190734863,3.299999952316284,3.1600000858306885,3.200000047683716,17791532
2022-12-12,3.200000047683716,3.240000009536743,3.069999933242798,3.2300000190734863,6845122
2022-12-13,3.2300000190734863,3.490000009536743,3.25,3.450000047683716,20792706
2022-12-14,3.450000047683716,3.509999990463257,3.3499999046325684,3.390000104904175,21562742
2022-12-15,3.390000104904175,3.4700000286102295,3.240000009536743,3.25,9279066
2022-12-18,3.25,3.3299999237060547,3.2200000286102295,3.2699999809265137,3059111
2022-12-19,3.2699999809265137,3.299999952316284,3.1500000953674316,3.200000047683716,8096579
2022-12-20,3.200000047683716,3.2699999809265137,3.1600000858306885,3.180000066757202,5720946
2022-12-21,3.180000066757202,3.2200000286102295,3.109999895095825,3.130000114440918,2882678
2022-12-22,3.130000114440918,3.200000047683716,3.049999952316284,3.059999942779541,5366907
2022-12-25,3.059999942779541,3.0399999618530273,2.9200000762939453,2.9600000381469727,6892735
2022-12-26,2.9600000381469727,3.0399999618530273,2.940000057220459,3.0299999713897705,2003436
2022-12-27,3.0299999713897705,3.0899999141693115,3.009999990463257,3.0299999713897705,2616455
2022-12-28,3.0299999713897705,3.119999885559082,3.0299999713897705,3.109999895095825,2697282
2022-12-29,3.109999895095825,3.1600000858306885,3.049999952316284,3.0999999046325684,4451841
2023-01-02,3.0999999046325684,3.200000047683716,3.0899999141693115,3.180000066757202,2569965
2023-01-03,3.180000066757202,3.309999942779541,3.190000057220459,3.2699999809265137,6986418
2023-01-04,3.2699999809265137,3.359999895095825,3.0999999046325684,3.3399999141693115,9813714
2023-01-05,3.3399999141693115,3.4100000858306885,3.25,3.25,7797047
2023-01-09,3.25,3.309999942779541,3.130000114440918,3.1600000858306885,7767263
2023-01-10,3.1600000858306885,3.190000057220459,3.049999952316284,3.069999933242798,5069937
2023-01-11,3.069999933242798,3.190000057220459,3.0399999618530273,3.0399999618530273,8665640
2023-01-12,3.0399999618530273,3.0999999046325684,2.9700000286102295,3.059999942779541,7485316
2023-01-15,3.059999942779541,3.119999885559082,3.0,3.009999990463257,4131713
2023-01-16,3.009999990463257,3.130000114440918,3.0199999809265137,3.109999895095825,9054618
2023-01-17,3.109999895095825,3.2899999618530273,3.109999895095825,3.2300000190734863,22022846
2023-01-18,3.2300000190734863,3.2899999618530273,3.130000114440918,3.1500000953674316,11368025
2023-01-19,3.1500000953674316,3.2300000190734863,3.140000104904175,3.1600000858306885,5677793
2023-01-22,3.1600000858306885,3.319999933242798,3.180000066757202,3.240000009536743,15718394
2023-01-23,3.240000009536743,3.309999942779541,3.190000057220459,3.2100000381469727,7772119
2023-01-24,3.2100000381469727,3.25,3.1600000858306885,3.190000057220459,3273299
2023-01-25,3.190000057220459,3.369999885559082,3.190000057220459,3.299999952316284,20945019
2023-01-29,3.299999952316284,3.4700000286102295,3.359999895095825,3.450000047683716,38161296
2023-01-30,3.450000047683716,3.5,3.259999990463257,3.299999952316284,15761077
2023-01-31,3.299999952316284,3.319999933242798,3.119999885559082,3.140000104904175,6524056
2023-02-01,3.140000104904175,3.180000066757202,3.069999933242798,3.0999999046325684,4990085
2023-02-02,3.0999999046325684,3.140000104904175,3.0,3.0,6484288
2023-02-05,3.0,3.049999952316284,2.819999933242798,2.9600000381469727,4097753
2023-02-06,2.9600000381469727,3.049999952316284,2.9700000286102295,3.0199999809265137,3324015
2023-02-07,3.0199999809265137,3.130000114440918,3.0299999713897705,3.130000114440918,2613872
2023-02-08,3.130000114440918,3.130000114440918,3.0199999809265137,3.059999942779541,1190300
2023-02-09,3.059999942779541,3.1600000858306885,3.0399999618530273,3.140000104904175,3456175
2023-02-12,3.140000104904175,3.180000066757202,3.0799999237060547,3.0899999141693115,3826296
2023-02-13,3.0899999141693115,3.109999895095825,3.0399999618530273,3.049999952316284,2517133
2023-02-14,3.049999952316284,3.200000047683716,3.069999933242798,3.180000066757202,4017210
2023-02-15,3.180000066757202,3.240000009536743,3.1600000858306885,3.180000066757202,2367423
2023-02-16,3.180000066757202,3.2100000381469727,3.119999885559082,3.1500000953674316,2327509
2023-02-19,3.1500000953674316,3.1700000762939453,3.069999933242798,3.0899999141693115,1212032
2023-02-20,3.0899999141693115,3.140000104904175,3.009999990463257,3.0299999713897705,1598973
2023-02-21,3.0299999713897705,3.130000114440918,3.009999990463257,3.0999999046325684,1300053
2023-02-22,3.0999999046325684,3.1500000953674316,3.0,3.069999933242798,2244035
2023-02-23,3.069999933242798,3.119999885559082,3.0299999713897705,3.0899999141693115,1009279
2023-02-26,3.0899999141693115,3.190000057220459,3.069999933242798,3.1600000858306885,2342801
2023-02-27,3.1600000858306885,3.200000047683716,3.140000104904175,3.1700000762939453,2056693
2023-02-28,3.1700000762939453,3.180000066757202,3.130000114440918,3.1500000953674316,693389
2023-03-01,3.1500000953674316,3.240000009536743,3.140000104904175,3.2100000381469727,6536416
2023-03-02,3.2100000381469727,3.2300000190734863,3.140000104904175,3.1600000858306885,2235059
2023-03-05,3.1600000858306885,3.200000047683716,3.130000114440918,3.140000104904175,789650
2023-03-06,3.140000104904175,3.180000066757202,3.119999885559082,3.130000114440918,1134110
2023-03-07,3.130000114440918,3.200000047683716,3.0199999809265137,3.0399999618530273,3076218
2023-03-08,3.0399999618530273,3.0799999237060547,2.9700000286102295,3.0,3233049
2023-03-09,3.0,3.069999933242798,2.990000009536743,3.059999942779541,1099363
2023-03-12,3.059999942779541,3.049999952316284,2.950000047683716,2.990000009536743,1314179
2023-03-13,2.990000009536743,3.0199999809265137,2.809999942779541,2.819999933242798,2214286
2023-03-14,2.819999933242798,2.890000104904175,2.819999933242798,2.859999895095825,435377
2023-03-15,2.859999895095825,2.940000057220459,2.6500000953674316,2.7100000381469727,1635580
2023-03-16,2.7100000381469727,2.7899999618530273,2.6500000953674316,2.7200000286102295,2927067
2023-03-19,2.7200000286102295,2.7799999713897705,2.609999895095825,2.740000009536743,2195587
2023-03-20,2.740000009536743,2.799999952316284,2.680000066757202,2.7300000190734863,2176940
2023-03-21,2.7300000190734863,2.8299999237060547,2.75,2.7799999713897705,1057263
2023-03-22,2.7799999713897705,2.8299999237060547,2.700000047683716,2.7100000381469727,2149532
2023-03-23,2.7100000381469727,2.9700000286102295,2.690000057220459,2.9100000858306885,3774499
2023-03-26,2.9100000858306885,2.9800000190734863,2.890000104904175,2.9000000953674316,6091934
2023-03-27,2.9000000953674316,2.930000066757202,2.7799999713897705,2.8399999141693115,2435200
2023-03-28,2.8399999141693115,2.880000114440918,2.7899999618530273,2.8399999141693115,3430731
2023-03-29,2.8399999141693115,2.890000104904175,2.8499999046325684,2.859999895095825,1016406
2023-03-30,2.859999895095825,2.950000047683716,2.819999933242798,2.819999933242798,4774165
2023-04-02,2.819999933242798,2.9000000953674316,2.819999933242798,2.9000000953674316,1816316
2023-04-03,2.9000000953674316,2.9600000381469727,2.880000114440918,2.950000047683716,3292094
2023-04-04,2.950000047683716,3.059999942779541,2.940000057220459,3.059999942779541,8859844
2023-04-05,3.059999942779541,3.0999999046325684,3.009999990463257,3.0299999713897705,6279117
2023-04-06,3.0299999713897705,3.0999999046325684,2.950000047683716,2.9600000381469727,3965724
2023-04-09,2.9600000381469727,2.990000009536743,2.9100000858306885,2.930000066757202,840745
2023-04-10,2.930000066757202,2.9800000190734863,2.9200000762939453,2.940000057220459,1825057
2023-04-11,2.940000057220459,3.0,2.940000057220459,3.0,3436074
2023-04-12,3.0,3.049999952316284,2.9800000190734863,2.990000009536743,5166096
2023-04-13,2.990000009536743,3.0,2.950000047683716,2.950000047683716,3082816
2023-04-18,2.950000047683716,3.049999952316284,2.950000047683716,3.0,8241765
2023-04-19,3.0,3.0399999618530273,2.990000009536743,2.990000009536743,5468959
2023-04-26,2.990000009536743,3.0199999809265137,2.940000057220459,2.950000047683716,6208640
2023-04-27,2.950000047683716,3.0799999237060547,2.950000047683716,3.0799999237060547,12463691
2023-04-30,3.0799999237060547,3.1600000858306885,3.049999952316284,3.0799999237060547,18190137
2023-05-01,3.0799999237060547,3.0799999237060547,3.0799999237060547,3.0799999237060547,0
2023-05-02,3.0299999713897705,3.059999942779541,2.950000047683716,2.990000009536743,4779003
2023-05-03,2.990000009536743,3.0199999809265137,2.950000047683716,2.9600000381469727,1719348
2023-05-07,2.9600000381469727,2.990000009536743,2.9200000762939453,2.950000047683716,900829
2023-05-08,2.950000047683716,3.0399999618530273,2.950000047683716,3.0199999809265137,2199982
2023-05-09,3.0199999809265137,3.119999885559082,2.9800000190734863,3.0799999237060547,10153785
2023-05-10,3.0799999237060547,3.119999885559082,3.049999952316284,3.0799999237060547,4596513
2023-05-11,3.0799999237060547,3.109999895095825,2.990000009536743,3.009999990463257,5801709
2023-05-14,3.009999990463257,3.0199999809265137,2.950000047683716,2.9800000190734863,6684818
2023-05-15,2.9800000190734863,3.009999990463257,2.9200000762939453,2.930000066757202,2614435
2023-05-16,2.930000066757202,2.950000047683716,2.859999895095825,2.880000114440918,5296689
2023-05-17,2.880000114440918,2.9000000953674316,2.799999952316284,2.8299999237060547,6484978
2023-05-18,2.8299999237060547,2.8499999046325684,2.740000009536743,2.799999952316284,6530710
2023-05-21,2.799999952316284,2.8399999141693115,2.7799999713897705,2.809999942779541,1826255
2023-05-22,2.809999942779541,2.8399999141693115,2.7799999713897705,2.7899999618530273,3620460
2023-05-23,2.7899999618530273,2.799999952316284,2.700000047683716,2.759999990463257,8361870
2023-05-24,2.759999990463257,2.799999952316284,2.759999990463257,2.7699999809265137,3922834
2023-05-25,2.7699999809265137,2.819999933242798,2.7799999713897705,2.7899999618530273,2198716
2023-05-28,2.7899999618530273,2.819999933242798,2.7799999713897705,2.809999942779541,2452452
2023-05-29,2.809999942779541,2.9100000858306885,2.7799999713897705,2.9000000953674316,9644789
2023-05-30,2.9000000953674316,2.9800000190734863,2.859999895095825,2.9800000190734863,11799954
2023-05-31,2.9800000190734863,3.059999942779541,2.950000047683716,2.9700000286102295,11237010
2023-06-01,2.9700000286102295,3.069999933242798,2.9600000381469727,3.0399999618530273,8380033
2023-06-04,3.0399999618530273,3.1500000953674316,3.0399999618530273,3.130000114440918,12272267
2023-06-05,3.130000114440918,3.180000066757202,3.0399999618530273,3.049999952316284,10281044
2023-06-06,3.049999952316284,3.1500000953674316,3.049999952316284,3.0899999141693115,10868671
2023-06-07,3.0899999141693115,3.0999999046325684,2.9700000286102295,3.0,9243113
2023-06-08,3.0,3.0299999713897705,2.9600000381469727,2.9800000190734863,1930688
2023-06-11,2.9800000190734863,3.069999933242798,2.950000047683716,3.049999952316284,6413655
2023-06-12,3.049999952316284,3.109999895095825,3.049999952316284,3.069999933242798,3660686
2023-06-13,3.069999933242798,3.119999885559082,3.069999933242798,3.069999933242798,8917855
2023-06-14,3.069999933242798,3.180000066757202,3.0899999141693115,3.119999885559082,7249782
2023-06-15,3.119999885559082,3.2100000381469727,3.119999885559082,3.1500000953674316,10483139
2023-06-18,3.1500000953674316,3.190000057220459,3.130000114440918,3.130000114440918,3372089
2023-06-19,3.130000114440918,3.1600000858306885,3.009999990463257,3.0799999237060547,4385249
2023-06-20,3.0799999237060547,3.109999895095825,3.0199999809265137,3.0299999713897705,3523843
2023-06-21,3.0299999713897705,3.049999952316284,2.9700000286102295,2.9700000286102295,2252373
2023-06-22,2.9700000286102295,3.0,2.930000066757202,2.9800000190734863,2654346
2023-06-25,2.9800000190734863,3.0,2.950000047683716,2.950000047683716,1745761
2023-06-26,2.950000047683716,2.9700000286102295,2.9000000953674316,2.950000047683716,3525082
2023-07-04,2.950000047683716,3.0,2.9600000381469727,2.9800000190734863,1961845
2023-07-05,2.9800000190734863,2.990000009536743,2.940000057220459,2.950000047683716,743908
2023-07-06,2.950000047683716,2.9700000286102295,2.9000000953674316,2.9000000953674316,2408710
2023-07-09,2.9000000953674316,2.930000066757202,2.799999952316284,2.819999933242798,2333536
2023-07-10,2.819999933242798,2.880000114440918,2.799999952316284,2.869999885559082,1545097
2023-07-11,2.869999885559082,2.9000000953674316,2.8399999141693115,2.869999885559082,2641354
2023-07-12,2.869999885559082,2.890000104904175,2.8299999237060547,2.8499999046325684,1549984
2023-07-13,2.8499999046325684,2.9100000858306885,2.8499999046325684,2.9000000953674316,1850791
2023-07-16,2.9000000953674316,2.930000066757202,2.869999885559082,2.890000104904175,1530123
2023-07-17,2.890000104904175,2.930000066757202,2.869999885559082,2.880000114440918,2200732
2023-07-18,2.880000114440918,2.930000066757202,2.880000114440918,2.9000000953674316,1151151
2023-07-19,2.9000000953674316,2.9000000953674316,2.9000000953674316,2.9000000953674316,0
2023-07-24,2.9000000953674316,2.9200000762939453,2.869999885559082,2.869999885559082,829936
2023-07-25,2.869999885559082,2.890000104904175,2.859999895095825,2.869999885559082,814093
2023-07-26,2.869999885559082,2.890000104904175,2.8499999046325684,2.859999895095825,672544
2023-07-27,2.859999895095825,2.869999885559082,2.8499999046325684,2.8499999046325684,689104
2023-07-30,2.8499999046325684,2.890000104904175,2.8499999046325684,2.869999885559082,589134
2023-07-31,2.869999885559082,2.9100000858306885,2.8499999046325684,2.9000000953674316,968540
2023-08-01,2.9000000953674316,2.9100000858306885,2.880000114440918,2.890000104904175,656788
2023-08-02,2.890000104904175,2.9100000858306885,2.8499999046325684,2.859999895095825,1933793
2023-08-03,2.859999895095825,2.890000104904175,2.8399999141693115,2.869999885559082,1015470
2023-08-06,2.869999885559082,2.9700000286102295,2.869999885559082,2.9600000381469727,4044226
2023-08-07,2.9600000381469727,3.009999990463257,2.950000047683716,3.0,4312503
2023-08-08,3.0,3.0299999713897705,2.9700000286102295,2.9700000286102295,1080251
2023-08-09,2.9700000286102295,3.0,2.9200000762939453,2.9600000381469727,1431936
2023-08-10,2.9600000381469727,2.9800000190734863,2.9200000762939453,2.930000066757202,857693
2023-08-13,2.930000066757202,2.9700000286102295,2.9100000858306885,2.9200000762939453,1157405
2023-08-14,2.9200000762939453,2.9600000381469727,2.9200000762939453,2.930000066757202,744290
2023-08-15,2.930000066757202,2.9800000190734863,2.9200000762939453,2.9200000762939453,492358
2023-08-16,2.9200000762939453,2.9600000381469727,2.930000066757202,2.930000066757202,689131
2023-08-17,2.930000066757202,2.9600000381469727,2.9000000953674316,2.9000000953674316,822486
2023-08-20,2.9000000953674316,2.940000057220459,2.9000000953674316,2.9000000953674316,1863847
2023-08-21,2.9000000953674316,2.950000047683716,2.9100000858306885,2.9200000762939453,858737
2023-08-22,2.9200000762939453,2.9700000286102295,2.9200000762939453,2.950000047683716,892313
2023-08-23,2.950000047683716,3.0299999713897705,2.950000047683716,2.9800000190734863,4830444
2023-08-24,2.9800000190734863,3.0199999809265137,2.950000047683716,2.990000009536743,621071
2023-08-27,2.990000009536743,3.0199999809265137,2.9700000286102295,3.0,839397
2023-08-28,3.0,3.1600000858306885,3.009999990463257,3.1500000953674316,12290340
2023-08-29,3.1500000953674316,3.200000047683716,3.0999999046325684,3.0999999046325684,6097454
2023-08-30,3.0999999046325684,3.140000104904175,3.0799999237060547,3.109999895095825,3298030
2023-08-31,3.109999895095825,3.109999895095825,3.109999895095825,3.109999895095825,0
2023-09-03,3.049999952316284,3.0999999046325684,3.0299999713897705,3.0399999618530273,927123
2023-09-04,3.0399999618530273,3.2100000381469727,3.0299999713897705,3.1700000762939453,11659875
2023-09-05,3.1700000762939453,3.240000009536743,3.140000104904175,3.2300000190734863,15964693
2023-09-06,3.2300000190734863,3.299999952316284,3.200000047683716,3.2699999809265137,13429772
2023-09-07,3.2699999809265137,3.2899999618530273,3.200000047683716,3.25,5095599
2023-09-10,3.25,3.25,3.25,3.25,0
2023-09-11,3.2699999809265137,3.309999942779541,3.25,3.2899999618530273,6833318
2023-09-12,3.2899999618530273,3.299999952316284,3.2200000286102295,3.2799999713897705,2129362
2023-09-13,3.2799999713897705,3.299999952316284,3.2200000286102295,3.299999952316284,2828219
2023-09-14,3.299999952316284,3.319999933242798,3.2200000286102295,3.240000009536743,3040774
2023-09-17,3.240000009536743,3.299999952316284,3.2300000190734863,3.25,3140252
2023-09-18,3.25,3.2799999713897705,3.2300000190734863,3.25,1516775
2023-09-19,3.25,3.3499999046325684,3.2100000381469727,3.2100000381469727,14533916
2023-09-20,3.2100000381469727,3.2100000381469727,3.2100000381469727,3.2100000381469727,0
2023-09-21,3.2100000381469727,3.2100000381469727,3.2100000381469727,3.2100000381469727,0
2023-09-24,3.2100000381469727,3.2100000381469727,3.2100000381469727,3.2100000381469727,0
2023-09-25,3.0999999046325684,3.240000009536743,3.0899999141693115,3.2300000190734863,10768917
2023-09-26,3.2300000190734863,3.2300000190734863,3.140000104904175,3.140000104904175,3908954
2023-09-27,3.140000104904175,3.140000104904175,3.140000104904175,3.140000104904175,0
2023-10-01,3.140000104904175,3.140000104904175,3.140000104904175,3.140000104904175,0
2023-10-02,3.180000066757202,3.25,3.0999999046325684,3.1700000762939453,2018955
2023-10-03,3.1700000762939453,3.190000057220459,3.119999885559082,3.140000104904175,734496
2023-10-04,3.140000104904175,3.190000057220459,3.0999999046325684,3.180000066757202,773690
2023-10-08,3.180000066757202,3.190000057220459,3.0,3.049999952316284,2392685
2023-10-09,3.049999952316284,3.0899999141693115,3.009999990463257,3.049999952316284,652370
2023-10-10,3.049999952316284,3.130000114440918,3.049999952316284,3.109999895095825,1177510
2023-10-11,3.109999895095825,3.119999885559082,3.0399999618530273,3.049999952316284,1148382
2023-10-12,3.049999952316284,3.1500000953674316,3.049999952316284,3.130000114440918,724693
2023-10-15,3.130000114440918,3.130000114440918,3.049999952316284,3.049999952316284,1282425
2023-10-16,3.049999952316284,3.1500000953674316,3.0399999618530273,3.140000104904175,1903533
2023-10-17,3.140000104904175,3.2200000286102295,3.130000114440918,3.200000047683716,3265605
2023-10-18,3.200000047683716,3.25,3.140000104904175,3.2300000190734863,2109095
2023-10-19,3.2300000190734863,3.2300000190734863,3.2300000190734863,3.2300000190734863,0
2023-10-22,3.180000066757202,3.2300000190734863,3.1600000858306885,3.2100000381469727,1347478
2023-10-23,3.2100000381469727,3.25,3.200000047683716,3.240000009536743,1472948
2023-10-24,3.240000009536743,3.259999990463257,3.180000066757202,3.2300000190734863,2633540
2023-10-25,3.2300000190734863,3.5399999618530273,3.240000009536743,3.4800000190734863,26815181
2023-10-26,3.4800000190734863,3.7300000190734863,3.5,3.5799999237060547,39226597
2023-10-29,3.5799999237060547,3.75,3.549999952316284,3.5799999237060547,17164493
2023-10-30,3.5799999237060547,3.5999999046325684,3.490000009536743,3.5,6787518
2023-10-31,3.5,3.549999952316284,3.4100000858306885,3.430000066757202,5438285
2023-11-01,3.430000066757202,3.5199999809265137,3.4000000953674316,3.450000047683716,8674497
2023-11-02,3.450000047683716,3.509999990463257,3.440000057220459,3.450000047683716,5746377
2023-11-05,3.450000047683716,3.559999942779541,3.4600000381469727,3.5399999618530273,5630591
2023-11-06,3.5399999618530273,3.5999999046325684,3.5399999618530273,3.549999952316284,8779864
2023-11-07,3.549999952316284,3.7300000190734863,3.5399999618530273,3.680000066757202,12206582
2023-11-08,3.680000066757202,3.75,3.609999895095825,3.6700000762939453,7965992
2023-11-09,3.6700000762939453,3.8499999046325684,3.5999999046325684,3.740000009536743,37680903
2023-11-12,3.740000009536743,3.8399999141693115,3.700000047683716,3.75,14344376
2023-11-13,3.75,3.7699999809265137,3.7100000381469727,3.7200000286102295,3000716
2023-11-14,3.7200000286102295,3.7699999809265137,3.680000066757202,3.7200000286102295,4657162
2023-11-15,3.7200000286102295,3.8399999141693115,3.7200000286102295,3.7300000190734863,12295693
2023-11-16,3.7300000190734863,3.8499999046325684,3.759999990463257,3.7699999809265137,6014660
2023-11-19,3.7699999809265137,3.819999933242798,3.75,3.75,7745049
2023-11-20,3.75,3.7799999713897705,3.6600000858306885,3.680000066757202,5312504
2023-11-21,3.680000066757202,3.740000009536743,3.6500000953674316,3.700000047683716,6002799
2023-11-22,3.700000047683716,3.799999952316284,3.700000047683716,3.759999990463257,8235972
2023-11-23,3.759999990463257,3.8499999046325684,3.759999990463257,3.7899999618530273,7798874
2023-11-26,3.7899999618530273,3.940000057220459,3.799999952316284,3.9000000953674316,6807449
2023-11-27,3.9000000953674316,4.110000133514404,3.869999885559082,3.990000009536743,22662348
2023-11-28,3.990000009536743,4.150000095367432,4.0,4.130000114440918,15805932
2023-11-29,4.130000114440918,4.179999828338623,3.9700000286102295,3.990000009536743,6644196
2023-11-30,3.990000009536743,4.139999866485596,3.9800000190734863,4.059999942779541,3969883
2023-12-03,4.059999942779541,4.170000076293945,4.03000020980835,4.139999866485596,6638630
2023-12-04,4.139999866485596,4.800000190734863,4.170000076293945,4.550000190734863,25015408
2023-12-05,4.550000190734863,4.619999885559082,4.400000095367432,4.420000076293945,7040227
2023-12-06,4.420000076293945,4.5,4.28000020980835,4.320000171661377,10364639
2023-12-07,4.320000171661377,4.349999904632568,4.059999942779541,4.309999942779541,5736227
2023-12-10,4.309999942779541,4.550000190734863,4.199999809265137,4.340000152587891,7684459
2023-12-11,4.340000152587891,4.300000190734863,4.150000095367432,4.25,3632698
2023-12-12,4.25,4.309999942779541,4.130000114440918,4.130000114440918,1646982
2023-12-13,4.130000114440918,4.239999771118164,4.090000152587891,4.159999847412109,10439514
2023-12-14,4.159999847412109,4.260000228881836,4.139999866485596,4.139999866485596,5685882
2023-12-17,4.139999866485596,4.400000095367432,4.150000095367432,4.230000019073486,9928291
2023-12-18,4.230000019073486,4.309999942779541,4.170000076293945,4.21999979019165,3949747
2023-12-19,4.21999979019165,4.300000190734863,4.139999866485596,4.139999866485596,4133598
2023-12-20,4.139999866485596,4.179999828338623,4.0,4.099999904632568,9677058
2023-12-21,4.099999904632568,4.199999809265137,3.859999895095825,3.890000104904175,18254196
2023-12-24,3.890000104904175,3.890000104904175,3.890000104904175,3.890000104904175,0
2023-12-25,3.7799999713897705,3.880000114440918,3.740000009536743,3.869999885559082,1881975
2023-12-26,3.869999885559082,3.9100000858306885,3.809999942779541,3.8299999237060547,1332753
2023-12-27,3.8299999237060547,3.9000000953674316,3.7699999809265137,3.7899999618530273,6763224
2023-12-28,3.7899999618530273,3.859999895095825,3.690000057220459,3.7300000190734863,6798443
2023-12-31,3.7300000190734863,3.799999952316284,3.700000047683716,3.740000009536743,4429487
2024-01-02,3.740000009536743,3.950000047683716,3.7699999809265137,3.950000047683716,5019725
2024-01-03,3.950000047683716,4.03000020980835,3.9200000762939453,3.930000066757202,3523531
2024-01-04,3.930000066757202,3.9800000190734863,3.869999885559082,3.869999885559082,5129784
2024-01-08,3.869999885559082,3.950000047683716,3.859999895095825,3.9100000858306885,3110453
2024-01-09,3.9100000858306885,4.099999904632568,3.9600000381469727,4.059999942779541,9629687
2024-01-10,4.059999942779541,4.139999866485596,4.0,4.019999980926514,4668242
2024-01-11,4.019999980926514,4.070000171661377,3.940000057220459,3.9800000190734863,3140439
2024-01-14,3.9800000190734863,4.179999828338623,3.990000009536743,4.130000114440918,8574164
2024-01-15,4.130000114440918,4.190000057220459,4.090000152587891,4.110000133514404,7001476
2024-01-16,4.110000133514404,4.179999828338623,4.070000171661377,4.150000095367432,5374067
2024-01-17,4.150000095367432,4.179999828338623,4.059999942779541,4.059999942779541,4071008
2024-01-18,4.059999942779541,4.119999885559082,4.019999980926514,4.070000171661377,1958885
2024-01-21,4.070000171661377,4.139999866485596,4.070000171661377,4.090000152587891,3980948
2024-01-22,4.090000152587891,4.139999866485596,4.03000020980835,4.039999961853027,5923084
2024-01-23,4.039999961853027,4.079999923706055,3.880000114440918,3.9000000953674316,12883745
2024-01-24,3.9000000953674316,3.940000057220459,3.819999933242798,3.8399999141693115,9039700
2024-01-28,3.8399999141693115,3.950000047683716,3.8399999141693115,3.869999885559082,5904135
2024-01-29,3.869999885559082,3.9000000953674316,3.809999942779541,3.809999942779541,6696525
2024-01-30,3.809999942779541,3.950000047683716,3.809999942779541,3.940000057220459,4671044
2024-01-31,3.940000057220459,4.039999961853027,3.6500000953674316,3.7200000286102295,15134178
2024-02-01,3.7200000286102295,4.150000095367432,3.690000057220459,4.090000152587891,22949757
2024-02-04,4.090000152587891,4.900000095367432,4.139999866485596,4.900000095367432,64759563
2024-02-05,4.900000095367432,5.599999904632568,5.050000190734863,5.309999942779541,77576711
2024-02-06,5.309999942779541,6.199999809265137,5.059999942779541,6.199999809265137,76981577
2024-02-07,6.199999809265137,6.480000019073486,5.900000095367432,6.050000190734863,83483207
2024-02-08,6.050000190734863,6.159999847412109,5.849999904632568,5.889999866485596,24693063
2024-02-11,5.889999866485596,6.349999904632568,5.849999904632568,6.03000020980835,49089115
2024-02-12,6.03000020980835,6.869999885559082,5.900000095367432,6.690000057220459,107874654
2024-02-13,6.690000057220459,6.889999866485596,6.5,6.619999885559082,54183530
2024-02-14,6.619999885559082,6.690000057220459,6.420000076293945,6.550000190734863,26519904
2024-02-15,6.550000190734863,7.050000190734863,6.559999942779541,6.880000114440918,73811786
2024-02-18,6.880000114440918,6.880000114440918,6.880000114440918,6.880000114440918,0
2024-02-19,6.820000171661377,7.199999809265137,6.769999980926514,7.03000020980835,76007782
2024-02-20,7.03000020980835,7.230000019073486,6.960000038146973,7.0,31356894
2024-02-21,7.0,7.059999942779541,6.789999961853027,6.800000190734863,17599682
2024-02-22,6.800000190734863,6.929999828338623,6.599999904632568,6.840000152587891,22305544
2024-02-25,6.840000152587891,8.199999809265137,7.139999866485596,8.0,60917680
2024-02-26,8.0,8.489999771118164,7.75,7.929999828338623,76396739
2024-02-27,7.929999828338623,8.369999885559082,7.699999809265137,7.699999809265137,37468524
2024-02-28,7.699999809265137,7.900000095367432,6.920000076293945,6.920000076293945,30203937
2024-02-29,6.920000076293945,7.190000057220459,6.699999809265137,6.849999904632568,22725455
2024-03-03,6.849999904632568,7.5,6.849999904632568,7.21999979019165,36020161
2024-03-04,7.21999979019165,7.539999961853027,7.21999979019165,7.400000095367432,38893022
2024-03-05,7.400000095367432,7.559999942779541,7.010000228881836,7.079999923706055,35507513
2024-03-06,7.079999923706055,7.170000076293945,6.360000133514404,6.409999847412109,26828849
2024-03-07,6.409999847412109,6.619999885559082,6.329999923706055,6.539999961853027,15666809
2024-03-10,6.539999961853027,6.940000057220459,6.619999885559082,6.730000019073486,14308132
2024-03-11,6.730000019073486,6.800000190734863,6.380000114440918,6.409999847412109,6269834
2024-03-12,6.409999847412109,6.53000020980835,5.880000114440918,6.110000133514404,11964149
2024-03-13,6.110000133514404,6.239999771118164,5.429999828338623,5.599999904632568,12085245
2024-03-14,5.599999904632568,5.78000020980835,5.480000019073486,5.75,7395845
2024-03-17,5.75,5.929999828338623,5.650000095367432,5.690000057220459,7297911
2024-03-18,5.690000057220459,5.690000057220459,5.070000171661377,5.070000171661377,8976000
2024-03-19,5.070000171661377,5.28000020980835,4.940000057220459,5.25,8031061
2024-03-20,5.25,5.400000095367432,5.199999809265137,5.239999771118164,5223648
2024-03-21,5.239999771118164,5.429999828338623,5.210000038146973,5.380000114440918,6571919
2024-03-24,5.380000114440918,5.579999923706055,5.329999923706055,5.5,6758483
2024-03-25,5.5,6.059999942779541,5.460000038146973,6.019999980926514,14981073
2024-03-26,6.019999980926514,6.170000076293945,5.710000038146973,5.710000038146973,12569989
2024-03-27,5.710000038146973,5.949999809265137,5.5,5.510000228881836,10722468
2024-03-28,5.510000228881836,5.579999923706055,5.349999904632568,5.360000133514404,12956201
2024-03-31,5.360000133514404,5.400000095367432,4.699999809265137,4.889999866485596,17881587
2024-04-01,4.889999866485596,5.21999979019165,4.920000076293945,5.21999979019165,10685386
2024-04-02,5.21999979019165,5.460000038146973,5.239999771118164,5.269999980926514,11677626
2024-04-03,5.269999980926514,5.440000057220459,5.269999980926514,5.429999828338623,6653394
2024-04-04,5.429999828338623,5.639999866485596,5.380000114440918,5.570000171661377,13829718
2024-04-07,5.570000171661377,5.659999847412109,5.400000095367432,5.400000095367432,7034557
2024-04-08,5.400000095367432,5.449999809265137,5.309999942779541,5.409999847412109,3863765
2024-04-15,5.409999847412109,5.75,5.409999847412109,5.679999828338623,16578810
2024-04-16,5.679999828338623,5.869999885559082,5.670000076293945,5.699999809265137,15829265
2024-04-17,5.699999809265137,5.980000019073486,5.619999885559082,5.949999809265137,23599482
2024-04-18,5.949999809265137,6.090000152587891,5.360000133514404,5.460000038146973,29278021
2024-04-21,5.460000038146973,5.699999809265137,5.53000020980835,5.559999942779541,8831707
2024-04-22,5.559999942779541,5.690000057220459,5.360000133514404,5.409999847412109,5072072
2024-04-23,5.409999847412109,5.46999979019165,5.010000228881836,5.150000095367432,8972287
2024-04-24,5.150000095367432,5.139999866485596,4.809999942779541,4.869999885559082,6918902
2024-04-28,4.869999885559082,4.869999885559082,4.869999885559082,4.869999885559082,0
2024-04-29,4.420000076293945,4.690000057220459,4.440000057220459,4.670000076293945,8565194
2024-04-30,4.670000076293945,4.710000038146973,4.230000019073486,4.230000019073486,5463836
2024-05-02,4.550000190734863,4.869999885559082,4.519999980926514,4.760000228881836,9324924
2024-05-07,4.760000228881836,4.860000133514404,4.5,4.820000171661377,7382663
2024-05-08,4.820000171661377,5.070000171661377,4.75,4.75,10578191
2024-05-09,4.75,4.829999923706055,4.670000076293945,4.71999979019165,2375640
2024-05-12,4.71999979019165,4.789999961853027,4.329999923706055,4.349999904632568,4520288
2024-05-13,4.349999904632568,4.690000057220459,4.269999980926514,4.639999866485596,7198604
2024-05-14,4.639999866485596,5.329999923706055,4.869999885559082,5.28000020980835,64785835
2024-05-15,5.28000020980835,5.599999904632568,5.25,5.449999809265137,48084940
2024-05-16,5.449999809265137,5.940000057220459,5.489999771118164,5.929999828338623,27361339
2024-05-19,5.929999828338623,6.059999942779541,5.809999942779541,5.949999809265137,26980470
2024-05-20,5.949999809265137,6.230000019073486,5.900000095367432,5.940000057220459,38205147
2024-05-21,5.940000057220459,6.039999961853027,5.789999961853027,5.800000190734863,18215405
2024-05-22,5.800000190734863,6.309999942779541,5.809999942779541,6.230000019073486,55178094
2024-05-23,6.230000019073486,6.389999866485596,6.170000076293945,6.300000190734863,44764308
2024-05-26,6.300000190734863,6.300000190734863,6.300000190734863,6.300000190734863,0
2024-05-27,6.230000019073486,6.289999961853027,5.96999979019165,5.989999771118164,17175365
2024-05-28,5.989999771118164,6.150000095367432,5.820000171661377,6.090000152587891,16390086
2024-05-29,6.090000152587891,6.139999866485596,5.900000095367432,5.900000095367432,15666131
2024-05-30,5.900000095367432,6.039999961853027,5.849999904632568,6.010000228881836,9568162
2024-06-02,6.010000228881836,6.25,5.980000019073486,6.050000190734863,14925281
2024-06-03,6.050000190734863,6.170000076293945,5.949999809265137,5.96999979019165,9327831
2024-06-04,5.96999979019165,6.079999923706055,5.949999809265137,5.96999979019165,9517667
2024-06-05,5.96999979019165,6.050000190734863,5.670000076293945,5.800000190734863,12818368
2024-06-06,5.800000190734863,5.900000095367432,5.670000076293945,5.670000076293945,5027944
2024-06-09,5.670000076293945,5.739999771118164,5.480000019073486,5.510000228881836,11649707
2024-06-10,5.510000228881836,5.570000171661377,5.369999885559082,5.480000019073486,11262146
2024-06-11,5.480000019073486,5.710000038146973,5.440000057220459,5.460000038146973,20456005
2024-06-12,5.460000038146973,5.550000190734863,5.380000114440918,5.420000076293945,12550835
2024-06-13,5.420000076293945,5.679999828338623,5.429999828338623,5.679999828338623,17187957
2024-06-23,5.679999828338623,6.25,5.800000190734863,6.199999809265137,34966163
2024-06-24,6.199999809265137,6.269999980926514,6.079999923706055,6.110000133514404,17872431
2024-06-25,6.110000133514404,6.449999809265137,6.019999980926514,6.400000095367432,25228654
2024-06-26,6.400000095367432,6.650000095367432,6.409999847412109,6.440000057220459,21533899
2024-06-27,6.440000057220459,6.619999885559082,6.449999809265137,6.480000019073486,16624598
2024-07-02,6.5,6.949999809265137,6.510000228881836,6.840000152587891,29074863
2024-07-03,6.840000152587891,7.039999961853027,6.809999942779541,6.820000171661377,19097748
2024-07-04,6.820000171661377,6.889999866485596,6.769999980926514,6.800000190734863,8254485
2024-07-07,6.800000190734863,7.0,6.800000190734863,6.829999923706055,12413404
2024-07-08,6.829999923706055,6.96999979019165,6.699999809265137,6.71999979019165,9552039
2024-07-09,6.71999979019165,6.800000190734863,6.639999866485596,6.699999809265137,7693115
2024-07-10,6.699999809265137,6.769999980926514,6.519999980926514,6.630000114440918,5435724
2024-07-14,6.630000114440918,6.739999771118164,6.550000190734863,6.610000133514404,3864869
2024-07-15,6.610000133514404,6.710000038146973,6.550000190734863,6.570000171661377,6080793
2024-07-16,6.570000171661377,6.630000114440918,6.460000038146973,6.610000133514404,5101446
2024-07-17,6.610000133514404,7.239999771118164,6.630000114440918,7.150000095367432,34399987
2024-07-18,7.150000095367432,7.320000171661377,7.079999923706055,7.150000095367432,12840623
2024-07-21,7.150000095367432,7.199999809265137,6.929999828338623,7.050000190734863,18701167
2024-07-22,7.050000190734863,7.119999885559082,6.809999942779541,6.829999923706055,14792410
2024-07-23,6.829999923706055,7.199999809265137,6.800000190734863,7.119999885559082,23253639
2024-07-24,7.119999885559082,7.170000076293945,6.940000057220459,6.949999809265137,12540981
2024-07-28,6.949999809265137,6.989999771118164,6.829999923706055,6.849999904632568,6373224
2024-07-29,6.849999904632568,6.909999847412109,6.78000020980835,6.800000190734863,5770819
2024-07-30,6.800000190734863,6.980000019073486,6.809999942779541,6.929999828338623,6617045
2024-07-31,6.929999828338623,7.070000171661377,6.940000057220459,7.010000228881836,7432161
2024-08-01,7.010000228881836,7.110000133514404,6.900000095367432,6.920000076293945,7558356
2024-08-04,6.920000076293945,6.860000133514404,6.420000076293945,6.460000038146973,14789423
2024-08-05,6.460000038146973,6.300000190734863,5.760000228881836,6.190000057220459,22051906
2024-08-06,6.190000057220459,6.380000114440918,6.199999809265137,6.300000190734863,6528359
2024-08-07,6.300000190734863,6.53000020980835,6.239999771118164,6.5,9010891
2024-08-08,6.5,6.559999942779541,6.400000095367432,6.409999847412109,8378178
2024-08-11,6.409999847412109,6.690000057220459,6.400000095367432,6.650000095367432,8258637
2024-08-12,6.650000095367432,6.699999809265137,6.400000095367432,6.409999847412109,13149021
2024-08-13,6.409999847412109,6.53000020980835,6.380000114440918,6.409999847412109,6692018
2024-08-14,6.409999847412109,6.579999923706055,6.300000190734863,6.489999771118164,5298752
2024-08-15,6.489999771118164,6.670000076293945,6.440000057220459,6.610000133514404,7149923
2024-08-18,6.610000133514404,6.840000152587891,6.630000114440918,6.670000076293945,19497817
2024-08-19,6.670000076293945,6.900000095367432,6.650000095367432,6.860000133514404,14698078
2024-08-20,6.860000133514404,6.96999979019165,6.849999904632568,6.889999866485596,8957106
2024-08-21,6.889999866485596,7.050000190734863,6.849999904632568,6.989999771118164,15767226
2024-08-22,6.989999771118164,7.159999847412109,6.96999979019165,7.019999980926514,13825981
2024-08-25,7.019999980926514,7.179999828338623,7.0,7.059999942779541,9870010
2024-08-26,7.059999942779541,7.349999904632568,7.079999923706055,7.210000038146973,25580299
2024-08-27,7.210000038146973,7.510000228881836,7.260000228881836,7.369999885559082,30374635
2024-08-28,7.369999885559082,7.489999771118164,7.28000020980835,7.380000114440918,14609098
2024-08-29,7.380000114440918,7.78000020980835,7.440000057220459,7.75,41324256
2024-09-01,7.75,8.170000076293945,7.760000228881836,7.980000019073486,40495593
2024-09-02,7.980000019073486,8.010000228881836,7.550000190734863,7.630000114440918,16409576
2024-09-03,7.630000114440918,7.800000190734863,7.579999923706055,7.75,11608330
2024-09-04,7.75,8.020000457763672,7.659999847412109,7.949999809265137,27280988
2024-09-05,7.949999809265137,8.050000190734863,7.760000228881836,7.809999942779541,9748226
2024-09-08,7.809999942779541,7.869999885559082,7.559999942779541,7.650000095367432,7413077
2024-09-09,7.650000095367432,7.78000020980835,7.599999904632568,7.639999866485596,4147061
2024-09-10,7.639999866485596,7.739999771118164,7.400000095367432,7.420000076293945,5761915
2024-09-11,7.420000076293945,7.829999923706055,7.300000190734863,7.789999961853027,11478198
2024-09-12,7.789999961853027,8.100000381469727,7.739999771118164,7.800000190734863,20717101
2024-09-16,7.800000190734863,7.869999885559082,7.539999961853027,7.539999961853027,6443088
2024-09-17,7.539999961853027,7.699999809265137,7.400000095367432,7.460000038146973,3785228
2024-09-18,7.460000038146973,7.519999980926514,7.300000190734863,7.400000095367432,7139660
2024-09-19,7.400000095367432,7.630000114440918,7.440000057220459,7.579999923706055,10732884
2024-09-22,7.579999923706055,7.949999809265137,7.670000076293945,7.920000076293945,9131001
2024-09-23,7.920000076293945,8.050000190734863,7.75,7.769999980926514,8735546
2024-09-24,8.350000381469727,8.460000038146973,8.149999618530273,8.210000038146973,18810683
2024-09-25,7.860000133514404,8.350000381469727,7.860000133514404,8.350000381469727,32636836
2024-09-26,8.350000381469727,8.460000038146973,8.149999618530273,8.210000038146973,18810683
2024-09-29,8.210000038146973,8.319999694824219,8.100000381469727,8.119999885559082,11564579
2024-09-30,8.119999885559082,8.619999885559082,8.130000114440918,8.550000190734863,21852677
2024-10-01,8.550000190734863,8.699999809265137,8.329999923706055,8.34000015258789,20373137
2024-10-02,8.34000015258789,8.529999732971191,8.199999809265137,8.25,15873484
2024-10-03,8.25,8.460000038146973,8.260000228881836,8.319999694824219,11171533
2024-10-07,8.319999694824219,8.59000015258789,8.260000228881836,8.279999732971191,25765115
2024-10-08,8.279999732971191,8.300000190734863,7.75,7.849999904632568,20303792
2024-10-09,7.849999904632568,7.980000019073486,7.800000190734863,7.980000019073486,11932978
2024-10-10,7.980000019073486,8.229999542236328,7.900000095367432,7.900000095367432,22375339
2024-10-13,7.900000095367432,7.96999979019165,7.550000190734863,7.550000190734863,6992247
2024-10-14,7.550000190734863,7.639999866485596,7.369999885559082,7.570000171661377,8867676
2024-10-15,7.570000171661377,7.699999809265137,7.579999923706055,7.590000152587891,4821916
2024-10-16,7.590000152587891,7.690000057220459,7.429999828338623,7.46999979019165,7251596
2024-10-17,7.46999979019165,7.579999923706055,7.400000095367432,7.400000095367432,4469744
2024-10-20,7.400000095367432,7.579999923706055,7.329999923706055,7.409999847412109,5552610
2024-10-21,7.409999847412109,7.909999847412109,7.349999904632568,7.900000095367432,8627456
2024-10-22,7.900000095367432,8.199999809265137,7.820000171661377,8.109999656677246,13567586
2024-10-23,8.109999656677246,8.220000267028809,8.020000457763672,8.069999694824219,5842833
2024-10-24,8.069999694824219,8.1899995803833,7.980000019073486,8.100000381469727,3852193
2024-10-27,8.100000381469727,8.149999618530273,7.980000019073486,8.039999961853027,5016929
2024-10-28,8.039999961853027,8.100000381469727,7.96999979019165,8.039999961853027,2676126
2024-10-29,8.039999961853027,8.34000015258789,8.050000190734863,8.199999809265137,8118561
2024-10-30,8.199999809265137,8.300000190734863,8.079999923706055,8.109999656677246,1750950
2024-10-31,8.109999656677246,8.5600004196167,8.119999885559082,8.5,14427802
2024-11-03,8.5,8.649999618530273,8.399999618530273,8.40999984741211,3848282
2024-11-04,8.40999984741211,8.489999771118164,8.350000381469727,8.359999656677246,7982600
2024-11-05,8.359999656677246,8.4399995803833,8.220000267028809,8.220000267028809,2470440
2024-11-06,8.220000267028809,8.630000114440918,8.300000190734863,8.600000381469727,7727569
2024-11-07,8.600000381469727,8.739999771118164,8.479999542236328,8.5,7953010
2024-11-10,8.5,8.640000343322754,8.40999984741211,8.470000267028809,3903711
2024-11-11,8.470000267028809,8.699999809265137,8.5,8.569999694824219,6335704
2024-11-12,8.569999694824219,8.739999771118164,8.550000190734863,8.600000381469727,5788732
2024-11-13,8.600000381469727,8.680000305175781,8.319999694824219,8.399999618530273,7276970
2024-11-14,8.399999618530273,8.5,8.329999923706055,8.489999771118164,5019126
2024-11-17,8.489999771118164,8.670000076293945,8.289999961853027,8.289999961853027,13409812
2024-11-18,8.289999961853027,8.34000015258789,8.020000457763672,8.020000457763672,5102664
2024-11-19,8.020000457763672,8.100000381469727,7.920000076293945,8.0,6465007
2024-11-20,8.0,8.09000015258789,7.900000095367432,8.09000015258789,7617047
2024-11-21,8.09000015258789,8.130000114440918,7.949999809265137,7.949999809265137,4604536
2024-11-24,7.949999809265137,8.010000228881836,7.829999923706055,7.840000152587891,2708725
2024-11-25,7.840000152587891,7.980000019073486,7.809999942779541,7.849999904632568,3044658
2024-11-26,7.849999904632568,7.960000038146973,7.809999942779541,7.829999923706055,1621970
2024-11-27,7.829999923706055,7.880000114440918,7.53000020980835,7.599999904632568,5010827
2024-11-28,7.599999904632568,7.820000171661377,7.489999771118164,7.800000190734863,4262345
2024-12-01,7.800000190734863,8.029999732971191,7.820000171661377,7.900000095367432,5561572
2024-12-02,7.900000095367432,8.140000343322754,7.909999847412109,8.0,12111740
2024-12-03,8.0,8.069999694824219,7.900000095367432,7.900000095367432,2737731
2024-12-04,7.900000095367432,8.100000381469727,7.949999809265137,8.100000381469727,7407331
2024-12-05,8.100000381469727,8.350000381469727,8.100000381469727,8.100000381469727,17481924
2024-12-08,8.100000381469727,8.220000267028809,8.109999656677246,8.15999984741211,4507272
2024-12-09,8.15999984741211,8.260000228881836,7.949999809265137,8.09000015258789,10072527
2024-12-10,8.09000015258789,8.149999618530273,7.820000171661377,7.820000171661377,5359482
2024-12-11,7.820000171661377,7.909999847412109,7.590000152587891,7.639999866485596,10451722
2024-12-12,7.639999866485596,7.789999961853027,7.670000076293945,7.75,4238782
2024-12-15,7.75,7.900000095367432,7.699999809265137,7.889999866485596,5704382
2024-12-16,7.889999866485596,8.140000343322754,7.920000076293945,8.029999732971191,10850493
2024-12-17,8.029999732971191,8.180000305175781,7.96999979019165,8.0,7517598
2024-12-18,8.0,8.170000076293945,7.75,7.800000190734863,5125055
2024-12-19,7.800000190734863,8.0,7.730000019073486,7.989999771118164,2690489
2024-12-22,7.989999771118164,8.050000190734863,7.809999942779541,7.809999942779541,1901967
2024-12-23,7.809999942779541,7.889999866485596,7.599999904632568,7.650000095367432,4554904
2024-12-24,7.650000095367432,7.699999809265137,7.460000038146973,7.570000171661377,1994158
2024-12-25,7.570000171661377,7.650000095367432,7.53000020980835,7.579999923706055,2327508
2024-12-26,7.579999923706055,7.639999866485596,7.5,7.5,2676951
2024-12-29,7.5,7.579999923706055,7.349999904632568,7.440000057220459,5203563
2024-12-30,7.440000057220459,7.519999980926514,7.360000133514404,7.369999885559082,2097849
2024-12-31,7.369999885559082,7.559999942779541,7.360000133514404,7.559999942779541,1142883
2025-01-02,7.559999942779541,7.71999979019165,7.5,7.659999847412109,2158984
2025-01-05,7.659999847412109,7.78000020980835,7.610000133514404,7.75,2014979
2025-01-06,7.75,7.789999961853027,7.579999923706055,7.599999904632568,1750717
2025-01-08,7.599999904632568,7.639999866485596,7.480000019073486,7.519999980926514,1695364
2025-01-09,7.519999980926514,7.579999923706055,7.400000095367432,7.400000095367432,1988544
2025-01-12,7.400000095367432,7.440000057220459,7.199999809265137,7.199999809265137,2977020
2025-01-13,7.199999809265137,7.329999923706055,6.900000095367432,6.949999809265137,4380476
2025-01-14,6.949999809265137,7.050000190734863,6.650000095367432,6.800000190734863,5260494
2025-01-15,6.800000190734863,7.130000114440918,6.860000133514404,7.130000114440918,8301254
2025-01-16,7.130000114440918,7.190000057220459,7.079999923706055,7.150000095367432,3094006
2025-01-19,7.130000114440918,7.309999942779541,7.079999923706055,7.170000076293945,6871519
2025-01-20,7.190000057220459,7.230000019073486,6.980000019073486,7.019999980926514,3863449
2025-01-21,7.019999980926514,7.159999847412109,6.980000019073486,7.010000228881836,3712540
2025-01-22,7.010000228881836,7.150000095367432,7.039999961853027,7.050000190734863,2712120
2025-01-23,7.050000190734863,7.110000133514404,7.019999980926514,7.03000020980835,2458157
2025-01-26,7.03000020980835,7.110000133514404,7.0,7.010000228881836,3067681
2025-01-27,7.010000228881836,7.059999942779541,6.849999904632568,6.849999904632568,3139902
2025-01-28,6.849999904632568,7.010000228881836,6.849999904632568,6.900000095367432,4110201
2025-01-29,6.900000095367432,7.119999885559082,6.940000057220459,7.010000228881836,5677510
2025-01-30,7.010000228881836,7.190000057220459,6.880000114440918,6.929999828338623,6213374
2025-02-02,6.929999828338623,6.989999771118164,6.849999904632568,6.860000133514404,1972710
2025-02-03,6.860000133514404,6.909999847412109,6.78000020980835,6.829999923706055,1843598
2025-02-04,6.829999923706055,6.920000076293945,6.849999904632568,6.860000133514404,1377343
2025-02-05,6.860000133514404,6.880000114440918,6.769999980926514,6.800000190734863,1606844
2025-02-06,6.800000190734863,6.869999885559082,6.75,6.769999980926514,1531945
2025-02-09,6.769999980926514,6.840000152587891,6.769999980926514,6.78000020980835,936042
2025-02-10,6.78000020980835,6.869999885559082,6.769999980926514,6.809999942779541,1239863
2025-02-11,6.809999942779541,6.860000133514404,6.679999828338623,6.679999828338623,1549642
2025-02-12,6.679999828338623,6.730000019073486,6.510000228881836,6.639999866485596,2360277
2025-02-13,6.639999866485596,6.929999828338623,6.650000095367432,6.929999828338623,3635520
2025-02-16,6.929999828338623,7.53000020980835,7.199999809265137,7.409999847412109,26742335
2025-02-17,7.409999847412109,7.550000190734863,7.380000114440918,7.510000228881836,8643551
2025-02-18,7.510000228881836,7.599999904632568,7.449999809265137,7.550000190734863,5078072
2025-02-19,7.550000190734863,7.579999923706055,7.449999809265137,7.550000190734863,4157027
2025-02-20,7.550000190734863,7.699999809265137,7.53000020980835,7.639999866485596,10960733
2025-02-23,7.639999866485596,7.639999866485596,7.480000019073486,7.559999942779541,2082547
2025-02-24,7.559999942779541,7.590000152587891,7.460000038146973,7.489999771118164,1276513
2025-02-25,7.489999771118164,7.75,7.460000038146973,7.690000057220459,15516645
2025-02-26,7.690000057220459,7.739999771118164,7.5,7.599999904632568,4887607
2025-02-27,7.599999904632568,7.800000190734863,7.570000171661377,7.670000076293945,5782910
2025-03-02,7.670000076293945,7.929999828338623,7.659999847412109,7.880000114440918,6216537
2025-03-03,7.880000114440918,8.15999984741211,7.829999923706055,8.079999923706055,20717558
2025-03-04,8.079999923706055,8.199999809265137,7.989999771118164,8.109999656677246,6805674
2025-03-05,8.109999656677246,8.119999885559082,7.849999904632568,7.920000076293945,5625667
2025-03-06,7.920000076293945,8.399999618530273,7.900000095367432,8.369999885559082,11510062
2025-03-09,8.369999885559082,8.6899995803833,8.3100004196167,8.600000381469727,13733421
2025-03-10,8.600000381469727,8.899999618530273,8.449999809265137,8.899999618530273,15436326
2025-03-11,8.899999618530273,9.149999618530273,8.680000305175781,9.100000381469727,9110452
2025-03-12,9.100000381469727,9.199999809265137,8.920000076293945,9.069999694824219,7823583
2025-03-13,9.069999694824219,9.350000381469727,9.050000190734863,9.300000190734863,7469131
2025-03-16,9.300000190734863,9.5,9.270000457763672,9.3100004196167,4052725
2025-03-17,9.3100004196167,9.3100004196167,8.859999656677246,8.949999809265137,4494442
2025-03-18,8.949999809265137,9.0,8.630000114440918,8.800000190734863,5992490
2025-03-19,8.800000190734863,8.930000305175781,8.5,8.65999984741211,8066709
2025-03-20,8.65999984741211,8.729999542236328,8.520000457763672,8.649999618530273,4271130
2025-03-23,8.649999618530273,8.84000015258789,8.630000114440918,8.800000190734863,2230855
2025-03-24,8.800000190734863,8.859999656677246,8.520000457763672,8.550000190734863,5173709
2025-03-25,8.550000190734863,8.569999694824219,8.25,8.260000228881836,1779617
2025-03-26,8.260000228881836,8.329999923706055,8.010000228881836,8.319999694824219,1066702
2025-03-27,8.319999694824219,8.350000381469727,8.170000076293945,8.289999961853027,722751
2025-04-03,8.289999961853027,8.390000343322754,8.119999885559082,8.300000190734863,2114466
2025-04-06,8.300000190734863,8.149999618530273,7.619999885559082,8.0,3790712
2025-04-07,8.0,8.100000381469727,7.800000190734863,8.100000381469727,1754563
2025-04-08,8.100000381469727,8.369999885559082,8.170000076293945,8.199999809265137,2561364
2025-04-09,8.199999809265137,8.289999961853027,8.050000190734863,8.109999656677246,6664865
2025-04-10,8.109999656677246,8.380000114440918,8.229999542236328,8.319999694824219,2260558
2025-04-13,8.319999694824219,8.550000190734863,8.34000015258789,8.550000190734863,2541357
2025-04-14,8.550000190734863,8.600000381469727,8.390000343322754,8.460000038146973,2375675
2025-04-15,8.460000038146973,8.489999771118164,8.220000267028809,8.350000381469727,5234830
2025-04-16,8.350000381469727,8.350000381469727,8.130000114440918,8.15999984741211,3304579
2025-04-17,8.15999984741211,8.25,8.130000114440918,8.199999809265137,1185463
2025-04-22,8.199999809265137,8.4399995803833,7.539999961853027,8.399999618530273,5152057
2025-04-23,8.399999618530273,8.449999809265137,8.270000457763672,8.369999885559082,1430708
2025-04-27,8.369999885559082,8.579999923706055,8.289999961853027,8.579999923706055,5868566
2025-04-28,8.579999923706055,8.949999809265137,8.579999923706055,8.920000076293945,10479492
2025-04-29,8.920000076293945,9.100000381469727,8.859999656677246,8.899999618530273,8827435
2025-04-30,8.899999618530273,9.100000381469727,8.819999694824219,8.920000076293945,4668292
2025-05-04,8.920000076293945,9.039999961853027,8.850000381469727,8.930000305175781,3833417
2025-05-05,8.930000305175781,9.079999923706055,8.630000114440918,8.779999732971191,1952877
2025-05-06,8.779999732971191,9.100000381469727,8.789999961853027,8.899999618530273,4888861
2025-05-07,8.899999618530273,9.069999694824219,8.699999809265137,8.710000038146973,5743535
2025-05-08,8.710000038146973,8.859999656677246,8.649999618530273,8.800000190734863,2203497
2025-05-11,8.800000190734863,8.949999809265137,8.640000343322754,8.699999809265137,2453380
2025-05-12,8.699999809265137,8.84000015258789,8.579999923706055,8.619999885559082,1971954
2025-05-13,8.619999885559082,8.84000015258789,8.65999984741211,8.800000190734863,2489832
2025-05-14,8.800000190734863,8.90999984741211,8.699999809265137,8.84000015258789,5812021
2025-05-15,8.84000015258789,8.989999771118164,8.779999732971191,8.9399995803833,9084897
2025-05-18,8.9399995803833,9.119999885559082,8.930000305175781,9.100000381469727,6153603
2025-05-19,9.100000381469727,9.170000076293945,9.020000457763672,9.109999656677246,3881993
2025-05-20,9.109999656677246,9.229999542236328,9.069999694824219,9.170000076293945,3041810
2025-05-21,9.170000076293945,9.5,9.140000343322754,9.449999809265137,9070014
2025-05-22,9.449999809265137,9.630000114440918,9.40999984741211,9.5,4867124
2025-05-25,9.5,9.699999809265137,9.510000228881836,9.699999809265137,2551785
2025-05-26,9.699999809265137,9.880000114440918,9.699999809265137,9.710000038146973,6576192
2025-05-27,9.710000038146973,9.880000114440918,9.6899995803833,9.850000381469727,2439562
2025-05-28,9.850000381469727,10.149999618530273,9.880000114440918,9.899999618530273,8480037
2025-05-29,9.899999618530273,10.0,9.430000305175781,9.670000076293945,6787483
2025-06-01,9.670000076293945,10.0,9.649999618530273,9.649999618530273,2370710
2025-06-02,9.649999618530273,9.739999771118164,9.350000381469727,9.359999656677246,2970399
2025-06-03,9.359999656677246,9.449999809265137,9.289999961853027,9.399999618530273,2857849
2025-06-04,9.399999618530273,9.5,9.350000381469727,9.350000381469727,1886682
2025-06-10,9.350000381469727,9.699999809265137,9.369999885559082,9.5600004196167,1773071
2025-06-11,9.5600004196167,9.649999618530273,9.329999923706055,9.34000015258789,1446554
2025-06-12,9.34000015258789,9.550000190734863,9.119999885559082,9.550000190734863,1822289
2025-06-15,9.550000190734863,9.170000076293945,8.5600004196167,8.880000114440918,6982562
2025-06-16,8.880000114440918,9.100000381469727,8.770000457763672,8.850000381469727,7030903
2025-06-17,8.850000381469727,8.989999771118164,8.329999923706055,8.989999771118164,3952947
2025-06-18,8.989999771118164,8.949999809265137,8.600000381469727,8.930000305175781,2989041
2025-06-19,8.930000305175781,8.960000038146973,8.369999885559082,8.880000114440918,4036408
2025-06-22,8.880000114440918,8.890000343322754,8.34000015258789,8.850000381469727,2933855
2025-06-23,8.850000381469727,8.9399995803833,8.800000190734863,8.899999618530273,3161035
2025-06-24,8.899999618530273,9.329999923706055,9.0,9.270000457763672,8126284
2025-06-25,9.270000457763672,9.5,9.210000038146973,9.5,3884347
2025-06-29,9.5,9.600000381469727,9.34000015258789,9.470000267028809,2289305
2025-06-30,9.470000267028809,9.550000190734863,9.319999694824219,9.319999694824219,1435687
2025-07-01,9.319999694824219,9.40999984741211,9.260000228881836,9.270000457763672,869690
2025-07-02,9.270000457763672,9.34000015258789,9.09000015258789,9.170000076293945,2484548
2025-07-06,9.170000076293945,9.380000114440918,9.180000305175781,9.300000190734863,1640884
2025-07-07,9.300000190734863,9.399999618530273,9.119999885559082,9.119999885559082,1660428
2025-07-09,9.119999885559082,9.3100004196167,9.100000381469727,9.300000190734863,1059406
2025-07-10,9.300000190734863,9.380000114440918,9.15999984741211,9.180000305175781,1735396
2025-07-13,9.180000305175781,9.319999694824219,9.050000190734863,9.050000190734863,2510953
2025-07-14,9.050000190734863,9.270000457763672,9.010000228881836,9.199999809265137,1875843
2025-07-15,9.199999809265137,9.289999961853027,9.0600004196167,9.0600004196167,2478722
2025-07-16,9.0600004196167,9.380000114440918,9.029999732971191,9.09000015258789,6103949
2025-07-17,9.09000015258789,9.220000267028809,9.039999961853027,9.100000381469727,3982707
2025-07-20,9.100000381469727,9.149999618530273,8.9399995803833,9.0,4042796
2025-07-21,9.0,9.069999694824219,8.859999656677246,8.880000114440918,3186046
2025-07-22,8.880000114440918,8.960000038146973,8.8100004196167,8.8100004196167,1085985
2025-07-23,8.8100004196167,8.8100004196167,8.8100004196167,8.8100004196167,0
2025-07-27,8.569999694824219,8.6899995803833,8.420000076293945,8.420000076293945,5910921
2025-07-28,8.420000076293945,8.5600004196167,8.350000381469727,8.40999984741211,2644581
2025-07-29,8.40999984741211,8.5,8.350000381469727,8.380000114440918,1741034
2025-07-30,8.380000114440918,8.550000190734863,8.300000190734863,8.3100004196167,3296973
2025-07-31,8.3100004196167,8.520000457763672,8.359999656677246,8.510000228881836,1700567
2025-08-03,8.510000228881836,8.510000228881836,8.510000228881836,8.510000228881836,0
2025-08-04,8.510000228881836,8.510000228881836,8.510000228881836,8.510000228881836,0
2025-08-05,8.510000228881836,8.510000228881836,8.510000228881836,8.510000228881836,0
2025-08-06,8.510000228881836,8.510000228881836,8.510000228881836,8.510000228881836,0
2025-08-07,8.510000228881836,8.510000228881836,8.510000228881836,8.510000228881836,0
2025-08-10,8.729999542236328,8.859999656677246,8.729999542236328,8.850000381469727,2127744
2025-08-11,8.850000381469727,8.890000343322754,8.699999809265137,8.710000038146973,1157784
2025-08-12,8.710000038146973,8.8100004196167,8.630000114440918,8.800000190734863,1783459
2025-08-13,8.800000190734863,8.899999618530273,8.510000228881836,8.649999618530273,1861424
2025-08-14,8.649999618530273,8.699999809265137,8.5,8.619999885559082,2119134
2025-08-17,8.619999885559082,8.680000305175781,8.420000076293945,8.489999771118164,794960
2025-08-18,8.489999771118164,8.579999923706055,8.5,8.5600004196167,2092436
2025-08-19,8.5600004196167,8.579999923706055,8.449999809265137,8.470000267028809,972971
2025-08-20,8.470000267028809,8.59000015258789,8.270000457763672,8.300000190734863,3199859
2025-08-21,8.300000190734863,8.4399995803833,8.260000228881836,8.350000381469727,1417900
2025-08-24,8.350000381469727,8.430000305175781,8.289999961853027,8.300000190734863,1155146
2025-08-25,8.300000190734863,8.380000114440918,8.300000190734863,8.319999694824219,981363
2025-08-26,8.319999694824219,8.399999618530273,8.279999732971191,8.300000190734863,2658869
2025-08-27,8.300000190734863,8.359999656677246,8.199999809265137,8.270000457763672,1249220
2025-08-28,8.270000457763672,8.399999618530273,8.25,8.34000015258789,3308750
2025-08-31,8.34000015258789,8.430000305175781,7.920000076293945,8.0,3407273
2025-09-01,8.0,8.170000076293945,7.989999771118164,8.050000190734863,3094199
2025-09-02,8.050000190734863,8.180000305175781,8.0600004196167,8.100000381469727,1450193
2025-09-03,8.100000381469727,8.229999542236328,8.069999694824219,8.1899995803833,1931329
2025-09-07,8.1899995803833,8.970000267028809,8.5,8.510000228881836,20996072
2025-09-08,8.510000228881836,8.819999694824219,8.619999885559082,8.699999809265137,15335096
2025-09-09,8.699999809265137,8.800000190734863,8.510000228881836,8.569999694824219,4279738
2025-09-10,8.569999694824219,8.579999923706055,8.420000076293945,8.5,2445910
2025-09-11,8.5,8.550000190734863,8.399999618530273,8.470000267028809,1947957
2025-09-14,8.470000267028809,8.630000114440918,8.4399995803833,8.479999542236328,3072835
2025-09-15,8.479999542236328,8.59000015258789,8.270000457763672,8.300000190734863,5428302
2025-09-16,8.300000190734863,8.390000343322754,8.050000190734863,8.149999618530273,3553296
2025-09-17,8.149999618530273,8.25,8.119999885559082,8.199999809265137,1471069
2025-09-18,8.199999809265137,8.270000457763672,8.170000076293945,8.180000305175781,1199878
2025-09-21,8.180000305175781,8.260000228881836,8.020000457763672,8.029999732971191,1238111
2025-09-22,8.029999732971191,8.25,8.069999694824219,8.140000343322754,1420230
2025-09-23,8.140000343322754,8.260000228881836,7.949999809265137,8.020000457763672,2540294
2025-09-24,8.020000457763672,8.199999809265137,8.050000190734863,8.119999885559082,2271667
2025-09-25,8.119999885559082,8.220000267028809,8.130000114440918,8.15999984741211,1491692
2025-09-28,8.15999984741211,8.390000343322754,8.09000015258789,8.100000381469727,6711385
2025-09-29,8.100000381469727,8.600000381469727,8.119999885559082,8.579999923706055,21762565
2025-09-30,8.579999923706055,8.800000190734863,8.470000267028809,8.760000228881836,13173845
2025-10-01,8.760000228881836,8.899999618530273,8.649999618530273,8.699999809265137,18174578
2025-10-02,8.699999809265137,8.800000190734863,8.539999961853027,8.539999961853027,3181708
2025-10-05,8.539999961853027,8.720000267028809,8.5600004196167,8.600000381469727,3219788
2025-10-06,8.600000381469727,8.720000267028809,8.59000015258789,8.710000038146973,4076370
2025-10-07,8.710000038146973,9.25,8.75,9.100000381469727,23655480
2025-10-08,9.100000381469727,9.170000076293945,8.930000305175781,9.100000381469727,5609364
2025-10-12,9.100000381469727,9.279999732971191,8.989999771118164,9.199999809265137,8145157
2025-10-13,9.199999809265137,9.399999618530273,9.199999809265137,9.25,10173393
2025-10-14,9.25,9.380000114440918,9.0,9.149999618530273,5398529
2025-10-15,9.149999618530273,9.199999809265137,9.0,9.130000114440918,1832297
2025-10-16,9.130000114440918,9.149999618530273,9.050000190734863,9.100000381469727,1557773
2025-10-19,9.100000381469727,9.149999618530273,9.079999923706055,9.100000381469727,2027796
2025-10-20,9.100000381469727,9.199999809265137,8.949999809265137,9.050000190734863,4665006
2025-10-21,9.050000190734863,9.149999618530273,8.930000305175781,9.039999961853027,5732750
2025-10-22,9.039999961853027,9.119999885559082,8.979999542236328,9.010000228881836,2318604
2025-10-23,9.010000228881836,9.09000015258789,8.949999809265137,8.979999542236328,2372758
2025-10-26,8.979999542236328,9.609999656677246,8.979999542236328,9.600000381469727,17468322
2025-10-27,9.600000381469727,9.800000190734863,9.550000190734863,9.699999809265137,9624068
2025-10-28,9.699999809265137,9.800000190734863,9.460000038146973,9.5,6094074
2025-10-29,9.5,9.899999618530273,9.470000267028809,9.880000114440918,9909058
2025-10-30,9.880000114440918,10.180000305175781,9.640000343322754,9.800000190734863,23964764
2025-11-02,9.800000190734863,9.899999618530273,9.550000190734863,9.699999809265137,8582687
2025-11-03,9.699999809265137,10.239999771118164,9.600000381469727,10.180000305175781,18713274
2025-11-04,10.180000305175781,10.329999923706055,9.970000267028809,10.109999656677246,12625855
2025-11-05,10.109999656677246,10.279999732971191,9.899999618530273,10.050000190734863,7019533
2025-11-06,10.050000190734863,10.220000267028809,9.979999542236328,10.100000381469727,5903794
2025-11-09,10.100000381469727,10.579999923706055,10.0,10.359999656677246,15310373
2025-11-10,10.359999656677246,10.539999961853027,10.25,10.260000228881836,5387451
2025-11-11,10.260000228881836,10.329999923706055,10.020000457763672,10.050000190734863,2848737
2025-11-12,10.050000190734863,10.239999771118164,10.029999732971191,10.109999656677246,2945868
2025-11-13,10.109999656677246,10.1899995803833,10.0,10.0,4656785
2025-11-16,10.0,10.079999923706055,9.819999694824219,9.850000381469727,5064893
2025-11-17,9.850000381469727,10.100000381469727,9.699999809265137,9.699999809265137,10682400
2025-11-18,9.699999809265137,9.800000190734863,9.350000381469727,9.350000381469727,7235065
2025-11-19,9.350000381469727,9.5600004196167,9.229999542236328,9.489999771118164,2874557
2025-11-20,9.489999771118164,9.550000190734863,9.319999694824219,9.399999618530273,1247741
2025-11-23,9.399999618530273,9.5600004196167,9.350000381469727,9.350000381469727,3192546
2025-11-24,9.350000381469727,9.420000076293945,9.100000381469727,9.149999618530273,4961697
2025-11-25,9.149999618530273,9.359999656677246,9.010000228881836,9.050000190734863,2678524
2025-11-26,9.050000190734863,9.220000267028809,8.800000190734863,8.800000190734863,5210447
2025-11-27,8.800000190734863,9.020000457763672,8.800000190734863,8.899999618530273,3979237
2025-11-30,8.899999618530273,9.109999656677246,8.90999984741211,9.0,3058353
2025-12-01,9.0,9.170000076293945,8.949999809265137,8.989999771118164,3280075
2025-12-02,8.989999771118164,9.130000114440918,8.979999542236328,8.979999542236328,4620716
2025-12-03,8.979999542236328,9.220000267028809,8.989999771118164,9.149999618530273,5919289
2025-12-04,9.149999618530273,9.270000457763672,9.0600004196167,9.149999618530273,5775544
2025-12-07,9.149999618530273,9.369999885559082,9.130000114440918,9.359999656677246,2116843
2025-12-08,9.359999656677246,9.729999542236328,9.3100004196167,9.710000038146973,15920290
2025-12-09,9.710000038146973,9.949999809265137,9.600000381469727,9.899999618530273,9703231
2025-12-10,9.899999618530273,10.050000190734863,9.8100004196167,10.0,21226394
2025-12-11,10.0,10.149999618530273,9.40999984741211,9.850000381469727,7843745
2025-12-14,9.850000381469727,9.9399995803833,9.649999618530273,9.800000190734863,3787481
2025-12-15,9.800000190734863,10.0600004196167,9.800000190734863,10.029999732971191,11207363
2025-12-16,10.029999732971191,10.079999923706055,9.739999771118164,9.75,1883825
2025-12-17,9.75,9.819999694824219,9.670000076293945,9.699999809265137,1281104
2025-12-18,9.699999809265137,9.75,9.399999618530273,9.399999618530273,4137308
2025-12-21,9.399999618530273,9.670000076293945,9.420000076293945,9.649999618530273,1079822
2025-12-22,9.649999618530273,9.899999618530273,9.649999618530273,9.800000190734863,1965942
2025-12-23,9.800000190734863,9.880000114440918,9.479999542236328,9.600000381469727,4356068
2025-12-24,9.600000381469727,9.649999618530273,9.4399995803833,9.600000381469727,2554860
2025-12-25,9.600000381469727,9.699999809265137,9.399999618530273,9.699999809265137,3635643
2025-12-28,9.699999809265137,9.779999732971191,9.479999542236328,9.75,1928600
2025-12-29,9.75,9.739999771118164,9.5600004196167,9.729999542236328,1413156
2025-12-30,9.729999542236328,9.699999809265137,9.5,9.5600004196167,2301521
2025-12-31,9.5600004196167,9.699999809265137,9.5,9.699999809265137,1669619
2026-01-04,9.699999809265137,9.699999809265137,9.460000038146973,9.460000038146973,1030535
2026-01-05,9.460000038146973,9.550000190734863,9.170000076293945,9.300000190734863,2205586
2026-01-06,9.300000190734863,9.489999771118164,9.3100004196167,9.40999984741211,810177
2026-01-08,9.40999984741211,9.5,9.40999984741211,9.489999771118164,821020
2026-01-11,9.489999771118164,9.6899995803833,9.399999618530273,9.529999732971191,6124784
2026-01-12,9.529999732971191,9.6899995803833,9.460000038146973,9.479999542236328,3080464
2026-01-13,9.479999542236328,9.59000015258789,9.149999618530273,9.199999809265137,2671756
2026-01-14,9.199999809265137,9.289999961853027,8.9399995803833,9.100000381469727,7531103
2026-01-15,9.100000381469727,9.140000343322754,8.949999809265137,8.970000267028809,1914129
2026-01-18,8.970000267028809,9.15999984741211,8.970000267028809,9.15999984741211,1428575
2026-01-19,9.15999984741211,9.380000114440918,9.050000190734863,9.380000114440918,2454217
2026-01-20,9.380000114440918,9.460000038146973,9.199999809265137,9.329999923706055,4281233
2026-01-21,9.329999923706055,9.40999984741211,9.210000038146973,9.319999694824219,1289355
2026-01-22,9.319999694824219,9.399999618530273,9.229999542236328,9.25,3096344
2026-01-25,9.25,9.300000190734863,9.100000381469727,9.100000381469727,1617518
2026-01-26,9.100000381469727,9.399999618530273,9.0600004196167,9.239999771118164,4819412
2026-01-27,9.239999771118164,9.319999694824219,9.119999885559082,9.119999885559082,2163909
2026-01-28,9.119999885559082,9.260000228881836,9.050000190734863,9.050000190734863,3004708
2026-02-01,9.050000190734863,9.149999618530273,8.979999542236328,9.069999694824219,2219949
2026-02-02,9.069999694824219,9.100000381469727,8.949999809265137,9.050000190734863,4104332
2026-02-03,9.050000190734863,9.420000076293945,9.0600004196167,9.390000343322754,8246922
2026-02-04,9.390000343322754,9.649999618530273,9.40999984741211,9.510000228881836,7143030
2026-02-05,9.510000228881836,9.579999923706055,9.359999656677246,9.399999618530273,1468291
2026-02-08,9.399999618530273,9.720000267028809,9.430000305175781,9.529999732971191,9749157
2026-02-09,9.529999732971191,9.899999618530273,9.569999694824219,9.75,14577224
2026-02-10,9.75,9.800000190734863,9.59000015258789,9.699999809265137,2824801
2026-02-11,9.699999809265137,9.75,9.479999542236328,9.600000381469727,8051517
2026-02-12,9.600000381469727,9.640000343322754,9.5,9.5,3172640
2026-02-15,9.5,9.789999961853027,9.520000457763672,9.680000305175781,9833098
2026-02-16,9.680000305175781,9.800000190734863,9.630000114440918,9.640000343322754,14496722
2026-02-17,9.640000343322754,9.850000381469727,9.5600004196167,9.800000190734863,9020927
2026-02-18,9.800000190734863,9.899999618530273,9.739999771118164,9.800000190734863,16313440
2026-02-19,9.800000190734863,9.800000190734863,9.4399995803833,9.449999809265137,1834500
2026-02-22,9.449999809265137,9.550000190734863,9.260000228881836,9.34000015258789,2146932
2026-02-23,9.34000015258789,9.430000305175781,9.180000305175781,9.380000114440918,6932643
2026-02-24,9.380000114440918,9.390000343322754,9.199999809265137,9.199999809265137,1693419
2026-02-25,9.199999809265137,9.260000228881836,9.0,9.079999923706055,2094448
2026-02-26,9.079999923706055,9.199999809265137,8.9399995803833,8.949999809265137,2924868
2026-03-01,8.949999809265137,8.920000076293945,8.199999809265137,8.75,2420366
2026-03-02,8.75,8.890000343322754,8.579999923706055,8.8100004196167,1005222
2026-03-03,8.8100004196167,9.109999656677246,8.529999732971191,9.050000190734863,2700362
2026-03-04,9.050000190734863,9.069999694824219,8.899999618530273,9.0,906234
2026-03-05,9.0,9.289999961853027,9.010000228881836,9.270000457763672,1287238
2026-03-08,9.270000457763672,9.270000457763672,9.069999694824219,9.109999656677246,887714
2026-03-09,9.109999656677246,9.199999809265137,8.880000114440918,8.920000076293945,1621728
2026-03-10,8.920000076293945,9.229999542236328,8.949999809265137,9.210000038146973,1570414
2026-03-11,9.210000038146973,9.5,9.210000038146973,9.220000267028809,2816048
2026-03-12,9.220000267028809,9.390000343322754,9.149999618530273,9.15999984741211,900926
2026-03-15,9.15999984741211,9.25,9.069999694824219,9.130000114440918,209803
2026-03-16,9.130000114440918,9.130000114440918,8.989999771118164,9.0,539124
2026-03-17,9.0,9.079999923706055,8.920000076293945,9.039999961853027,854729
2026-03-18,9.039999961853027,9.180000305175781,9.0,9.100000381469727,1899683
2026-03-19,9.100000381469727,9.100000381469727,9.100000381469727,9.100000381469727,0
2026-03-24,9.100000381469727,9.1899995803833,9.09000015258789,9.130000114440918,1194075
2026-03-25,9.130000114440918,9.279999732971191,9.100000381469727,9.210000038146973,1014563
2026-03-26,9.210000038146973,9.289999961853027,9.170000076293945,9.210000038146973,537860
2026-03-29,9.210000038146973,9.4399995803833,9.039999961853027,9.40999984741211,2944075
2026-03-30,9.40999984741211,9.489999771118164,9.199999809265137,9.199999809265137,4456789
2026-03-31,9.199999809265137,9.390000343322754,9.100000381469727,9.199999809265137,504461
2026-04-01,9.199999809265137,9.300000190734863,9.210000038146973,9.300000190734863,338484
2026-04-02,9.300000190734863,9.3100004196167,9.170000076293945,9.210000038146973,333827
2026-04-05,9.210000038146973,9.350000381469727,9.199999809265137,9.300000190734863,496279
2026-04-06,9.300000190734863,9.359999656677246,9.220000267028809,9.25,1489879
2026-04-07,9.25,9.289999961853027,9.0600004196167,9.09000015258789,1469390
2026-04-08,9.09000015258789,9.359999656677246,9.220000267028809,9.34000015258789,3597899
2026-04-09,9.34000015258789,9.390000343322754,9.239999771118164,9.270000457763672,512500
2026-04-14,9.270000457763672,9.350000381469727,9.199999809265137,9.350000381469727,1889397
2026-04-15,9.350000381469727,9.579999923706055,9.329999923706055,9.5,16703436
2026-04-16,9.5,9.699999809265137,9.5,9.569999694824219,12921106
2026-04-19,9.569999694824219,9.75,9.550000190734863,9.59000015258789,5848991
2026-04-20,9.59000015258789,9.600000381469727,9.470000267028809,9.529999732971191,2985699
2026-04-21,9.529999732971191,9.84000015258789,9.529999732971191,9.800000190734863,13852396
2026-04-22,9.800000190734863,10.100000381469727,9.899999618530273,9.899999618530273,37481224
2026-04-23,9.899999618530273,10.430000305175781,9.819999694824219,10.34000015258789,48668920
2026-04-26,10.34000015258789,10.5,10.100000381469727,10.289999961853027,12742107
2026-04-27,10.289999961853027,10.649999618530273,10.149999618530273,10.649999618530273,19467559
2026-04-28,10.649999618530273,10.720000267028809,10.460000038146973,10.5,11734369
2026-04-29,10.5,10.800000190734863,10.430000305175781,10.779999732971191,15177599
2026-04-30,10.779999732971191,10.84000015258789,10.470000267028809,10.5,11464688
2026-05-03,10.5,10.880000114440918,10.460000038146973,10.75,16061376
2026-05-04,10.75,10.930000305175781,10.609999656677246,10.649999618530273,19847232
2026-05-05,10.649999618530273,10.75,10.5,10.5600004196167,7642334
2026-05-06,10.5600004196167,10.789999961853027,10.600000381469727,10.75,8497234
2026-05-10,10.75,11.270000457763672,10.630000114440918,11.199999809265137,27341123
2026-05-11,11.199999809265137,11.390000343322754,11.029999732971191,11.029999732971191,13205859
2026-05-12,11.029999732971191,11.199999809265137,10.970000267028809,11.100000381469727,9551049
2026-05-13,11.100000381469727,11.1899995803833,10.970000267028809,11.0,4221093
2026-05-14,11.0,11.369999885559082,10.699999809265137,11.0,10996757
2026-05-17,11.0,11.09000015258789,10.8100004196167,10.819999694824219,2304110
2026-05-18,10.819999694824219,10.899999618530273,10.40999984741211,10.40999984741211,4668826
2026-05-19,10.40999984741211,10.680000305175781,10.40999984741211,10.420000076293945,5686987
2026-05-20,10.420000076293945,10.5,9.829999923706055,10.0,3844227
2026-05-21,10.0,10.279999732971191,10.020000457763672,10.1899995803833,1702767
2026-05-24,10.1899995803833,10.550000190734863,10.260000228881836,10.4399995803833,6291890
2026-05-25,10.4399995803833,10.569999694824219,10.399999618530273,10.5,1302657
2026-05-26,10.5,10.5,10.5,10.5,0
2026-05-27,10.5,10.5,10.5,10.5,0
2026-05-28,10.5,10.5,10.5,10.5,0
2026-06-01,10.5,11.890000343322754,10.800000190734863,11.779999732971191,40180650
2026-06-02,11.779999732971191,12.300000190734863,11.789999961853027,11.850000381469727,32240251
2026-06-03,11.850000381469727,11.960000038146973,11.520000457763672,11.699999809265137,43609142
2026-06-04,11.699999809265137,12.380000114440918,11.779999732971191,12.25,70343297
2026-06-07,12.25,12.600000381469727,12.039999961853027,12.300000190734863,77947267
2026-06-08,12.300000190734863,12.300000190734863,11.979999542236328,12.010000228881836,24722655
2026-06-09,12.010000228881836,12.25,12.0,12.149999618530273,19083196
2026-06-10,12.149999618530273,12.180000305175781,11.529999732971191,11.529999732971191,19633360
2026-06-11,11.529999732971191,11.630000114440918,11.109999656677246,11.210000038146973,11787717
2026-06-14,11.210000038146973,12.050000190734863,11.460000038146973,12.0,27799219
2026-06-15,12.0,12.399999618530273,11.880000114440918,12.34000015258789,34635762
2026-06-16,12.34000015258789,12.5,12.199999809265137,12.5,24725593
2026-06-17,12.5,12.5,12.5,12.5,0
