Date,Open,High,Low,Close,Volume
2021-02-23,8.62936019897461,8.62936019897461,8.62936019897461,8.62936019897461,0
2021-02-24,8.576465064451057,8.810711716459455,8.614246271101857,8.742704391479492,3096687
2021-02-25,8.742704675456093,8.931613597367456,8.833380871497905,8.878719329833984,3205075
2021-02-28,8.878719606240667,8.886276136303652,8.73514913819584,8.795599937438965,1474734
2021-03-01,8.795600402270951,8.772930810883954,8.659585736470602,8.697367668151855,669476
2021-03-02,8.697368457407796,8.78048813814505,8.508459502489107,8.652029991149902,2074231
2021-03-03,8.652028603140584,8.652028603140584,8.364886951253471,8.508458137512207,1870681
2021-03-04,8.508457781576439,8.55379551803389,8.410225058411521,8.478232383728027,757757
2021-03-07,8.478232984276325,8.68981078420213,8.538683784255127,8.667141914367676,915449
2021-03-08,8.667141663012181,8.765374390286485,8.425337749479143,8.508458137512207,3504518
2021-03-09,8.508458568652308,8.561352839622437,8.334661974474127,8.432894706726074,732840
2021-03-10,8.432894738636591,8.470676669742677,8.28932426518994,8.410225868225098,658220
2021-03-11,8.410225513926397,8.531127111868317,8.311992785440996,8.380000114440918,382547
2021-03-14,8.379999973116686,8.463119640142395,8.251541847312183,8.311992645263672,338077
2021-03-15,8.311993718253785,8.334662590254315,8.077746305480144,8.1835355758667,623249
2021-03-16,8.183534266449472,8.274210460573277,8.047519614948598,8.153308868408203,536852
2021-03-17,8.153309284667444,8.22887314394362,8.09285848549865,8.13819694519043,258373
2021-03-18,8.138197160434732,8.160866030564998,8.062633299159994,8.100415229797363,706934
2021-03-21,8.100415105656246,8.206203645063175,7.715040716195753,7.911506175994873,423387
2021-03-22,7.911505830590498,7.934174699383669,7.647033052358903,7.760378837585449,808044
2021-03-23,7.760378303285394,7.934174153117814,7.684814451670249,7.805716037750244,1328684
2021-03-24,7.805717312584633,8.236429463496355,8.009739312888343,8.175978660583496,1902085
2021-03-25,8.175977167670622,8.31199180970383,8.085300979858578,8.16086483001709,739845
2021-03-28,8.160865620449224,8.455563079224135,8.274210686034905,8.334661483764648,340920
2021-03-29,8.334662037722202,8.463120171593376,8.311993167224466,8.387557029724121,726856
2021-03-30,8.387556160851414,8.568908547307688,8.364886572071635,8.500901222229004,1106284
2021-03-31,8.500901681065406,8.538683610440657,8.357331214195883,8.402668952941895,903007
2021-04-01,8.402668880302105,8.538683536625042,8.425337749479143,8.508458137512207,512552
2021-04-04,8.508458211066529,8.561352479813664,8.364887023566641,8.402668952941895,214461
2021-04-05,8.402669993268198,8.538684667606804,8.13064136522144,8.296880722045898,869255
2021-04-06,8.296880320961705,8.500902322606871,8.236429517651379,8.349775314331055,581607
2021-04-07,8.349775448533524,8.55379673282742,8.236429650032088,8.4177827835083,902381
2021-04-08,8.417782393783453,8.697367530800795,8.463120134580643,8.62936019897461,1216931
2021-04-11,8.629359274770076,8.697366599312677,8.54623961179041,8.606690406799316,177439
2021-04-12,8.606692183552642,8.652029928853622,8.463120975295112,8.538684844970703,1221600
2021-04-13,8.538684001607551,8.531127471260255,8.364887406771714,8.410225868225098,331621
2021-04-14,8.41022554507786,8.561352543065034,8.289323946688121,8.357331275939941,1739766
2021-04-15,8.357331275939941,8.516014803984065,8.311992816228605,8.357331275939941,305287
2021-04-18,8.357330845381146,8.720035621864286,8.425337450498985,8.614246368408203,1285816
2021-04-19,8.614246722908263,8.712479450739245,8.553795924340022,8.644472122192383,1292572
2021-04-20,8.644472218700784,8.840937676556123,8.652028748763769,8.795599937438965,1752889
2021-04-21,8.795599310639062,8.916500900509511,8.76537391317145,8.848493576049805,1132054
2021-04-22,8.848494113605156,8.908944912212831,8.795599844981032,8.863606452941895,683837
2021-04-25,8.863607572295907,8.961840312596438,8.840938700112847,8.90894603729248,1942899
2021-04-26,9.514172490886581,9.06226913173129,8.884736356336584,8.933154106140137,385713
2021-04-27,8.933154025896194,8.95736367016676,8.731411607825647,8.804039001464844,290446
2021-04-28,8.804039330250381,8.868596844876947,8.699133176585642,8.731411933898926,365374
2021-05-04,8.73141174952029,8.763690506151953,8.642645361179786,8.69106388092041,184484
2021-05-05,8.69106247999913,8.795967844952532,8.634574087809447,8.658782958984375,306116
2021-05-06,8.658783553698571,8.77175957625137,8.650714442476808,8.715271949768066,277108
2021-05-09,8.71527349205771,8.763691246301256,8.650715973342093,8.674924850463867,134399
2021-05-10,8.674923204469454,8.755620472345504,8.650714331941112,8.707201957702637,114005
2021-05-11,8.707202040984708,9.239801859219497,8.763689667286522,9.05419921875,1105176
2021-05-17,9.054199982200746,9.191384888717897,8.876666437957445,8.917015075683594,525028
2021-05-18,8.917015021175683,9.43347511823735,8.917015021175683,9.255942344665527,1511504
2021-05-19,9.255941800700764,9.425405452486435,9.239802038822983,9.312429428100586,855026
2021-05-20,9.312429054939177,9.385056441306503,9.23980166857185,9.272080421447754,341443
2021-05-23,9.27208079299234,9.360847944147723,9.255941800700764,9.312429428100586,241526
2021-05-24,9.312430345199322,9.36084886601477,9.199454309687464,9.29629135131836,792527
2021-05-25,9.296290522180682,9.344708269091461,8.997711081357286,9.086478233337402,861124
2021-05-26,9.086478966210352,9.134896717026281,8.99771180707069,9.07033920288086,481117
2021-05-27,9.07033920288086,9.134896717026281,8.957363937919506,9.07033920288086,1112834
2021-05-30,9.070338944446473,9.07840882588129,8.98157255742224,9.038060188293457,160316
2021-05-31,9.038060629155517,9.239803057349105,9.054200392812422,9.207524299621582,485232
2021-06-01,9.207523930908977,9.239802687343905,9.054200030239627,9.16717529296875,461532
2021-06-02,9.16717529296875,9.239802687343905,9.038060267229033,9.16717529296875,1395025
2021-06-03,9.167175840572058,9.60293946326717,8.876667015304085,9.344709396362305,1563783
2021-06-06,9.3447086196405,9.506102398041168,8.87666627748544,9.247872352600098,485630
2021-06-07,9.247871636138937,9.966074856363294,9.11875662342134,9.619077682495117,3434330
2021-06-08,9.619078413036313,11.636502563931744,10.24851453263154,10.643929481506348,12069910
2021-06-09,10.643930515926716,10.490606604175968,10.288864169480277,10.401840209960938,2348899
2021-06-10,10.401839323586021,10.417978316801536,10.127469512646023,10.2969331741333,1171556
2021-06-13,10.296933574199931,10.329212331471336,10.087121267142656,10.119400024414062,901915
2021-06-14,10.119399219630038,10.24044435737466,9.933796572476789,10.143608093261719,591746
2021-06-15,10.143608093261719,10.280792993151605,10.087120464925723,10.143608093261719,2128425
2021-06-16,10.143608938608619,10.35342124646508,10.087121305565065,10.232376098632812,996189
2021-06-17,10.23237481095105,10.321141190218256,10.14360766209766,10.208165168762207,719172
2021-06-20,10.208165182808166,10.337280965901101,10.15167755679551,10.305002212524414,264975
2021-06-21,10.305002916229393,10.490605568423177,10.256584398064879,10.409908294677734,1583349
2021-06-22,10.409908419029776,10.732696748281192,10.482535812351001,10.651999473571777,2371196
2021-06-23,10.651999473571777,10.7730453856359,10.490605693739193,10.651999473571777,968028
2021-06-24,10.65199911246504,10.756905258196424,10.571302610077513,10.708487510681152,307934
2021-06-27,10.7084887899759,10.902161342346616,10.71655790246828,10.869882583618164,2014676
2021-06-28,10.869881025031539,11.257226074233188,10.813392628166646,11.031274795532227,1145802
2021-06-29,11.031275326143446,11.047414319176708,10.65199937003377,10.740766525268555,1210768
2021-06-30,10.740765443525278,10.926368077439374,10.700416810626425,10.853740692138672,812770
2021-07-04,10.853741793972514,11.015135572365894,10.853741793972514,10.877950668334961,73470
2021-07-05,10.877950408655673,10.958647680719071,10.732696396362266,10.845671653747559,412397
2021-07-06,10.845671593207353,10.781114083751481,10.426047781744185,10.595511436462402,397043
2021-07-07,10.595512607822505,10.886021432490399,10.563233849526073,10.748836517333984,298866
2021-07-08,10.748836333402197,10.732697339323298,10.514815147361006,10.611651420593262,220768
2021-07-11,10.611651236906718,10.692348514663214,10.45025745098,10.571303367614746,200601
2021-07-12,10.571302837770906,10.966717785869356,10.65199934189654,10.861811637878418,693578
2021-07-13,10.861812119319818,11.136181938597927,10.813393599029334,11.047414779663086,394838
2021-07-14,11.047414387402593,11.370202715509944,10.894090489501629,11.224947929382324,1114954
2021-07-15,11.224948479058048,11.297575875678357,11.071624573648949,11.168460845947266,847412
2021-07-18,11.16846029903769,11.297575322446134,11.13618154318558,11.224947929382324,280268
2021-07-25,11.224947297115019,11.297574686087948,11.055483646040251,11.15231990814209,184198
2021-07-26,11.152320565885871,11.21687807776125,11.015135660754131,11.103902816772461,357288
2021-07-27,11.103902765190002,11.580014990248852,11.063554128058767,11.442830085754395,3562375
2021-07-28,11.442829891175375,11.410551135936517,11.216877834917142,11.305644989013672,365377
2021-07-29,11.30564455650615,11.418619810727069,11.249156159809491,11.37020206451416,1139344
2021-08-01,11.370203347724653,11.37827322953295,11.257227311167364,11.297575950622559,511393
2021-08-02,11.297575284826946,11.418620426472739,11.13618150610381,11.208808898925781,1077455
2021-08-03,11.208809450021135,11.386342230552088,11.136182053628346,11.289505958557129,699903
2021-08-04,11.289504881752675,11.701059575666461,11.208808380913595,11.499317169189453,3905419
2021-08-05,11.499317658518722,11.781757347439642,11.58001493237791,11.684920310974121,508988
2021-08-08,11.684920310974121,11.684920310974121,11.684920310974121,11.684920310974121,0
2021-08-09,11.684920310974121,11.684920310974121,11.684920310974121,11.684920310974121,0
2021-08-10,12.072266290076554,12.386984738325753,11.918942391444123,12.161032676696777,4886992
2021-08-11,12.161032528487782,12.314357194837863,12.039987387336657,12.136823654174805,939850
2021-08-15,12.136824423555463,12.201381938873341,11.975430635260766,11.999639511108398,85457
2021-08-16,11.999638668255033,12.080335941527357,11.975429794107828,12.007708549499512,713074
2021-08-17,12.00770837482105,12.185241911685807,11.943150864976815,12.104544639587402,1374208
2021-08-18,12.104544417414475,12.104544417414475,11.902802010457568,12.088404655456543,442420
2021-08-19,12.08840467942636,12.023847170639035,11.862453398670727,11.96735954284668,1229346
2021-08-22,11.967360377251936,11.862454225761567,11.701060442540333,11.725269317626953,362191
2021-08-23,11.725267575737309,11.781755968662601,11.475107441304408,11.62843132019043,1621320
2021-08-24,11.628432174267562,11.943150605099758,11.539665792559807,11.717199325561523,520245
2021-08-25,11.71720031601139,11.983500253231078,11.620363275580347,11.733339309692383,433556
2021-08-26,11.7333395666247,11.90280323671047,11.68492104534893,11.765618324279785,712632
2021-08-29,11.76561879976553,11.894733835603818,11.668782522886815,11.814037322998047,1213286
2021-08-30,11.814036919108103,11.943151950532297,11.781758161252053,11.894733428955078,333092
2021-08-31,11.894732364353647,11.967359755426038,11.830174854419571,11.886662483215332,303119
2021-09-01,11.886663619509841,12.104545813555259,11.80596710917125,12.023848533630371,953579
2021-09-02,12.023847146797229,12.144893052723098,12.023847146797229,12.088404655456543,385490
2021-09-05,12.088404095570034,12.104543856780438,11.701059061554423,11.789825439453125,88721
2021-09-06,11.789826309316906,11.862453700949889,11.620362652035354,11.660711288452148,288203
2021-09-07,11.660711076715222,11.943150756917968,11.620362441031084,11.741408348083496,279392
2021-09-08,11.741408710510047,11.781757347439642,11.620362799721265,11.684920310974121,64265
2021-09-09,11.68492115554113,11.862454709111436,11.539667129516602,11.539667129516602,34643
2021-09-12,11.539665483400404,11.943150285130583,11.547735364135692,11.571944236755371,70758
2021-09-13,11.571943696851287,11.717198464964682,11.580013577210064,11.62843132019043,50587
2021-09-14,11.62843268822616,11.902802496013837,11.701060080827162,11.781757354736328,1808916
2021-09-15,11.781757718944082,11.781757718944082,11.701060442540333,11.725269317626953,1288372
2021-09-16,11.725268926925356,11.902802467346191,11.70106005264541,11.902802467346191,1487090
2021-09-19,11.902802794200722,11.910872675711053,11.701060373960033,11.830175399780273,870049
2021-09-20,11.830175208147917,11.830175208147917,11.410551381029457,11.69299030303955,922679
2021-09-21,11.69299030303955,11.69299030303955,11.69299030303955,11.69299030303955,0
2021-09-22,11.297575487473772,12.217521197076259,11.297575487473772,11.580015182495117,3595551
2021-09-23,11.58001576936253,11.862454709111436,11.305645941913774,11.539667129516602,540033
2021-09-26,11.539667129516602,11.927012225030403,11.458969849824745,11.539667129516602,621588
2021-09-27,11.539666156891947,11.604223667369663,11.2975751078074,11.305644989013672,559843
2021-09-28,11.30564418242066,11.612292720105305,11.224946915287688,11.547735214233398,401391
2021-09-29,11.547737310084477,11.580016068878848,11.305646234333535,11.354063987731934,92561
2021-09-30,11.354062672629963,11.51545721749436,11.144251149561452,11.410551071166992,926324
2021-10-03,11.410551002055678,11.45896874955276,10.974787426650831,11.063553810119629,1069842
2021-10-04,11.063553810119629,11.063553810119629,11.063553810119629,11.063553810119629,0
2021-10-05,11.144251082063061,11.281435213028942,10.934438790679115,11.063553810119629,258940
2021-10-06,11.063553584670581,11.063553584670581,10.571302390687979,10.692347526550293,1117283
2021-10-10,10.692347962084169,10.894090376463115,10.579371932980914,10.627790451049805,196006
2021-10-11,10.627790495690755,10.926369177875397,10.490605591769942,10.740766525268555,474272
2021-10-12,10.740765443525278,10.894089325037525,10.619719544828719,10.853740692138672,264771
2021-10-13,10.853741904393326,11.023205565826979,10.732696761763396,10.88602066040039,345377
2021-10-14,10.886020126888683,11.095832415445061,10.886020126888683,11.039344787597656,151835
2021-10-17,11.039344587068282,11.095832213889592,10.781113786771874,10.902159690856934,904430
2021-10-18,10.902159690856934,10.902159690856934,10.902159690856934,10.902159690856934,0
2021-10-19,10.974789209933324,11.120043245612976,10.934440567405398,11.055485725402832,258859
2021-10-20,11.055484077348362,11.136181350374574,10.813393027855957,11.087762832641602,206226
2021-10-24,11.087761934022838,11.257225577974548,11.095831814588674,11.200737953186035,477246
2021-10-25,11.20073871067173,11.499317385524476,10.974787426650831,11.063553810119629,918816
2021-10-26,11.063554691894185,11.362133390543901,11.063554691894185,11.168460845947266,1026266
2021-10-27,11.168460246295222,11.26529651339425,10.934439075076012,10.974787712097168,579343
2021-10-28,10.974787379130815,11.216877654740436,10.910229869690086,10.950577735900879,1170821
2021-10-31,10.950578502394936,11.095833293596902,10.700418328198518,10.813393592834473,348830
2021-11-01,10.813393599029334,11.055484661309212,10.813393599029334,11.047414779663086,844246
2021-11-02,11.047413596206166,11.24915599822998,11.031274604229079,11.24915599822998,1292324
2021-11-03,11.249157649269128,11.45896996286874,11.103903621811652,11.216878890991211,1567684
2021-11-04,11.216878597303284,11.273367000000347,10.97478830135063,11.168460845947266,341840
2021-11-07,11.168460845947266,11.168460845947266,11.168460845947266,11.168460845947266,0
2021-11-08,11.168460845947266,11.168460845947266,11.168460845947266,11.168460845947266,0
2021-11-09,11.168460845947266,11.168460845947266,11.168460845947266,11.168460845947266,0
2021-11-10,11.095833339654385,11.701060612726442,11.031275825426935,11.160390853881836,2994941
2021-11-11,11.160389033587437,11.668779952398166,11.160389033587437,11.62843132019043,3474312
2021-11-14,11.62843268822616,11.88666273339751,11.499317665640486,11.781757354736328,1629943
2021-11-15,11.781757112073848,11.862453614734713,11.410551044992447,11.531596183776855,2052012
2021-11-16,11.5315966206855,11.604224014542337,11.29757544580583,11.467039108276367,711060
2021-11-17,11.467038757155013,11.660711288452148,11.37827237270705,11.660711288452148,657223
2021-11-18,11.660712607797278,11.862455043121058,11.539667454437534,11.701061248779297,931043
2021-11-21,11.70106032631212,11.773687720436824,11.53966654469403,11.580015182495117,322746
2021-11-22,11.580015182495117,11.580015182495117,11.580015182495117,11.580015182495117,0
2021-11-23,11.571944546779555,11.757547191146553,11.539665792559807,11.717199325561523,568478
2021-11-24,11.717201013006632,11.797897525384354,11.539667454437534,11.701061248779297,260955
2021-11-25,11.701060080827162,11.94315113296842,11.717199843443492,11.781757354736328,1459499
2021-11-28,11.781757354736328,11.781757354736328,11.781757354736328,11.781757354736328,0
2021-11-29,11.604223558148123,11.781757095083968,11.555805040952446,11.749478340148926,562404
2021-11-30,11.749478771066892,11.943151307780186,11.539666471501032,11.58808422088623,5387070
2021-12-01,11.588084274850013,11.983500001130519,11.418620612040156,11.935081481933594,1645081
2021-12-02,11.935081009696397,12.112614546945622,11.741408479744273,11.983499526977539,3644971
2021-12-05,11.983499675352308,12.09647493443008,11.902802402079985,12.007708549499512,693718
2021-12-06,12.007708778064346,12.185242320891042,12.007708778064346,12.161032676696777,3808534
2021-12-07,12.16103282924993,12.427332762037427,12.104545197927205,12.282078742980957,4199181
2021-12-08,12.282078109545806,12.596795775925479,12.136823328394438,12.5645170211792,2224108
2021-12-09,12.564517979525315,12.879236439496042,12.556448867412945,12.798539161682129,1053267
2021-12-12,12.798538145169635,12.911514171218837,12.782399152640442,12.903444290161133,465778
2021-12-13,12.903445684600708,13.250442911718832,12.838888168334961,12.838888168334961,3108188
2021-12-14,12.838888168334961,12.838888168334961,12.838888168334961,12.838888168334961,0
2021-12-15,12.79047081542561,12.951863841544622,12.758192056284543,12.895376205444336,1309450
2021-12-16,12.895374285515237,13.113256454467773,12.830816776844753,13.113256454467773,588901
2021-12-19,13.113257174200704,13.10518729277742,12.830817481075728,12.863096237182617,155579
2021-12-20,12.863096237182617,12.863096237182617,12.863096237182617,12.863096237182617,0
2021-12-21,12.911514282226562,12.992211554324967,12.830817010128158,12.911514282226562,650631
2021-12-22,12.911514250222908,13.629716737856375,12.911514250222908,13.347278594970703,1789054
2021-12-23,13.347279806054003,13.661997501924336,13.282720751339493,13.613579750061035,1141312
2021-12-26,13.613577524926898,13.613577524926898,13.331137863405896,13.46832275390625,110449
2021-12-27,13.468323509031713,13.540950898614021,13.27465098320303,13.331138610839844,74612
2021-12-28,13.331139210154516,13.573229493530675,13.32306932881898,13.524811744689941,606766
2021-12-29,13.524811744689941,13.597439137537286,13.403766603001861,13.524811744689941,284880
2021-12-30,13.524811855353803,13.597439248795407,13.419904936305935,13.532881736755371,1507097
2022-01-02,13.532881847353282,13.621647465150962,12.9195847083745,13.5409517288208,78345
2022-01-03,13.540951396432794,13.597439026146317,13.403766493197468,13.516741752624512,350905
2022-01-04,13.516741834551322,13.702344487355706,13.411836455757859,13.645856857299805,1180362
2022-01-05,13.645857266866003,13.839529806801606,13.581299753554134,13.799181938171387,1125515
2022-01-09,13.799181938171387,13.799181938171387,13.799181938171387,13.799181938171387,0
2022-01-10,13.621648056394433,13.871809775228154,13.597439950113642,13.734624862670898,406275
2022-01-11,13.734624862670898,14.04127267588399,13.718485099035322,13.734624862670898,629092
2022-01-12,13.734624150878101,14.162317090847813,13.645856994655333,14.121969223022461,1014786
2022-01-13,14.121969658381717,14.162317527450933,13.839529957379574,13.960575103759766,559611
2022-01-16,13.960574419484352,14.09775932243715,13.484462199775962,13.637786865234375,231127
2022-01-17,13.637787856406396,13.79918241484751,13.476394837137862,13.613579750061035,28677
2022-01-18,13.61357876064842,13.718484138589988,13.597438998142804,13.637786865234375,406018
2022-01-19,13.637787409615806,13.702344923042752,13.419905224610163,13.48446273803711,1067495
2022-01-20,13.484462367265538,13.678136441393605,13.387626869373992,13.403766632080078,48023
2022-01-23,13.403767736395528,13.694275793177157,13.153606011358212,13.193955421447754,568360
2022-01-24,13.193955382491616,13.419905921635456,13.080978573747085,13.315000534057617,293979
2022-01-25,13.314999394750188,13.314999394750188,13.113256979678216,13.274651527404785,245382
2022-01-26,13.274651737150071,13.31499960513299,13.072909318890481,13.09711742401123,568138
2022-01-30,13.097117828530834,13.468324689963335,13.07290972266239,13.153605461120605,403464
2022-01-31,13.153605720255634,13.718485135626953,13.153605720255634,13.613579750061035,724379
2022-02-01,13.61357876064842,13.678136271498415,13.516741724787193,13.637786865234375,122009
2022-02-02,13.637788439661584,13.726555604517811,13.5570911569898,13.710415840148926,238210
2022-02-03,13.710414034267687,13.799181187431858,13.597438776911428,13.621646881103516,401090
2022-02-06,13.621646916510873,13.718483951048267,13.557089406543426,13.59743881225586,77929
2022-02-07,13.597440567912015,13.71848572233337,13.573230921358686,13.710415840148926,532852
2022-02-08,13.7104149628063,14.113899811173193,13.718484844474343,13.839529991149902,1275981
2022-02-09,13.839528466748048,14.606150209872007,13.742692975742894,14.234943389892578,1024743
2022-02-10,14.23494470711912,14.28336399627454,14.121969444101513,14.13810920715332,54594
2022-02-13,14.138108897542933,14.138108897542933,13.855669207011543,13.896017074584961,121588
2022-02-14,13.896016454140328,14.07355075755059,13.734623451880221,13.920226097106934,82401
2022-02-15,13.92022605016664,14.202665727134939,13.79918091408663,14.16231632232666,292836
2022-02-16,14.162317971894234,14.824034435272255,14.041272821715392,14.364060401916504,652295
2022-02-17,14.364060912755185,14.517385595993224,14.315643158796254,14.428618431091309,50475
2022-02-20,14.428615924751726,14.501243312660621,14.20266541941061,14.331780433654785,269230
2022-02-21,14.331782413482689,14.44475768175993,14.121970101558817,14.364060401916504,118423
2022-02-22,14.364058516246411,14.372128397088623,14.178455874392698,14.243013381958008,361004
2022-02-23,14.243014260907602,14.364059402665813,14.162316986677965,14.210736274719238,731801
2022-02-24,14.210736521976052,14.20266664049543,13.31499968686962,14.008994102478027,1115010
2022-02-27,14.00899421299917,14.194596871000224,13.976714686822017,14.017064094543457,120715
2022-02-28,14.017063202884744,14.299501343105646,14.000923440822858,14.267223358154297,231544
2022-03-01,14.267224402703329,14.92893930396272,14.202666888901744,14.864381790161133,1142456
2022-03-02,14.864382444675087,15.937652120867895,14.896660433410888,15.28400707244873,3163651
2022-03-03,15.284005129981576,15.695559823473015,15.211377740590594,15.622932434082031,941449
2022-03-06,15.622931940640603,15.574512656460968,14.953147234545952,15.001564979553223,590298
2022-03-07,15.001566620921079,14.969287094602853,14.549664026673634,14.73526668548584,1333758
2022-03-08,14.73526668548584,14.73526668548584,14.73526668548584,14.73526668548584,0
2022-03-09,14.121969504730727,14.162317373360946,13.734624424859518,13.799181938171387,644213
2022-03-10,13.799181583390933,14.113899260298252,13.823389688277658,13.992854118347168,2195699
2022-03-13,13.992854058126031,14.121969080874514,13.637786975981465,13.645856857299805,455750
2022-03-14,13.645857188952675,13.670066833496094,13.645857188952675,13.670066833496094,618190
2022-03-15,13.670066410553583,13.702344396440298,13.3634170791812,13.419904708862305,1158294
2022-03-16,13.419904669616628,13.960574399397068,13.43604443209902,13.855669021606445,992455
2022-03-17,13.855669021606445,13.879878665330034,13.476393838305004,13.855669021606445,1289938
2022-03-20,13.855669647567272,14.105829820656044,13.573229948055413,13.92829704284668,1123916
2022-03-21,13.92829704284668,14.146179228684902,13.76690248907632,13.92829704284668,4433801
2022-03-22,13.928296553962483,14.105829325540435,13.718484257094458,13.742693901062012,1150331
2022-03-23,13.742693551934968,14.000923591005401,13.57322912681222,13.936366081237793,710140
2022-03-24,13.936366997987253,14.000924512001525,13.791112206662005,13.960575103759766,287488
2022-03-27,13.960573530390814,14.081620202301483,13.734623026391956,13.984783172607422,493637
2022-03-28,13.984783845369748,14.081620879722323,13.678136058402742,13.718483924865723,773628
2022-03-29,13.718484810999382,14.04127238107074,13.573230019674135,13.960575103759766,186735
2022-03-30,13.960574049526157,14.34792064353383,13.952505707659629,14.049341201782227,275816
2022-03-31,14.049340770126987,14.202665426811484,13.879877891032844,14.113898277282715,571590
2022-04-03,14.113899853511814,14.16231760449277,13.928297192107687,14.089690208435059,71049
2022-04-04,14.089689533541721,14.186526570037712,13.718484228514129,13.863739013671875,1172923
2022-04-05,13.86373879189424,13.95250594566452,13.839529148364404,13.847599029541016,75999
2022-04-06,13.847598953985809,13.968644092629638,13.718483934209399,13.81532096862793,594923
2022-04-07,13.815321174451213,13.855669041542786,13.516741724787193,13.637786865234375,1125179
2022-04-10,13.637786865234375,13.79111153069279,13.557089591878764,13.637786865234375,616418
2022-04-11,13.637787409615806,13.774972318044634,13.395697119057889,13.48446273803711,592277
2022-04-12,13.484461463789932,13.670065644129247,13.403765734011188,13.557088851928711,708911
2022-04-13,13.557089978768722,13.67006678035968,13.314999690965626,13.32306957244873,863090
2022-04-14,13.32306957699214,13.411836734164051,12.104545177732984,12.637145042419434,663282
2022-04-17,12.637145665876378,12.98414289102486,12.217521812530899,12.709773063659668,253955
2022-04-18,12.709772082029428,12.911514496029895,12.42733239459428,12.830817222595215,273226
2022-04-19,12.830817889770094,13.153605461120605,12.725912506270884,13.153605461120605,460137
2022-04-20,14.013316318306437,13.411518413706311,12.91288511457051,13.119215965270996,318913
2022-04-21,13.119217042533467,13.789793592202193,12.904288850433847,13.678030014038086,81042
2022-04-26,13.678029884919255,13.712418362535132,13.325547784385021,13.6092529296875,22698
2022-04-27,13.609253136379682,13.970332566773317,13.583461982747563,13.73820972442627,585493
2022-04-28,13.738209389096458,14.185260413866612,13.738209389096458,14.030511856079102,2092636
2022-05-08,14.030511326686792,14.494756982532635,13.669431918730652,13.755403518676758,1214244
2022-05-09,13.755404501034137,14.133678583948736,13.695224868705633,13.806986808776855,402062
2022-05-10,13.806986536339636,14.090691682984561,13.540476038527,13.643641471862793,568171
2022-05-11,13.643641221894473,13.970332164748761,13.420115710485861,13.927347183227539,737142
2022-05-12,13.927347663367778,14.013317629374004,13.592059384695917,13.798389434814453,2041062
2022-05-15,13.798389533506233,13.996124720142019,13.764001874812186,13.815584182739258,64568
2022-05-16,13.815583378603831,13.918749628225193,13.755403749562998,13.841375350952148,626925
2022-05-17,13.841375364018687,14.004721242835084,13.841375364018687,13.935942649841309,1075821
2022-05-18,13.93594305684275,14.185260544410811,13.875763425987548,14.099288940429688,1318365
2022-05-19,14.099289692328043,14.185261300893929,13.600656330372349,13.970333099365234,894044
2022-05-22,13.9703329517068,14.090692218563687,13.849973684849914,13.944540977478027,158873
2022-05-23,13.944540191972866,14.013317146269983,13.892957886193013,13.927347183227539,1004327
2022-05-24,13.927347890566196,13.927347890566196,13.755404676204828,13.884361267089844,855503
2022-05-25,13.88436099677571,13.970332602282616,13.678030127422328,13.721015930175781,33426
2022-05-26,13.721016151302914,13.66943302319026,13.239576628500176,13.359936714172363,470052
2022-05-29,13.35993647266953,13.652238946956698,13.136410954698635,13.248173713684082,207448
2022-05-30,13.2481738901392,13.566267522310227,12.955871411958793,13.32554817199707,152115
2022-05-31,13.325548498506143,13.488893570963786,12.852706291033558,12.981663703918457,1384689
2022-06-01,12.981662684828041,13.402921730099655,12.895691082987076,12.947274208068848,1569129
2022-06-02,12.947274886462719,13.170799587166446,12.809720152332577,12.852705955505371,568097
2022-06-05,12.852705955505371,12.852705955505371,12.852705955505371,12.852705955505371,0
2022-06-06,12.964468117268765,13.084828196618718,12.895691163321926,13.007453918457031,38839
2022-06-07,13.007454921216128,13.084829205342682,12.90428948234273,13.01605224609375,53417
2022-06-08,13.016051739641568,13.411519649878356,13.084828696214402,13.256771087646484,707257
2022-06-09,13.256771073148702,13.316950705112617,13.196591441184784,13.230979919433594,433490
2022-06-12,13.23097977085786,13.574864549484335,13.067633886095797,13.205187797546387,237863
2022-06-13,13.20518850130089,13.222383151091574,12.990260298233508,13.067634582519531,668232
2022-06-14,13.067634582519531,13.213785826196231,12.981663793224195,13.067634582519531,11228
2022-06-15,13.067633498178255,13.153605100225766,12.92148226662906,12.998856544494629,68099
2022-06-16,12.99885762312885,13.145008866805552,13.007454948024193,13.067634582519531,311061
2022-06-19,13.06763439358811,13.145008676755456,12.895691997597348,12.964468955993652,24226
2022-06-20,12.964467703376089,13.102021606878338,12.80971915199309,12.844107627868652,27614
2022-06-21,12.84410982428136,12.895692956858667,12.293894116182479,12.465836524963379,286496
2022-06-22,12.465834551752296,12.62917960926682,12.293892170188077,12.431446075439453,73800
2022-06-23,12.431446491978681,12.431446491978681,12.044575915524861,12.199323654174805,311525
2022-06-26,12.199322340572326,12.379862032795362,11.864034926362324,12.001588821411133,225694
2022-06-27,12.001589725182486,12.035978201534288,11.872633143834712,11.992992401123047,263074
2022-06-28,11.992992417009408,12.070366693874945,11.459970622907429,12.018783569335938,363164
2022-06-29,12.018784332224838,12.035978981457916,11.872633913173685,11.915618896484375,231691
2022-07-03,11.915618508189832,12.027381264904816,10.978532292445987,11.709287643432617,491656
2022-07-04,11.709287078731919,11.846840981936287,11.399790796522092,11.451373100280762,261462
2022-07-05,11.451373083910337,11.743675537744721,11.270833381241212,11.425581932067871,641690
2022-07-06,11.425581848835693,11.58892690249596,11.184862520325746,11.365402221679688,1107991
2022-07-07,11.365402221679688,11.563135750841377,11.348207573986013,11.365402221679688,19824
2022-07-17,11.365403330080433,11.580331527896476,11.348208680709865,11.485762596130371,57277
2022-07-18,11.485761475991698,11.649107349537893,11.365402221679688,11.365402221679688,373438
2022-07-19,11.365402320721001,11.649107451051492,11.365402320721001,11.451373100280762,1465622
2022-07-20,11.451373975848634,11.640511017158957,11.38259701898779,11.391194343566895,425854
2022-07-21,11.391193733567158,11.778064300163946,11.373999085329723,11.588927268981934,3046091
2022-07-24,11.588927513229248,11.812453025711182,11.606122161829076,11.700690269470215,208159
2022-07-25,11.700691084812004,11.778065369130976,11.563137165972067,11.606122970581055,631425
2022-07-26,11.606123278348091,11.872634618082243,11.563137472599221,11.77806568145752,1614512
2022-07-27,11.778065382701277,11.864036992018304,11.545943349362947,11.631914138793945,457741
2022-07-28,11.631912955354023,11.692093403707549,11.425582097848654,11.477165222167969,260935
2022-07-31,11.477166451277366,11.692094655833976,11.528748761234773,11.666302680969238,222152
2022-08-01,11.666301826569178,11.760870754375244,11.60612219606421,11.683496475219727,2722293
2022-08-02,11.683497078570516,11.717885557761504,11.520151187498817,11.528748512268066,1392380
2022-08-03,11.528748796638462,11.692094691739285,11.52015147165715,11.64910888671875,444352
2022-08-04,11.649108378498896,11.950007360743133,11.683496857037836,11.889827728271484,1224218
2022-08-07,11.889827687794531,12.379863710277698,11.950007320061307,12.32828140258789,1184340
2022-08-08,12.328280947426558,12.46583485603554,12.035978481689487,12.08756160736084,645071
2022-08-09,12.087562102022192,12.465835366177034,12.121950580581723,12.336878776550293,3192638
2022-08-10,12.336878252299423,12.431446359347998,12.121950065464143,12.130546569824219,284371
2022-08-11,12.130547175284228,12.465835458641124,12.20792145758859,12.422849655151367,954607
2022-08-14,12.422849719809228,13.308353668808621,12.379863916095742,12.904289245605469,4222370
2022-08-15,12.904288422680567,13.187993561256887,12.89569109850893,12.973065376281738,820104
2022-08-16,12.973065027316464,12.981662351256839,12.732345696187528,12.844107627868652,499088
2022-08-17,12.844107809396597,13.230979193321813,12.809719333035016,12.92148208618164,424768
2022-08-18,12.92148208618164,12.92148208618164,12.92148208618164,12.92148208618164,0
2022-08-21,13.084829294708175,13.282562848927808,12.981663855130188,13.102023124694824,846673
2022-08-22,13.10202220555047,13.196591133443869,12.930079818316077,13.08482837677002,1386218
2022-08-23,13.08482837677002,13.08482837677002,13.08482837677002,13.08482837677002,0
2022-08-24,12.809720313458595,13.05044048629972,12.766735329631118,12.904289245605469,331110
2022-08-25,12.90428948234273,13.196591969093703,12.895692157465106,13.01605224609375,873789
2022-08-28,13.016052210522009,13.205188437996664,13.016052210522009,13.033246040344238,27244
2022-08-29,13.03324550586679,13.26536834809301,13.016051676749658,13.222382545471191,327029
2022-08-30,13.222381953862614,13.497489766515521,13.17939615316411,13.377130508422852,552044
2022-08-31,13.377130508422852,13.531878243097134,13.29115890702584,13.377130508422852,269734
2022-09-01,13.377131221427604,13.506087810510587,13.222382658619226,13.265368461608887,331085
2022-09-04,13.26536916756044,13.325548803016982,13.067634791239445,13.127815246582031,75018
2022-09-05,13.127813787210355,15.302885945744073,13.549072828348395,15.199721336364746,3243576
2022-09-06,15.199722896815262,15.199722896815262,14.615117917742047,15.044974327087402,2165761
2022-09-07,15.044974130663242,15.216917348065355,14.425981499605319,14.468966484069824,1131946
2022-09-08,14.46896538108408,14.615116612802987,14.279829168177463,14.4431734085083,376763
2022-09-11,14.443174460471203,14.615117677289305,14.18526127501609,14.460369110107422,636156
2022-09-12,14.46036813327673,15.130944665841914,14.468965457514072,14.898821830749512,2685723
2022-09-13,14.898821549565746,15.027778131148208,14.804252624511719,14.804252624511719,1533381
2022-09-14,14.804252359001099,14.924613254121734,14.546339200461782,14.666698455810547,529517
2022-09-15,14.666698918182624,14.855836770861163,14.35720344613288,14.4431734085083,473348
2022-09-18,14.443173130545054,14.606519007504172,14.185259968838563,14.211051940917969,783024
2022-09-19,14.211052324674636,14.271231954713121,13.59205891611462,13.927347183227539,1307989
2022-09-20,13.927347293339556,14.185260464049867,13.927347293339556,14.039109230041504,669537
2022-09-21,14.039110232737583,14.271233086818622,14.01331825791567,14.047707557678223,571868
2022-09-22,14.047706703093462,14.142275631915368,13.884360818702524,14.064901351928711,48287
2022-09-25,14.064901282700413,14.211052517536736,13.75540416427715,14.099288940429688,692241
2022-09-26,14.099288219445897,14.35720301820049,14.099288219445897,14.185259819030762,1643224
2022-09-27,14.185260611640393,14.787060202588467,14.202455260472501,14.554937362670898,1465712
2022-09-28,14.554937916331511,14.61511754976112,14.262635434154525,14.391592025756836,1601487
2022-09-29,14.391591758731307,15.096555976864396,14.271232494105266,14.744073867797852,2599938
2022-10-02,14.744075561662099,14.950406456056083,14.49475967918394,14.563536643981934,381108
2022-10-03,14.563533815746588,14.701087718629637,14.529144520139893,14.615116119384766,1594730
2022-10-04,14.615116119384766,14.959000876592386,14.58072682377807,14.615116119384766,1180917
2022-10-05,14.615116351052528,14.787059552267786,14.615116351052528,14.701087951660156,1334692
2022-10-09,14.701089130110685,14.82144839674632,14.683894480656443,14.787060737609863,177238
2022-10-10,14.787060441164034,14.830045424165863,14.632311878722263,14.73547649383545,868422
2022-10-11,14.735477022763554,14.787060971943738,14.31421794309102,14.520548820495605,887137
2022-10-12,14.520548967531548,14.615117902214113,14.46896665760109,14.546340942382812,438353
2022-10-13,14.546339068175568,14.615116019145377,14.529144420490152,14.597921371459961,389539
2022-10-16,14.597924306494837,14.701090573577922,14.537744667268116,14.563536643981934,550507
2022-10-17,14.563535366430216,15.552204763587268,14.529146067161845,15.4490385055542,2806666
2022-10-18,15.449038652744397,15.517815612164366,15.302887409005457,15.474830627441406,2301974
2022-10-19,15.47482999740073,16.334542775034105,15.311484110514233,16.162599563598633,2130221
2022-10-20,16.162598226617853,16.33454142383007,15.732741873359167,15.91328239440918,1174446
2022-10-23,15.913284563438836,16.068033134068166,15.53501046187515,15.603787422180176,1020273
2022-10-24,15.603785472564644,15.86170027131238,15.156734466552734,15.156734466552734,705813
2022-10-25,15.156734666207564,15.474829096921699,15.096555037638595,15.191123962402344,621231
2022-10-26,15.191123962402344,15.191123962402344,15.191123962402344,15.191123962402344,0
2022-10-27,15.483427651262629,15.904686724489991,15.474830326530803,15.77573013305664,610047
2022-10-30,15.775729447663823,15.818714429683403,15.474829654210886,15.517814636230469,341459
2022-10-31,15.517814323371436,15.861700731682717,15.363067407357665,15.767131805419922,648612
2022-11-01,15.767129884618285,15.939073067827263,15.646770640235033,15.810114860534668,828488
2022-11-02,15.810118263834994,16.38612591987376,15.732743978712467,15.999256134033203,3651505
2022-11-03,15.999256363794823,16.704220625237603,15.913284752449387,16.678428649902344,2876113
2022-11-06,16.678425085099285,16.721411701470203,16.248568760020582,16.377525329589844,520023
2022-11-07,16.37752897590996,17.20285415649414,16.360335965305463,17.20285415649414,2467471
2022-11-08,17.202852898122416,17.62411196290207,16.678427578401706,17.05670166015625,1954059
2022-11-09,17.056703921891312,18.268898969383955,16.790193384297698,17.71868324279785,3060685
2022-11-10,17.71867813951563,18.509613838566256,17.710080816292372,18.483821868896484,1228186
2022-11-13,18.483825279314104,18.733142779474502,18.148537810602434,18.22591209411621,1168705
2022-11-14,18.225908731285692,18.879288898535926,18.406447599658897,18.483821868896484,1799369
2022-11-15,18.483823975282746,18.81911142033993,18.33767274337568,18.518213272094727,1589351
2022-11-16,18.518213341408778,19.75619851537922,18.48382404446808,19.111413955688477,4689619
2022-11-17,19.111416526159196,19.291957079836575,18.827711347328016,18.96526527404785,1320768
2022-11-20,18.965262652246995,19.11141388415406,18.483823975282746,18.518213272094727,630597
2022-11-21,18.51821580874424,19.08562616569113,18.311883279152507,18.91368293762207,2938138
2022-11-22,18.91368172869246,19.51548134869604,18.94807102801703,19.22317886352539,1995350
2022-11-23,19.22317935833798,19.592856136732493,19.317746654370655,19.498287200927734,920005
2022-11-24,19.498286335789267,21.312280847065182,19.515480985131223,20.10008430480957,3127908
2022-11-27,20.100083239576986,20.452566973318632,19.773393118253317,19.98832130432129,955453
2022-11-28,19.988320505429787,20.11727708396206,19.524074854987376,19.575658798217773,1811495
2022-11-29,19.575659732716655,20.031306441267045,19.601450065791166,19.61864471435547,1439115
2022-11-30,19.618646963057866,19.859367151233766,19.515482339391145,19.773395538330078,1382925
2022-12-01,19.7733930116659,21.47562384260318,19.76479568749689,20.899616241455078,2211957
2022-12-04,20.89961717637684,21.320876240871225,20.89961717637684,21.295085906982422,2037154
2022-12-05,21.29508529268467,21.707747020721435,21.25209867115671,21.49281883239746,1693190
2022-12-06,21.492817767719394,21.79371754442184,20.899615538194215,20.942602157592773,1251700
2022-12-07,20.942605337761147,21.492821031438908,20.97699299872995,21.140338897705078,1280303
2022-12-08,21.140336830861806,21.40684732645932,20.97699094785664,21.019977569580078,1271261
2022-12-11,21.019977310128034,21.320875459618332,19.601449966430664,19.601449966430664,3568817
2022-12-12,19.60144944721032,20.719076972040767,19.214579705353998,20.254831314086914,2660665
2022-12-13,20.25483261212155,21.46702749921116,17.36619879000921,19.9625301361084,1802197
2022-12-14,19.962531457018596,20.504151461846618,19.799187198852014,20.074295043945312,1705260
2022-12-15,20.074293550430852,20.71907812931125,19.885155691171867,20.33220672607422,2919803
2022-12-18,20.332206884187688,20.92540916050685,19.95393280250005,20.805049896240234,2355761
2022-12-19,20.80505062013376,22.137604817305462,20.80505062013376,21.707748413085938,4774991
2022-12-20,21.70774761714672,23.117676046563073,21.54440173039639,22.765193939208984,2078207
2022-12-21,22.76519494192522,23.03170709514403,21.957066076664493,22.773792266845703,1293210
2022-12-22,22.773789595261256,23.18645130440292,22.35253056220766,22.412710189819336,893095
2022-12-25,22.412710976309313,22.39551632788206,21.40684700012207,21.40684700012207,1073501
2022-12-26,21.406847807940565,22.249365935406416,21.406847807940565,21.733539581298828,754344
2022-12-27,21.733538993638213,22.1204087487582,21.449833850641443,21.49281883239746,838836
2022-12-28,21.49281880629286,22.060229091597236,21.449833824589053,21.931272506713867,954727
2022-12-29,21.93127276608291,22.163395605481327,21.57879066467285,21.57879066467285,722745
2023-01-02,21.578788921685398,21.922673670921963,21.18332023023447,21.26069450378418,1827707
2023-01-03,21.26069454103421,22.19778150920308,21.286486512186574,21.750730514526367,1561324
2023-01-04,21.75073319310348,22.33533815970923,20.727676141315445,22.025842666625977,1928573
2023-01-05,22.025842104267984,23.21224501696894,22.008647455154577,22.326740264892578,1388062
2023-01-09,22.326740177715664,22.6878196088273,21.948467737329747,22.171993255615234,771403
2023-01-10,22.171994573442333,22.335338829774514,20.667497127683685,20.93400764465332,831209
2023-01-11,20.934006894371866,21.922676281053192,20.65030173750206,21.062963485717773,1498919
2023-01-12,21.062963073889264,21.49281946315231,20.28922190117018,20.805049896240234,547793
2023-01-15,20.80505008008102,21.32087643993711,20.8910200468757,20.976991653442383,402506
2023-01-16,20.976990672923957,22.223574810442305,21.062962275472106,21.8109130859375,1081090
2023-01-17,21.810913891373083,22.180589008369246,21.66476265357572,21.78512191772461,518896
2023-01-18,21.78512025470171,22.008645756609106,20.959795198445786,20.994184494018555,778042
2023-01-19,20.994184903077265,21.372458962888828,20.64170281544782,20.762062072753906,853520
2023-01-22,20.76206340042659,21.209114441539498,20.69328644331476,20.87382698059082,702373
2023-01-23,20.873827261061912,21.372460616765572,20.805050303025958,21.062963485717773,617297
2023-01-24,21.062963202705355,21.19191979231854,20.78785537425803,20.87382698059082,981444
2023-01-25,20.873826137850415,21.31227983665112,20.822242192270142,20.98558807373047,981992
2023-01-29,20.985588565947836,24.0633602142334,21.028573548501008,24.0633602142334,3844335
2023-01-30,24.063359603712833,24.106346224947348,22.04303431930468,22.35253143310547,2256987
2023-01-31,22.352533721262994,23.59911798854996,22.266562109765253,23.55613136291504,2509406
2023-02-01,23.556129861761292,23.81404467981846,22.72220905485205,22.78238868713379,1000239
2023-02-02,22.78238892955245,23.47015850547919,22.36112985932582,22.378324508666992,1273742
2023-02-05,22.378324711737097,22.696417528575214,21.166129798308756,22.060230255126953,506391
2023-02-06,22.060230142143748,23.599116829049308,22.352532623011037,23.427173614501953,2142863
2023-02-07,23.427174765554483,23.85703118327108,23.212246556696183,23.55613136291504,1148259
2023-02-08,23.556128420102592,23.6421000208601,22.87695621763927,23.495948791503906,503836
2023-02-09,23.49595033178375,23.90001475012906,23.26382748645321,23.83123779296875,653536
2023-02-12,23.831239704908263,23.98598828087717,22.997318827463985,23.238039016723633,497176
2023-02-13,23.238037817550467,23.616310272873978,22.36113035882659,23.195051193237305,883306
2023-02-14,23.195048990461682,23.556128401541176,22.825372255336024,23.00591278076172,665203
2023-02-15,23.00591569061349,23.38418979763047,22.876959093154007,23.01451301574707,472383
2023-02-16,23.014512091624248,23.203648317652124,22.53307174210813,22.619043350219727,751168
2023-02-19,22.619044549282957,22.868362062046003,22.180590800465687,22.257965087890625,916782
2023-02-20,22.257963538047342,22.22357587923744,20.848035091629157,21.028573989868164,1156387
2023-02-21,21.02857315852714,21.793718624005415,20.891019249181554,21.49281883239746,1070881
2023-02-22,21.49281883239746,21.914077884739818,21.23490566231747,21.49281883239746,699948
2023-02-23,21.49281883239746,21.750732002477452,21.24350134685112,21.49281883239746,279606
2023-02-26,21.492818715145233,22.610444632424013,21.53580369666675,22.40411376953125,1680174
2023-02-27,22.404113097856243,22.91134373550866,22.352530793622474,22.498682022094727,918661
2023-02-28,22.49868279635538,22.43850316604967,21.604580746750706,22.421308517456055,1122310
2023-03-01,22.421308676765815,24.07195723872651,22.35253172167462,22.541667938232422,4017198
2023-03-02,22.54166820010009,22.945734250755393,22.18058877173364,22.189186096191406,890730
2023-03-05,22.189186624051544,24.114943074560596,22.180589299389254,23.900014877319336,2475906
2023-03-06,23.90001316452834,24.923071769215554,22.99731545671555,23.00591278076172,6812225
2023-03-07,23.005915372534645,23.212246253571518,21.83670540688694,21.965662002563477,3116527
2023-03-08,21.965662306259823,23.169261588607295,21.71634643647443,23.01451301574707,1453465
2023-03-09,23.01451221925164,23.212245771164415,22.421309923741266,22.687820434570312,689558
2023-03-12,22.687818975645083,22.773790578705086,21.49281877640404,21.879690170288086,951340
2023-03-13,21.87969163068257,22.343935694558187,21.148935415554966,21.707748413085938,1160278
2023-03-14,21.707748413751474,21.664763429237023,20.805050620771617,21.16613006591797,772064
2023-03-15,21.166128968201416,21.57019337690665,19.77339356921772,20.16026496887207,1088371
2023-03-16,20.160266976510606,20.633108387822688,19.352136438851353,19.773395538330078,1257193
2023-03-19,19.773393122825038,20.45256697804738,17.391988427096063,18.569795608520508,3154462
2023-03-20,18.5697981212561,19.764798473042404,18.26889829202132,18.91368293762207,3202669
2023-03-21,18.91367990441852,20.1172773885635,18.82770830417133,19.764795303344727,2042123
2023-03-22,19.764797629906248,20.117279756616536,18.870697145495686,18.93947410583496,2309530
2023-03-23,18.939471757464545,19.558464323766987,18.784723205945966,19.257564544677734,1389976
2023-03-26,19.257568008545903,19.773396059799452,19.334942298222543,19.506885528564453,1298642
2023-03-27,19.506882778231393,19.730408290251482,19.506882778231393,19.61864471435547,1504446
2023-03-28,19.61864561874586,19.876560439784036,19.343537788122745,19.610048294067383,2357232
2023-03-29,19.61004840246475,21.492819883385483,19.58425806805878,21.062963485717773,3716508
2023-03-30,21.06296203974791,21.836703174478142,20.22904127583904,21.234905242919922,2956466
2023-04-02,21.234905404423625,21.66476177585105,20.916810968067683,21.35526466369629,945775
2023-04-03,21.355265305919907,21.828106672801212,21.492819217731633,21.69915008544922,887155
2023-04-04,21.699151496913895,21.914079703071646,21.277892409617355,21.424043655395508,944352
2023-04-05,21.424042925349532,21.458430584481494,20.762063679395972,21.062963485717773,914201
2023-04-06,21.062960664431255,21.191917238504026,20.564327375517223,20.63310432434082,940699
2023-04-09,20.633108681126643,20.79645458398843,20.306418515175217,20.418180465698242,540057
2023-04-10,20.418179079821684,21.17472562527959,20.54713567237141,21.097352981567383,1010154
2023-04-11,21.097353477787095,21.432640954256918,21.097353477787095,21.372461318969727,394491
2023-04-12,21.37245921241581,21.621775053999485,21.234905305382348,21.338069915771484,1196499
2023-04-13,21.338071521961172,22.18058967590332,21.32087687234471,22.18058967590332,2222388
2023-04-18,23.309948185758483,22.939518903511964,22.180590197625545,22.424531936645508,2030855
2023-04-19,22.4245299887351,22.758820682420186,22.361286222615497,22.415494918823242,782363
2023-04-26,22.41549632263834,22.39742790494644,21.909544438731913,22.13541603088379,1264302
2023-04-27,22.13541619060677,22.334182572759804,22.045067208441388,22.17155647277832,1893641
2023-04-30,22.171555737663997,22.587158629276228,21.88243865966797,21.88243865966797,1642887
2023-05-01,21.88243865966797,21.88243865966797,21.88243865966797,21.88243865966797,0
2023-05-02,20.98798954356207,21.231931295433295,20.780188076381524,21.015094757080078,451412
2023-05-03,21.01509290622651,21.322278405988186,21.01509290622651,21.06930160522461,431162
2023-05-07,21.069300928016656,21.096406138276226,20.689836600699742,20.753080368041992,723492
2023-05-08,20.753081129943336,21.195789240855504,20.780186341198014,21.132545471191406,1760707
2023-05-09,21.13254501720937,21.67463716781299,20.78018589478557,20.906673431396484,3374870
2023-05-10,20.906673431396484,21.123509946985244,20.689836915807728,20.906673431396484,1802575
2023-05-11,20.90667349481538,21.403592019069162,20.780185957820773,20.87957000732422,4420415
2023-05-14,20.879569241401867,21.67463643847375,20.95184807749931,21.502973556518555,2582997
2023-05-15,21.50297648450054,21.68367446098083,20.85246687104602,20.960886001586914,2672282
2023-05-16,20.960883088648984,21.05123034106993,20.373615608332532,20.491069793701172,2115229
2023-05-17,20.491070290797186,21.051230851754966,20.54527898821749,20.725976943969727,2148558
2023-05-18,20.725976560680245,20.870534233303335,20.527208468375957,20.5994873046875,1160446
2023-05-21,20.599489423923618,20.85246623867149,20.563350863681674,20.689838409423828,879617
2023-05-22,20.68983644342569,20.906672954063723,20.59948746651066,20.63562774658203,647692
2023-05-23,20.635628023762482,20.95184858558091,20.53624397549467,20.78018569946289,1418148
2023-05-24,20.780186802166003,21.340349117677732,20.780186802166003,21.32227897644043,5015138
2023-05-25,21.32227854384494,21.331313614280287,20.987987830791166,21.14158058166504,545043
2023-05-28,21.141582051274618,21.981824704270828,21.475872787565862,21.900510787963867,4377966
2023-05-29,21.900510350450734,21.954719052484567,21.439732075004255,21.674638748168945,1012379
2023-05-30,21.674637776102344,22.406461252160646,21.864370809606935,22.13541603088379,5528867
2023-05-31,22.13541356876665,22.361285135794883,21.77401940617414,21.89147186279297,3831401
2023-06-01,21.891473833664318,21.963752672690024,21.683672386873344,21.864370346069336,1067295
2023-06-04,21.864370809606935,22.18058966000877,21.77402182809349,22.13541603088379,757990
2023-06-05,22.135416894414533,23.04793836909835,22.316114864490686,22.5419864654541,2749006
2023-06-06,22.54198541672136,23.49064540732726,22.587159045506983,22.98469352722168,2788856
2023-06-07,22.984694159590283,23.933354176296284,22.984694159590283,23.337053298950195,3454671
2023-06-08,23.337053245831775,24.511584856533762,23.35512338710744,24.258609771728516,3553762
2023-06-11,24.25860999982103,24.647109424583135,24.105017244060747,24.394132614135742,1674305
2023-06-12,24.39413155083452,24.39413155083452,23.761690413914906,23.906248092651367,473854
2023-06-13,23.906248563962407,25.026573181152344,23.806866234911435,25.026573181152344,2530391
2023-06-14,25.026572584959933,25.207268821006586,24.303782470982956,24.809734344482422,1424779
2023-06-15,24.809734877825687,24.809734877825687,23.761690827129197,24.041772842407227,1311472
2023-06-18,24.041773152047167,24.403167359827428,23.80686648617412,24.19536590576172,410342
2023-06-19,24.195364976144642,24.394131351971048,23.580993984891368,23.779760360717773,1053703
2023-06-20,23.77976173411858,23.89721593095769,23.45450607919618,23.490646362304688,1222353
2023-06-21,23.490645301164815,23.707481820230104,22.993728493714794,23.002761840820312,1019482
2023-06-22,23.00276150789682,23.038901788849703,22.496809637400553,22.80399513244629,1407739
2023-06-25,22.803996076096283,23.400296950386785,22.731717234462995,23.309947967529297,645332
2023-06-26,23.309946200467063,23.400295176475446,22.948552019696912,23.382225036621094,894674
2023-07-04,23.382225882824184,23.553888771126257,22.78592503215745,22.813030242919922,692298
2023-07-05,22.813030807339416,23.075042681402067,22.108310819450708,22.13541603088379,544564
2023-07-06,22.13541785973352,22.496812092382562,21.819197259941742,22.117347717285156,350492
2023-07-09,22.117345559574215,22.451636269201817,21.23192934514706,21.936649322509766,406020
2023-07-10,21.93665033726481,22.93048399525113,21.710778738038183,22.46067237854004,1378189
2023-07-11,22.46067282816212,23.264775186061254,22.496811388664767,22.731718063354492,1838898
2023-07-12,22.731716797552025,22.94855331828422,21.963753042919155,22.072172164916992,818739
2023-07-13,22.072170878489683,22.496808824766553,22.09024101831339,22.415494918823242,723264
2023-07-16,22.415495099139886,22.67750695890122,22.415495099139886,22.496809005737305,546900
2023-07-17,22.49681133598053,22.858205556478552,22.343218576860924,22.677509307861328,1243547
2023-07-18,22.67750792385411,23.120216032353678,22.596194013796694,23.002761840820312,999295
2023-07-19,23.002761840820312,23.002761840820312,23.002761840820312,23.002761840820312,0
2023-07-24,23.084077546980126,23.174426534436314,22.67750968832269,22.849172592163086,490535
2023-07-25,22.849170065447687,22.984692670013754,22.505844295732675,22.587158203125,202030
2023-07-26,22.587157882300687,22.668471788538042,22.225763700836556,22.433565139770508,132731
2023-07-27,22.433566752649995,22.58715950622285,22.316114281453583,22.32514762878418,89211
2023-07-30,22.325148873045567,23.716518803341465,22.325148873045567,22.94855499267578,1140742
2023-07-31,22.948552742172584,23.734586617949365,23.056971861448616,23.671342849731445,1530228
2023-08-01,23.671344331320142,23.761691592564322,23.309948393289233,23.490646362304688,554618
2023-08-02,23.490646362304688,23.580995346812415,23.102146935205944,23.490646362304688,469670
2023-08-03,23.49064618851966,23.49064618851966,23.246704449132555,23.409332275390625,90680
2023-08-06,23.40933142840454,23.897214889526367,23.309947377450804,23.897214889526367,746740
2023-08-07,23.89721625419373,24.67421339563741,23.62616929700434,24.629039764404297,1876337
2023-08-08,24.629037133983427,24.610966994114676,24.141153697107406,24.303781509399414,521215
2023-08-09,24.303781828380412,25.017536853193544,24.123085597111444,24.457374572753906,1292619
2023-08-10,24.457375565737188,24.57482975793096,23.960458755493164,23.960458755493164,1481847
2023-08-13,23.96045910591363,24.213434188313542,23.942388964809776,24.12308692932129,232113
2023-08-14,24.123086438836033,24.385096586460524,23.870109638316293,23.888179779052734,498503
2023-08-15,23.888179755424968,24.159224973149588,23.445471647400908,23.924318313598633,532597
2023-08-16,23.92431994372913,24.11405298767497,23.68037819719744,23.734588623046875,434959
2023-08-17,23.73458810349649,23.833970435517795,23.364158817952,23.490646362304688,515783
2023-08-20,23.4906462430776,23.75265812449381,23.409332329759707,23.46354103088379,133905
2023-08-21,23.46353928519345,23.94238765874314,23.490644495370628,23.499679565429688,433213
2023-08-22,23.49968188262445,23.80686740186897,23.535820443160734,23.76169204711914,261624
2023-08-23,23.76169006488968,24.105015839293408,23.653272669061565,23.662307739257812,695092
2023-08-24,23.66230791705807,23.85203922281465,23.571958937680126,23.743621826171875,335158
2023-08-27,23.743620163286607,23.915281316492614,23.671341329498993,23.87914276123047,101865
2023-08-28,23.87914276123047,24.114049401856054,23.770723648917382,23.87914276123047,430879
2023-08-29,23.87914532773017,24.39413228922498,23.87914532773017,24.19536590576172,1029872
2023-08-30,24.195365770473195,24.3037831705693,23.852039982554018,24.12308692932129,550684
2023-08-31,24.12308692932129,24.12308692932129,24.12308692932129,24.12308692932129,0
2023-09-03,23.76168970408877,24.07791026310221,23.44547086833874,23.499679565429688,458630
2023-09-04,23.49967924113714,24.93622261869869,23.553887937480013,24.303781509399414,2797949
2023-09-05,24.303782815127736,24.683247156441464,23.960458755493164,23.960458755493164,746779
2023-09-06,23.960458289066704,24.746490444388748,24.21343336284233,24.656143188476562,1527563
2023-09-07,24.656143131501636,25.659011800569708,24.457375033121874,25.64997673034668,3099484
2023-09-10,25.64997673034668,25.64997673034668,25.64997673034668,25.64997673034668,0
2023-09-11,26.74319685176744,26.734161781290986,25.84874555376029,26.02040672302246,1347633
2023-09-12,26.020405551512127,26.15592987929378,25.315687318711902,25.38796615600586,1451953
2023-09-13,25.38796692111042,25.83971009862746,25.297617940954318,25.767431259155273,779518
2023-09-14,25.76743185578368,26.381802867154377,25.749361714681363,26.110755920410156,742413
2023-09-17,26.11075547071356,26.201104451405584,25.83971025190096,25.884883880615234,481337
2023-09-18,25.88488421602322,26.101720738535693,25.776466816398734,26.002338409423828,286736
2023-09-19,26.00233937939474,26.652848971198257,25.84874662147763,26.51732635498047,696615
2023-09-20,26.51732635498047,26.51732635498047,26.51732635498047,26.51732635498047,0
2023-09-21,26.51732635498047,26.51732635498047,26.51732635498047,26.51732635498047,0
2023-09-24,26.51732635498047,26.51732635498047,26.51732635498047,26.51732635498047,0
2023-09-25,27.782206836903807,27.99000829559658,27.240114651531023,27.465986251831055,1354834
2023-09-26,27.465986063755008,27.78220664666241,27.249149535743413,27.33949851989746,447608
2023-09-27,27.33949851989746,27.33949851989746,27.33949851989746,27.33949851989746,0
2023-10-01,27.33949851989746,27.33949851989746,27.33949851989746,27.33949851989746,0
2023-10-02,26.345663844329497,26.65284936469898,24.592899708679557,25.74936294555664,1316569
2023-10-03,25.7493616052576,26.146896091501674,25.05367668514635,25.071746826171875,463687
2023-10-04,25.07174459487822,25.83970828748211,24.93622199577479,25.830673217773438,238369
2023-10-08,25.830674825555356,25.7493609163794,23.490645046521557,24.755525588989258,712158
2023-10-09,24.755524782365907,25.297616918121182,24.755524782365907,25.28858184814453,264325
2023-10-10,25.28858424797961,25.785502804271584,25.098852930255013,25.56866455078125,525583
2023-10-11,25.568663404421716,26.092685426458022,24.93622398376465,24.93622398376465,3044958
2023-10-12,24.936224561984186,25.478316737448445,24.981398191913073,25.234375,852705
2023-10-15,25.234372343875652,26.183032258636235,25.234372343875652,25.776464462280273,815893
2023-10-16,25.776466439329607,27.050382067494684,25.975232817909195,26.761266708374023,2571403
2023-10-17,26.76126679126518,28.82121459301216,26.390835797573043,27.791240692138672,3559841
2023-10-18,27.791240106926473,29.724702052031976,27.791240106926473,28.459819793701172,3107789
2023-10-19,28.459819793701172,28.459819793701172,28.459819793701172,28.459819793701172,0
2023-10-22,27.854484574163944,28.36947152667934,27.149764588832433,27.899658203125,896367
2023-10-23,27.899660018472797,28.459822359660834,27.69185855450933,27.836416244506836,1189500
2023-10-24,27.83641482236611,28.893493953507278,27.863520034079706,28.071321487426758,1754165
2023-10-25,28.071321472497143,29.815050456750466,28.233949296165214,29.08322525024414,3317547
2023-10-26,29.08322358544209,29.787945263172578,28.730864469840256,29.137434005737305,906045
2023-10-29,29.137435505755644,30.357140729711364,29.137435505755644,29.8511905670166,2940133
2023-10-30,29.851189938270856,30.22161920523886,29.182608520400183,29.544004440307617,617364
2023-10-31,29.544004793022072,31.486498407766167,29.272959573119056,30.718536376953125,2918480
2023-11-01,30.718534507959056,31.170277662487866,29.453652296667688,29.769874572753906,691467
2023-11-02,29.769875483987423,30.71853544823034,29.82408245841299,30.22161865234375,363920
2023-11-05,30.221618159351365,31.396149688612816,30.36617583300621,30.989580154418945,690763
2023-11-06,30.989581385296365,31.33290716631075,30.36617703912259,30.546875,501069
2023-11-07,30.546876683658137,30.89923583120032,30.447492627371442,30.537839889526367,522449
2023-11-08,30.5378360943852,30.890195198137356,30.447488843458334,30.583009719848633,331824
2023-11-09,30.58301204386684,32.52550910514607,30.447491157178245,31.730440139770508,2413752
2023-11-12,31.730440139636972,32.52550910500919,30.718536376953125,30.718536376953125,396305
2023-11-13,30.718536362602347,36.320152506264634,30.718536362602347,34.513179779052734,2368656
2023-11-14,34.51317697560928,35.37148964062112,32.97724959293439,33.1579475402832,863287
2023-11-15,33.157953449979814,33.80846135123732,31.902107834194283,32.209293365478516,659957
2023-11-16,32.20928698738218,33.700037268820296,32.10086615320272,32.85076141357422,536480
2023-11-19,32.85076498841863,33.42899571419279,32.57971976652787,32.79655456542969,271930
2023-11-20,32.79654966117001,33.609688651775855,32.13700512280148,32.23638916015625,444158
2023-11-21,32.2363920424803,33.70003890991211,32.25446218239017,33.70003890991211,1094713
2023-11-22,33.70004212683389,34.78422649923227,33.428996895366076,33.43803024291992,2165393
2023-11-23,33.4380300261047,34.24213581426751,33.11277781836855,33.221195220947266,1000925
2023-11-26,33.221195156059565,33.77232240842613,33.04049718776325,33.24829864501953,333372
2023-11-27,33.24829802472517,33.410925848505094,32.877868747565806,32.94111251831055,316322
2023-11-28,32.94111221506191,33.28443800060638,32.52550931212895,32.706207275390625,659678
2023-11-29,32.706206402720376,32.95918147662062,32.10086875892451,32.344810485839844,567889
2023-11-30,32.34481106297185,32.97725220553406,32.19122003579956,32.516475677490234,845642
2023-12-03,32.51647553350914,32.932078430928314,32.34481091975088,32.525508880615234,422473
2023-12-04,32.52550789002814,34.11564231484659,32.52550789002814,33.898807525634766,1099916
2023-12-05,33.898810945655065,34.90168142488725,33.79039354011101,33.8084602355957,2633100
2023-12-06,33.808459391688274,34.04336778545177,33.067600820330334,33.23926544189453,589459
2023-12-07,33.23926417593526,33.23926417593526,32.23639375993174,32.57971954345703,1199268
2023-12-10,32.579722865772546,33.248300913601796,32.371921394337654,32.38095474243164,538748
2023-12-11,32.380950783869714,32.570682089394715,31.188349082674133,32.389984130859375,428809
2023-12-12,32.38998557468606,32.96821975708008,32.1189403480643,32.96821975708008,769353
2023-12-13,32.9682198958937,33.4289964384381,32.525510048210045,33.16698455810547,594325
2023-12-14,33.16698088671364,33.510306642023714,33.08566698273301,33.1579475402832,541781
2023-12-17,33.15794741699332,33.898805896494736,33.16698076339017,33.212154388427734,299657
2023-12-18,33.21215608096103,34.422827904909155,33.43802766418622,33.96205139160156,1061707
2023-12-19,33.96204830107937,34.77518730530574,33.8897677466919,34.242130279541016,1106341
2023-12-20,34.24213484415254,35.13658442150867,33.96205282835486,34.702911376953125,1671684
2023-12-21,34.70290964261368,34.96492150431117,33.25733289967378,33.862667083740234,1906822
2023-12-24,33.862667083740234,33.862667083740234,33.862667083740234,33.862667083740234,0
2023-12-25,33.40188906749281,33.519339803072285,32.570679892896024,33.07663345336914,844817
2023-12-26,33.07663902150851,33.392857895957505,31.712372571109174,32.01052474975586,3598391
2023-12-27,32.010517496600045,32.75137593160669,31.84788969901064,32.17314529418945,3038160
2023-12-28,32.17315075294607,33.65486787435945,32.20025424163408,33.13084411621094,1196665
2023-12-31,33.1308424089548,34.54931913251004,33.3838209276059,34.01626205444336,1173729
2024-01-02,34.01625969266903,34.90167583015561,34.18792084447379,34.78422164916992,981801
2024-01-03,34.78422142290493,34.955882573593065,34.37765191177345,34.6125602722168,396793
2024-01-04,34.61256016929054,34.78422131946821,34.20599065936806,34.54931640625,1014726
2024-01-08,34.54931946345719,34.78422439746172,34.24213396728087,34.29634094238281,789705
2024-01-09,34.29634186857933,34.68484128442717,34.32344880338925,34.63063430786133,337966
2024-01-10,34.6306338582301,34.69387762775378,34.251167794561084,34.404762268066406,503605
2024-01-11,34.40476241255135,34.64870069800885,34.24213459122837,34.6035270690918,398767
2024-01-14,34.603523479454644,34.78422142290493,34.4499324677642,34.6125602722168,325799
2024-01-15,34.61256432408465,35.95875709499975,34.513180271226425,34.87457275390625,1117469
2024-01-16,34.87457446568304,35.77806088651967,34.97395852341941,35.687713623046875,763383
2024-01-17,35.687710361587705,37.48564969121293,35.80516455059007,35.97682571411133,1993472
2024-01-18,35.976828085070125,37.03390896270185,35.05527154572072,35.14562225341797,2010196
2024-01-21,35.145619232941094,35.77805689983357,34.784223326265284,35.65156936645508,1682386
2024-01-22,35.65156861942309,36.21173260768577,35.17272198265901,35.2811393737793,1993366
2024-01-23,35.28114099855797,35.77805779781406,34.10660944217264,34.16985321044922,1470658
2024-01-24,34.169850705358556,34.91070917644991,33.65486380341765,34.78422164916992,1539453
2024-01-28,34.78422257839105,35.77805613059154,34.3866898468162,35.235965728759766,2414409
2024-01-29,35.23597344494212,35.51605550025437,34.73905656002407,35.299217224121094,1075033
2024-01-30,35.29921005574323,35.55218512108631,34.603525179523004,35.525081634521484,2021176
2024-01-31,35.52508454024948,36.229802820790574,32.52551000445013,33.031463623046875,1754525
2024-02-01,33.031460492359635,34.04336418711889,30.73660445460543,33.428993225097656,1983097
2024-02-04,33.42899678734029,34.24213592564319,32.86883618458001,33.329612731933594,759954
2024-02-05,33.329612839638216,34.142751980568775,33.38382326454263,33.43803024291992,674373
2024-02-06,33.438028094017206,34.332481091558584,33.42899474704389,34.14274978637695,978039
2024-02-07,34.14275293389583,37.03391019217543,34.03433208105971,35.877445220947266,5146202
2024-02-08,35.87744127989682,38.325888403124274,36.19366356280844,37.56696319580078,7233734
2024-02-11,37.56696514694777,37.93739442303504,36.41953703650015,36.645408630371094,791675
2024-02-12,36.64540748312029,36.95259297902885,34.449935383705814,36.13945388793945,861073
2024-02-13,36.1394536116441,36.862241994571605,35.687710441498545,35.994895935058594,723649
2024-02-14,35.99489695975953,37.83800997358948,35.868409419962234,36.6002311706543,1625343
2024-02-15,36.60023453407007,36.95259714427793,35.94972663440104,36.28401565551758,801871
2024-02-18,36.28401565551758,36.28401565551758,36.28401565551758,36.28401565551758,0
2024-02-19,36.28401271694521,36.699615622677406,36.112351546280266,36.690582275390625,1984984
2024-02-20,36.69058003796949,37.85607821893098,36.69058003796949,37.49468231201172,3663449
2024-02-21,37.49468579554052,37.74766088597115,37.051975940759796,37.37723159790039,822029
2024-02-22,37.377231649090426,37.585033108875486,37.04294264391682,37.304954528808594,509634
2024-02-25,37.30494918805538,36.229798313122174,33.98011941443856,34.78422164916992,1277779
2024-02-26,34.784228854709205,36.681549049991496,34.42283289059479,36.59120178222656,2293583
2024-02-27,36.591198253503926,37.51275477124949,36.14848841248348,36.78092956542969,2716689
2024-02-28,36.78092913316199,38.12712533499101,36.59119782346605,36.6002311706543,3014684
2024-02-29,36.600231595141224,37.485651277045264,34.87457275390625,34.87457275390625,3294346
2024-03-03,34.8745742980236,35.958758687120785,34.92878472376297,35.60639953613281,848791
2024-03-04,35.606399149255196,36.32015423769605,35.308250427246094,35.308250427246094,999879
2024-03-05,35.30824577836682,35.86840631172474,34.68483803406407,34.91974639892578,1859626
2024-03-06,34.91975074703717,36.500851947418695,34.06143797752463,35.208866119384766,2863451
2024-03-07,35.20886388332483,35.50701258426773,34.10660944217264,34.16985321044922,2545621
2024-03-10,34.16985204781284,35.94972118553387,34.33247985971256,35.416664123535156,1482928
2024-03-11,35.41666723191688,38.542729318970686,36.780930166448634,37.04294204711914,4503070
2024-03-12,37.04293833023463,37.48564813406772,35.02816429317336,35.235965728759766,1945957
2024-03-13,35.23596991594458,35.59736585779589,34.55835510986872,35.48894500732422,1080906
2024-03-14,35.48894264830408,36.32015188069912,34.44993541596891,36.229801177978516,752409
2024-03-17,36.22980005991494,37.01583563995582,35.65156936645508,35.65156936645508,416925
2024-03-18,35.651571014719664,35.77805855394601,34.44993594554246,34.540283203125,1020802
2024-03-19,34.54028283170421,34.47703906277112,31.631055674674204,34.332481384277344,2383547
2024-03-20,34.33247681689656,35.05526511321014,33.925907323180645,34.00722122192383,688731
2024-03-21,34.00722921365799,35.41666930758421,33.89881180536437,34.26020431518555,391679
2024-03-24,34.26020099832882,35.05526995740547,34.26020099832882,34.413795471191406,158443
2024-03-25,34.41379241362424,35.02816335743561,34.41379241362424,34.78422164916992,649357
2024-03-26,34.78422164916992,35.41666273209652,34.558350080019466,34.78422164916992,995218
2024-03-27,34.784225031286994,35.326315471345616,34.56738678734737,34.6035270690918,1820229
2024-03-28,34.60352607819801,34.73905040759532,33.98012174532948,34.13371276855469,1337422
2024-03-31,34.133712554876084,34.142749348260324,31.84789323547392,32.11893844604492,450548
2024-04-01,32.1189394885374,32.67006672095173,31.658162960263834,32.561649322509766,467158
2024-04-02,32.56164948257034,33.4289955674235,32.127976440143755,32.5977897644043,243996
2024-04-03,32.59778965265612,32.787520961843526,32.173149958880245,32.69717025756836,199578
2024-04-04,32.69716695508329,33.06759618887991,32.52550580408907,32.85076141357422,382908
2024-04-07,32.850765418103414,33.51934341107709,32.56165005143474,32.97725296020508,422536
2024-04-08,32.977255659312505,34.332485343941784,33.06760292634353,34.32345199584961,383624
2024-04-15,34.323446081486715,35.326312980222816,33.44706326688286,35.235965728759766,1259790
2024-04-16,35.235972494444354,35.59736846274191,34.24213875141713,34.69388198852539,2364858
2024-04-17,34.693875326927994,35.326312980222816,34.71194201999923,35.235965728759766,981798
2024-04-18,35.235966796875,35.73288358803838,32.525507812499995,33.8807373046875,2847561
2024-04-21,33.88073981079308,35.145622142340194,33.203125014577225,33.24829864501953,1801818
2024-04-22,34.66111798668919,34.378555237579114,32.79619953098637,32.871551513671875,1503041
2024-04-23,32.87154765895098,33.05992040761441,31.147908983437574,31.562334060668945,953532
2024-04-24,31.562334240218267,31.920248932078636,29.273571916224626,30.149517059326172,2854619
2024-04-28,30.149517059326172,30.149517059326172,30.149517059326172,30.149517059326172,0
2024-04-29,29.19822102525598,30.611038171639333,29.038101676806267,30.300216674804688,330141
2024-04-30,30.300217776580993,31.27035469559994,28.275181948918394,29.113452911376953,1396381
2024-05-02,31.081981023152668,33.907615661621094,30.611041916741264,33.907615661621094,2167285
2024-05-07,33.907613417681524,33.766330257915854,31.081978966208066,32.02385711669922,840416
2024-05-08,32.02385759158132,32.43828269047013,31.60001169897908,31.741294860839844,156559
2024-05-09,31.74129415164442,31.976763687497897,30.42266331367297,31.10081672668457,108305
2024-05-12,31.100815250493515,31.552916306715744,30.328475496991395,30.611038208007812,89440
2024-05-13,30.611038870647548,30.75232202570403,29.226478682311562,29.876373291015625,286539
2024-05-14,29.876373661879864,30.611039250631404,29.669161119842745,29.801023483276367,165576
2024-05-15,29.801023795763086,30.50743240126182,29.735092613354936,30.4509220123291,196860
2024-05-16,30.450921906861964,31.45873122644453,30.14010039688867,31.41163444519043,184044
2024-05-19,31.41163437024508,33.53086017434503,29.57497308458577,29.866954803466797,2468621
2024-05-20,29.866954106194985,30.714645845236795,29.622067377682832,30.432083129882812,1737431
2024-05-21,30.432083864521516,30.61103941687044,29.857537626743465,30.177776336669922,899589
2024-05-22,30.177775307091657,30.32847565997559,29.782186431648846,30.093006134033203,354851
2024-05-23,30.093007793794662,30.611040060843706,29.998819618924834,30.027074813842773,550806
2024-05-26,30.027074813842773,30.027074813842773,30.027074813842773,30.027074813842773,0
2024-05-27,30.3378935509129,30.582783875537974,30.16835520093551,30.319055557250977,352958
2024-05-28,30.319057061766184,30.319057061766184,29.81044378308518,30.224870681762695,2377762
2024-05-29,30.224869190945977,30.611039078680907,30.196613996934612,30.42266273498535,648674
2024-05-30,30.422662794802026,30.55452515775421,29.047521591186523,29.047521591186523,1889792
2024-06-02,29.047522198177273,29.68799962559724,28.727283484467293,28.830890655517578,476546
2024-06-03,28.83088991506062,29.951723587769457,28.36936985044699,28.981590270996094,240288
2024-06-04,28.981591197356366,30.2437080660254,29.09461556967568,29.27357292175293,3886915
2024-06-05,29.273571383080707,29.43369073252524,28.548324812273705,29.19822120666504,3349344
2024-06-06,29.19822120666504,29.43369073252524,29.104033037022976,29.19822120666504,327592
2024-06-09,29.198223372637212,29.386599725895408,27.08841647999965,27.7854061126709,1846286
2024-06-10,27.7854050433519,27.973781389360443,27.229696798765662,27.427492141723633,1024864
2024-06-11,27.427492694242243,28.020875142089714,27.455747889169736,27.794824600219727,290402
2024-06-12,27.79482422125685,27.964362574470307,27.549935688447405,27.76656723022461,126336
2024-06-13,27.766565933394336,28.444719314575195,27.7006347538884,28.444719314575195,317433
2024-06-23,28.44472095583862,30.799416339716316,28.256344606532398,30.752323150634766,1182170
2024-06-24,30.75232293062221,30.74290213708529,28.651933297897795,28.727283477783203,2213792
2024-06-25,28.727284503469946,29.038104231156083,28.55774614355204,28.915660858154297,855139
2024-06-26,28.915659313070726,29.29241020581801,28.73670196533203,28.73670196533203,1546717
2024-06-27,28.736702297147456,29.763349614544463,28.783795485600905,29.348922729492188,1889653
2024-07-02,29.188804596307538,29.48078632922723,28.82147268081212,28.915660858154297,1350200
2024-07-03,28.915659071053785,29.46194831008753,28.727282728011826,28.774375915527344,890222
2024-07-04,28.77437615636178,29.339503393727682,28.70844497469225,28.73670196533203,1162557
2024-07-07,28.73670144575281,29.04752115121073,28.604839084797913,28.642513275146484,436234
2024-07-08,28.642513887162593,28.96275259617281,28.067967651028393,28.529489517211914,550163
2024-07-09,28.52948824372865,29.471366334894498,28.067966398146282,29.169963836669922,2379467
2024-07-10,29.16996569287987,29.593811579471588,28.689607620239258,28.689607620239258,725430
2024-07-14,28.68960704165873,29.235898082911056,28.868564389776218,29.217060089111328,510029
2024-07-15,29.21706138330605,29.433692932128906,29.019266032627318,29.433692932128906,4627443
2024-07-16,29.433692335045937,30.498015655915605,29.546718504068117,29.8575382232666,3968234
2024-07-17,29.857537851127535,30.89360237121582,29.92346903369788,30.89360237121582,1840628
2024-07-18,30.89360150234389,31.56233410273809,30.903022295577543,31.08197784423828,1740101
2024-07-21,31.08197856423987,31.5435004329231,30.243707596020496,30.62045669555664,644251
2024-07-22,30.62045806893834,31.176166339185112,30.328478132473503,30.563947677612305,465196
2024-07-23,30.56394619287158,31.176164824703925,30.5356874056012,30.865346908569336,1477639
2024-07-24,30.865346908569336,31.364541170260008,30.827670920862133,30.865346908569336,844573
2024-07-28,30.86534717667995,31.03488552985512,30.62987764093443,30.89360237121582,397004
2024-07-29,30.893602068251028,32.68317195955914,30.855926080586027,31.55291748046875,1813402
2024-07-30,31.552916624215328,32.023855678308095,31.57175461753662,31.844900131225586,1812445
2024-07-31,31.84490081568893,32.40060905518179,31.70361765923247,32.07094955444336,1754251
2024-08-01,32.07094955444336,32.30641908655085,31.939087191339954,32.07094955444336,1074282
2024-08-04,32.070950057319926,31.74129414439237,29.66916151075922,30.997209548950195,477136
2024-08-05,30.997209093229145,32.56072664423296,29.19822200988753,31.383378982543945,1412716
2024-08-06,31.383379128956193,32.11804292352397,31.11023360785486,31.55291748046875,198496
2024-08-07,31.552916591324113,31.995600451463403,31.45873021779568,31.53407859802246,263544
2024-08-08,31.534078897185154,32.108625122906886,31.45873051624355,31.87315559387207,214256
2024-08-11,31.87315635207683,32.24048825123253,31.882573552551097,31.929670333862305,222217
2024-08-12,31.92966779112107,32.02385416028297,31.4587287593522,31.835477828979492,1114809
2024-08-13,31.835480210188006,31.863738997433998,31.600010676691085,31.656524658203125,161157
2024-08-14,31.65652521288447,32.02385711669922,31.562335242047354,32.02385711669922,1211865
2024-08-15,32.02385596073035,32.24048749636594,31.08197784423828,31.08197784423828,4527725
2024-08-18,31.08197892854082,31.534080009071086,30.53568787728758,30.686391830444336,354628
2024-08-19,30.686391943182603,31.016047859474124,30.06475070955715,30.337894439697266,745793
2024-08-20,30.33789453913816,30.60162286601583,29.998819624628325,30.13068199157715,1689184
2024-08-21,30.130681703485333,30.356732243160533,29.69741861823037,29.79160499572754,2777281
2024-08-22,29.791604008883425,30.281382856690804,29.226478576660156,29.226478576660156,1783065
2024-08-25,29.226478992437467,29.574972894166848,29.198222001828345,29.424272537231445,308443
2024-08-26,29.424271735912043,29.669160258385443,29.104033037022976,29.19822120666504,454622
2024-08-27,29.198223157367156,29.857538592419846,29.198223157367156,29.67858123779297,860242
2024-08-28,29.6785800767905,30.808832754321912,29.85753742441671,30.384986877441406,2176488
2024-08-29,30.38498776558905,31.025465199822868,30.04591285066351,30.403825759887695,1573716
2024-09-01,30.403824170344503,30.771156057513522,29.998818093037855,30.055330276489258,932696
2024-09-02,30.055331439952326,30.752322847623688,30.102424628569857,30.206031799316406,1643542
2024-09-03,30.206030741614864,30.742900977611473,30.234285935199992,30.705224990844727,734739
2024-09-04,30.705225722905972,31.90141138392014,30.620456547149693,31.55291748046875,2635619
2024-09-05,31.552916762700278,32.023855818859985,31.57175475610425,31.910831451416016,1552384
2024-09-08,31.91083127087966,31.929669264177054,30.611038477198125,30.639293670654297,584756
2024-09-09,30.639295582626197,30.940696308233026,30.262546472107687,30.742902755737305,362721
2024-09-10,30.742901964739215,31.647104118295083,30.70522597676273,31.47756576538086,963056
2024-09-11,31.477563493614017,32.96573257446289,30.62045459039717,32.96573257446289,2873793
2024-09-12,32.96573789904847,33.24830064815854,32.730268342626694,32.871551513671875,860854
2024-09-16,32.87154554679435,33.05991828335392,31.600008017139423,32.1839714050293,651505
2024-09-17,32.18397570543184,32.259327684507866,31.684781419483606,32.10862731933594,536467
2024-09-18,32.10862602513097,32.099208824616106,31.600010965808956,31.995601654052734,242263
2024-09-19,31.99560447634445,33.154114262781945,32.033276874706914,32.871551513671875,3243045
2024-09-22,32.871548985902066,33.107018524216606,32.683172636654426,32.88096618652344,378532
2024-09-23,32.88096564226927,32.96573481837858,32.70201008958514,32.720848083496094,350021
2024-09-24,32.40060701479224,33.67214097090736,31.788384832674776,32.21223068237305,1976948
2024-09-25,32.44770124912718,32.72084676032053,32.25932491061521,32.40060806274414,539699
2024-09-26,32.40060701479224,33.67214097090736,31.788384832674776,32.21223068237305,1976948
2024-09-29,32.21223243125107,32.49479514873101,31.863738532791796,31.9390869140625,447823
2024-09-30,31.939084719230166,32.48537571606655,31.64710122854386,31.807222366333008,1219111
2024-10-01,31.80722458059656,32.58898155275736,31.84490056775561,32.249908447265625,869301
2024-10-02,32.249909190918416,32.38177155603581,31.807225314041474,32.09920883178711,516497
2024-10-03,32.09921140434137,32.438284544826445,31.882576252309423,32.118045806884766,300343
2024-10-07,32.11804275964285,32.95631731250208,32.136880753379224,32.27816390991211,852948
2024-10-08,32.27816344031753,32.485377775423146,31.402216505709053,31.562334060668945,350659
2024-10-09,31.56233433929474,32.965734324297415,31.56233433929474,32.692588806152344,1016816
2024-10-10,32.692589577567674,33.191787438055314,32.44770284057712,32.95631790161133,716548
2024-10-13,32.95631683304147,33.154110374926,31.147908983437574,31.562334060668945,853609
2024-10-14,31.562334680895027,32.21223289268647,31.40221712278869,31.55291748046875,290432
2024-10-15,31.552915128514105,32.21223049158645,31.64710149767601,31.835477828979492,489254
2024-10-16,31.83548001364159,32.41944344707429,31.75071083838685,31.967342376708984,770401
2024-10-17,31.967342314173884,32.023856295226466,30.70522548117223,30.733484268188477,907386
2024-10-20,30.73348481184662,31.08197871871908,29.91405003698843,29.93288803100586,260066
2024-10-21,29.932887319236915,30.516852544461226,29.57497262737655,30.149517059326172,261120
2024-10-22,30.149517837898514,31.647104232036565,30.37557017358991,30.51685333251953,317130
2024-10-23,30.51685200936171,31.364540147245197,30.19661331025555,30.987791061401367,406418
2024-10-24,30.987790772966477,31.543498992919922,30.921859593733,31.543498992919922,150114
2024-10-27,31.543500756416698,31.83548068278011,31.364541608795257,31.37396240234375,158345
2024-10-28,31.37396272198274,31.920250185021168,30.6110401208818,30.71464729309082,326660
2024-10-29,30.714647225379448,31.22326229165882,30.893602781449587,31.09139633178711,200847
2024-10-30,31.09139458801009,31.64710281230073,31.08197738789458,31.364540100097656,159362
2024-10-31,31.36454087705158,32.00501829016686,31.223261313940213,31.62826919555664,1154892
2024-11-03,31.62826682925539,31.873153542781587,31.08197583241901,31.807222366333008,2856036
2024-11-04,31.80722604491352,32.541889863437355,31.713036072679657,31.741294860839844,1268938
2024-11-05,31.74129311417299,32.01443862915039,31.74129311417299,32.01443862915039,268951
2024-11-06,32.01443817123556,32.11804174403972,31.505823135375977,31.505823135375977,467651
2024-11-07,31.505824452921132,32.21223305682977,31.55291764125238,31.929670333862305,194592
2024-11-10,31.929671080355032,31.929671080355032,31.703618740908144,31.77897071838379,112781
2024-11-11,31.778972481552852,34.8494938744439,31.703620499896513,33.907615661621094,1407957
2024-11-12,33.90760983003651,34.322034878930964,33.62504713338213,34.048892974853516,1607024
2024-11-13,34.04889466874255,34.14308104131978,33.21062014369401,33.36132049560547,295068
2024-11-14,33.36132056249351,33.36132056249351,32.27816290376439,32.40060806274414,544848
2024-11-17,32.40060860133266,32.44770178849851,31.232678157528067,31.562334060668945,718477
2024-11-18,31.56233410273809,31.778969231353557,31.034884657009652,31.08197784423828,1359313
2024-11-19,31.081978011811856,31.731872622222433,31.081978011811856,31.458730697631836,741221
2024-11-20,31.458731087936254,31.647103840203467,31.298609936933197,31.345703125,158475
2024-11-21,31.345703463060993,31.5435006038427,31.081978732658694,31.10081672668457,265933
2024-11-24,31.100815250493515,31.355122768302234,30.611038208007812,30.611038208007812,343464
2024-11-25,30.61103970981929,30.968954410922343,30.51685333251953,30.51685333251953,449508
2024-11-26,30.516852421363087,31.270354196203435,30.63929398960098,31.185585021972656,1043135
2024-11-27,31.185584991640038,31.260933372560846,30.65813195327488,30.87476348876953,182917
2024-11-28,30.874763508856464,31.176164218695536,30.611038785992246,31.08197784423828,421085
2024-12-01,31.08197797382627,31.458730659185818,30.846508443721525,31.044301986694336,298851
2024-12-02,31.044301717661995,31.31744723253157,30.94069455043699,31.01604652404785,1106419
2024-12-03,31.016046254770202,31.25151578079003,30.865345901836704,30.987791061401367,585250
2024-12-04,30.987791469781023,31.364540560589926,30.997208670034798,31.08197784423828,584181
2024-12-05,31.081978718408227,31.36454144270685,30.84650918266271,30.89360237121582,445087
2024-12-08,30.89360217485356,33.20120432908831,31.270354866843707,32.41002655029297,2318813
2024-12-09,32.410025262828825,32.871547112534145,32.07094857210325,32.40060806274414,804591
2024-12-10,32.40061160943395,32.494797992510016,31.552919789828564,32.0615348815918,1272476
2024-12-11,32.06153033503363,32.21223068237305,31.60942929301537,32.21223068237305,359306
2024-12-12,32.21223347799317,32.54188939360202,32.07095031817224,32.23107147216797,929507
2024-12-15,32.23106921493474,32.494793928952426,31.85431654378397,32.268741607666016,191242
2024-12-16,32.268743867537545,32.42886502153328,31.844901574034747,32.23107147216797,261819
2024-12-17,32.23107248884442,32.428866044448796,31.94850616028945,32.10862731933594,144482
2024-12-18,32.10862527279601,32.391187990360876,31.948504123955328,32.042694091796875,420416
2024-12-19,32.0426941269709,32.11804250834696,31.279771555026393,31.458730697631836,2962788
2024-12-22,31.458729330245383,32.00501674866152,31.364539366394506,31.515239715576172,277488
2024-12-23,31.515240915509462,31.552916902484316,30.968953476293596,31.08197784423828,5375013
2024-12-24,31.081978464479782,31.52466233781838,30.93127810655302,31.072561264038086,984158
2024-12-25,31.072561721426457,31.458731618859463,30.52627067028806,30.58278465270996,293026
2024-12-26,30.582783189208875,31.006625461660704,30.61103838257771,30.987791061401367,603753
2024-12-29,30.98779249887393,31.402217590420584,30.83709213894969,31.270355224609375,1173690
2024-12-30,31.27035446558647,31.543499984125358,30.70522543485291,31.21384048461914,984485
2024-12-31,31.21384061454357,31.496403334596533,30.705225562660285,31.176164627075195,689849
2025-01-02,31.176163211714233,32.7302634909211,31.176163211714233,32.57956314086914,2341484
2025-01-05,32.57956329211027,33.813424884062094,32.2687417976341,33.43667221069336,1783650
2025-01-06,33.43667369461559,33.577956851643975,32.47595756857046,33.13527297973633,1143199
2025-01-08,33.13527196161036,33.34248629409039,32.786778069422894,33.154109954833984,860060
2025-01-09,33.154111241895336,33.342487588464614,32.96573489532605,33.16352844238281,1273325
2025-01-12,33.16353146412749,32.96573789904847,32.353515615159736,32.871551513671875,322405
2025-01-13,32.87154636855107,32.956315539313884,32.513631692777025,32.551307678222656,230771
2025-01-14,32.55131017444707,32.49479619194479,31.1102341609692,32.02385711669922,591984
2025-01-15,32.023857453967,32.494796534172394,31.081979293556202,31.675363540649414,549099
2025-01-16,31.675362190145204,32.17455644412577,31.552917028477935,31.9390869140625,191525
2025-01-19,31.675364479627728,32.494797497441816,31.552919309110173,32.03327560424805,310225
2025-01-20,32.02385835128452,32.33467987755981,31.458732876395082,31.694202423095703,315777
2025-01-21,31.69419947380321,31.835479032888777,31.3645399833106,31.505823135375977,1127317
2025-01-22,31.505825319725275,31.816643245646876,31.458732130098376,31.741294860839844,291784
2025-01-23,31.741296148960895,32.10862807312983,31.64710617290463,32.0615348815918,431951
2025-01-26,32.06153254325623,32.259326089078456,31.64710386479448,31.656524658203125,315030
2025-01-27,31.656524650057527,32.108625723097695,31.081978413596083,31.55291748046875,2283240
2025-01-28,31.552916624215328,32.01443847813737,31.27977111052636,31.844900131225586,1187273
2025-01-29,31.84490292417669,32.005020491980986,31.56233659255473,31.760133743286133,144162
2025-01-30,31.76013164902888,32.77735815965967,31.79780404351156,32.174556732177734,814047
2025-02-02,32.17455782119078,32.25932699936086,31.505825189504645,31.77897071838379,224949
2025-02-03,31.778971460061648,32.01444100569851,31.223263188639457,31.31744956970215,703535
2025-02-04,31.317446913560445,31.74129277835497,31.270353727023238,31.364540100097656,146192
2025-02-05,31.36454147127653,31.694200977408528,31.270355094084522,31.30803108215332,107655
2025-02-06,31.30803303804268,32.10862807312983,31.289195042831427,32.0615348815918,1114661
2025-02-09,32.06153220596152,32.06153220596152,31.750710700385124,31.901411056518555,84735
2025-02-10,31.901411951100968,32.02385711669922,31.609432023955915,32.02385711669922,519228
2025-02-11,32.02385488650384,32.494793928952426,31.618847022559677,32.268741607666016,1569079
2025-02-12,32.268745159848,32.49479750601853,31.55291931743828,32.44770431518555,1201019
2025-02-13,32.447700618322656,33.34248551412442,32.16513791253782,32.993988037109375,1300919
2025-02-16,32.993990296777575,33.427256974499294,32.692589577567674,32.95631790161133,94040
2025-02-17,32.95631816940853,33.24829809746446,32.683172642598784,32.98457336425781,1924918
2025-02-18,32.984572292529194,34.3785514831543,32.786778749050875,34.3785514831543,2198108
2025-02-19,34.378550042256215,35.30159013278114,34.143080521418845,34.88716506958008,1497931
2025-02-20,34.887165632502125,35.83846093112365,34.84948964624509,35.1508903503418,1578908
2025-02-23,35.15089095979658,36.07393108121912,34.84949025047411,35.93265151977539,819425
2025-02-24,35.932653554268704,35.83846358166001,35.339269302264206,35.7913703918457,443530
2025-02-25,35.7913703918457,35.83846358166001,35.339269302264206,35.7913703918457,723152
2025-02-26,35.79136733839481,35.93265048876459,35.63124978809017,35.84788131713867,373688
2025-02-27,35.84788437541091,35.88555677147432,34.56692949177331,35.7913703918457,1379122
2025-03-02,35.791367311895556,35.791367311895556,34.87774441760154,35.64066696166992,191227
2025-03-03,35.64066899943009,35.772531364294295,34.96251558815135,35.60299301147461,441142
2025-03-04,35.60299580739147,35.772534173525074,34.87774915070447,35.41461944580078,740636
2025-03-05,35.41461667920845,35.904393743890736,35.04728477894173,35.81020736694336,994516
2025-03-06,35.810207352249776,35.810207352249776,35.32984748826734,35.60299301147461,211513
2025-03-09,35.60299226175606,35.81020659816776,35.508805886830686,35.65008544921875,438620
2025-03-10,35.65008552144093,35.79136867709511,34.41622747971137,34.48215866088867,242700
2025-03-11,34.48215866088867,34.70820739835948,34.4539034669498,34.48215866088867,25202
2025-03-12,34.48215867017939,35.08496009423715,34.47273787687729,34.58576583862305,134598
2025-03-13,34.58576685770475,34.830653596076424,34.49157688680795,34.56692886352539,269312
2025-03-16,34.56692681521725,34.80239633903619,34.463319649860146,34.50099563598633,121897
2025-03-17,34.5009969316263,34.661114489205886,34.48215893785577,34.61402130126953,166614
2025-03-18,34.614019074930205,35.07554091017367,34.472735927228406,34.85890579223633,245285
2025-03-19,34.85890682234292,35.22624229862669,34.84948962227504,34.94367599487305,52364
2025-03-20,34.9436772268365,35.02844640235522,34.19959623392759,34.82123565673828,204438
2025-03-23,34.82123516615594,35.17914626398816,34.21843374561758,34.79297637939453,147800
2025-03-24,34.79297835272239,34.75530595653702,34.19017689799539,34.209014892578125,436901
2025-03-25,34.20901387365414,34.84949129846983,34.19017587963251,34.22785186767578,28348
2025-03-26,34.22785439770006,34.284368383942315,33.43667655520969,33.907615661621094,218556
2025-03-27,33.907614081874215,34.13366642333127,32.96573591293326,33.24829864501953,1696567
2025-04-03,33.24829836717177,33.43667471798177,32.975152838146286,33.0128288269043,205563
2025-04-06,33.01282726249436,32.871547700816855,31.694200055271548,31.976762771606445,719506
2025-04-07,31.976765429475286,31.788389071934454,31.27977398446826,31.722457885742188,426974
2025-04-08,31.7224544941862,32.23106952727462,31.750709687253405,31.92024803161621,214751
2025-04-09,31.920246726962052,32.16513703346789,31.64710122854386,31.807222366333008,60460
2025-04-10,31.80722429461859,32.44770169864429,31.816641494833735,32.01443862915039,211419
2025-04-13,32.01443991610551,32.29700264265686,32.02385711669922,32.02385711669922,105357
2025-04-14,32.02385567343991,32.67375027451639,32.02385567343991,32.636077880859375,646359
2025-04-15,32.63607771661373,33.154109954833984,32.63607771661373,33.154109954833984,352625
2025-04-16,33.15411170721538,33.2388808847123,32.730265819730775,32.77735900878906,184420
2025-04-17,32.777357721490034,32.96573406330489,32.51363299873715,32.767940521240234,303369
2025-04-22,34.24441922040981,33.46680721052476,32.97464828095822,33.171512603759766,677416
2025-04-23,33.17151103414221,33.76210021972656,33.220726173795164,33.76210021972656,531824
2025-04-27,33.76210055361178,34.43143697315973,33.51602109803899,34.03771209716797,154378
2025-04-28,34.03771288244823,34.155829972483374,33.83100328129349,34.057395935058594,146420
2025-04-29,34.05739660425841,34.155830643617335,33.41759224536138,33.624298095703125,420497
2025-04-30,33.62429743501334,34.136143164998416,33.56523701255847,34.057395935058594,651606
2025-05-04,34.05739446905201,34.79563282102459,33.89990377082617,34.55939865112305,700022
2025-05-05,34.559401784505766,35.425602580720565,33.968808796455995,34.99250030517578,1792295
2025-05-06,34.9924998235791,35.31732652576715,34.74642035399715,35.15983581542969,150923
2025-05-07,35.15983307311636,35.42559933012124,34.4412815285659,34.647987365722656,1201418
2025-05-08,34.647987328083545,35.041712195353306,34.362534264772734,34.736576080322266,219453
2025-05-11,34.73657918747714,35.14014937158042,33.860536867463296,34.45112609863281,281958
2025-05-12,34.451124408236346,34.78579262411134,34.0672410513245,34.41175079345703,524963
2025-05-13,34.411750202128886,35.1303017625682,34.657829657959105,34.844852447509766,258173
2025-05-14,34.84485125829818,34.94328153532116,34.46096416621003,34.54955291748047,58369
2025-05-15,34.54955540878817,34.69720458984375,33.96880772077736,34.69720458984375,85387
2025-05-18,34.69720297631338,34.933440904041554,34.155828929076286,34.48065185546875,37401
2025-05-19,34.48065447944877,34.63814519162779,34.18535986347247,34.3625373840332,969295
2025-05-20,34.362537276808155,35.435443923578156,34.19520503839781,35.34685516357422,257817
2025-05-21,35.346851694728144,36.6953660158931,35.04171182802137,36.42959976196289,902265
2025-05-22,36.42960318439637,36.69536946329439,36.03587828426484,36.419761657714844,391577
2025-05-25,36.41975945871013,36.705212528610446,35.0515582852304,35.74058151245117,305892
2025-05-26,35.740583185694355,35.92760222910467,35.24842425104909,35.69136428833008,256173
2025-05-27,35.691364341571656,37.30564880371094,35.464971681882076,37.30564880371094,1221249
2025-05-28,37.305648852127625,37.29580357067743,36.32133098009127,36.40991973876953,336672
2025-05-29,36.40991801388028,36.51818982058025,34.94328280188186,35.56340408325195,1172465
2025-06-01,35.56340615118215,36.78395822292707,35.56340615118215,36.419761657714844,149147
2025-06-02,36.419761777992335,37.108785049091466,35.92760283504649,36.96113586425781,410031
2025-06-03,36.96113366039166,37.305647152836436,36.429601132533676,37.17768478393555,363186
2025-06-04,37.17768490493065,37.15799809773763,36.4197597249349,36.91191864013672,226168
2025-06-10,36.91191925985635,36.902077733531875,36.38038672134451,36.56740951538086,230741
2025-06-11,36.567408901445255,37.14815657157839,36.4197597249349,36.91191864013672,127344
2025-06-12,36.9119208119048,37.29580418756865,36.03587849208222,36.783958435058594,423410
2025-06-15,36.78395705830387,36.41976050462253,33.132138730496756,36.21305465698242,1056798
2025-06-16,36.21305272180695,36.22289424765097,34.48065129305604,35.80948257446289,436817
2025-06-17,35.80948451819314,36.104779122909484,34.95312528317872,35.317325592041016,421466
2025-06-18,35.31732466660545,35.92760066767785,34.50033906826095,35.474815368652344,363927
2025-06-19,35.47481749476396,35.73073849285033,34.805481032230695,35.43544387817383,105609
2025-06-22,35.435442862312,35.82917150717643,33.61445632828193,35.770111083984375,210096
2025-06-23,35.77010972632607,36.902076721191406,34.8645353794589,36.902076721191406,3583698
2025-06-24,36.90207676067495,37.1579977419849,36.23274034201877,36.8134880065918,500237
2025-06-25,36.81348732662335,37.3942349804696,36.321328425223975,37.335174560546875,302714
2025-06-29,37.33517479988523,39.12663291207322,37.207212433336245,37.699371337890625,1110453
2025-06-30,37.69937405025925,38.65416359534911,37.315490677867366,37.40407943725586,1078876
2025-07-01,37.40407824157365,37.886395639465086,36.97097974000503,37.28596115112305,126918
2025-07-02,37.28596149328259,37.404078584817114,36.232741686152714,36.57725143432617,223423
2025-07-06,36.577249291356324,37.640314317508626,36.51818887161195,37.6009407043457,319393
2025-07-07,37.60094271392775,39.10694782659085,37.40407839246616,38.63447570800781,1295561
2025-07-09,38.63447614108193,39.07741993061704,37.11862573017275,37.74858856201172,335334
2025-07-10,37.74858800144263,38.378554578801214,37.315489499703546,38.093101501464844,308315
2025-07-13,38.09310179160386,38.28996611384819,36.4099191584204,36.66584014892578,1616533
2025-07-14,36.66584037218109,37.88639617362808,36.43944771442775,37.83717727661133,1042289
2025-07-15,37.83717723793355,38.87071399623424,37.56156943831986,38.732906341552734,714881
2025-07-16,38.73290606628985,38.664004116876086,37.45329360662407,37.6501579284668,218937
2025-07-17,37.650159119706636,38.38839753381853,37.581257168112835,37.76827621459961,164629
2025-07-20,37.768274131062675,38.28011985386191,37.541881480475915,37.719058990478516,188087
2025-07-21,37.719060641399246,38.053728868843926,37.03988265991211,37.03988265991211,258995
2025-07-22,37.03988181494536,37.42376517637101,36.439447324561804,37.02019500732422,844405
2025-07-23,37.02019500732422,37.02019500732422,37.02019500732422,37.02019500732422,0
2025-07-27,38.31949321998771,40.25860053641033,38.07341376378685,39.14632034301758,631265
2025-07-28,39.14632203277926,40.061737949750594,37.95529831452612,38.37855529785156,462021
2025-07-29,38.37855588942514,39.56957962603691,38.10294432902033,39.55973434448242,1283811
2025-07-30,39.559732260917485,39.76644185905262,38.880554309543584,39.51051712036133,222633
2025-07-31,39.51051880467808,40.357032775878906,38.782125681696925,40.357032775878906,407551
2025-08-03,40.357032775878906,40.357032775878906,40.357032775878906,40.357032775878906,0
2025-08-04,40.357032775878906,40.357032775878906,40.357032775878906,40.357032775878906,0
2025-08-05,40.357032775878906,40.357032775878906,40.357032775878906,40.357032775878906,0
2025-08-06,40.357032775878906,40.357032775878906,40.357032775878906,40.357032775878906,0
2025-08-07,40.357032775878906,40.357032775878906,40.357032775878906,40.357032775878906,0
2025-08-10,43.80214496188694,44.73724768395834,43.30998602973091,44.29430389404297,428921
2025-08-11,44.294302574510795,44.49116689248353,43.90057393856532,44.441951751708984,319911
2025-08-12,44.44195231176836,44.29430313270949,43.94979338807159,44.09743881225586,532502
2025-08-13,44.09743881225586,44.284461606380376,43.11312096486232,44.09743881225586,196518
2025-08-14,44.09743957020562,44.29430389404297,43.42810312208345,44.29430389404297,187146
2025-08-17,44.29430294376721,46.01685916935815,44.392733226136855,45.3475227355957,480937
2025-08-18,45.34752134185032,45.94795580852488,44.865207716238416,45.67234802246094,2022801
2025-08-19,45.672349486465095,46.213723549961806,45.278620846717715,46.06607437133789,419822
2025-08-20,46.06607552265622,45.77078091290275,45.27862197835541,45.465641021728516,314689
2025-08-21,45.46564071569826,45.75109379698425,43.30998594864555,45.278621673583984,594740
2025-08-24,45.27862242861954,45.57391704130951,44.589599162426474,45.475486755371094,152175
2025-08-25,45.475484179073305,45.869209055396205,45.298306670521924,45.50501251220703,285203
2025-08-26,45.505014331366944,45.96764492828737,45.278621673583984,45.278621673583984,1087739
2025-08-27,45.27862046070193,46.36136857846454,45.27862046070193,46.05623245239258,1168024
2025-08-28,46.05623226201471,46.26293810557184,45.140816377833644,45.60344696044922,429991
2025-08-31,45.603446470617044,46.15466204751539,44.19587168553819,44.786460876464844,243207
2025-09-01,44.786462396145076,45.18019104003906,44.40257903352949,45.18019104003906,288107
2025-09-02,45.18019169339582,45.731407296969046,44.61913080840182,45.465641021728516,290930
2025-09-03,45.465639024153326,45.465639024153326,44.205713408628036,44.3435173034668,496960
2025-09-07,44.34351903628364,45.46564080081945,43.65449578029026,44.29430389404297,534883
2025-09-08,44.29430393869791,45.18019151942173,44.41242103116953,45.012855529785156,632965
2025-09-09,45.01285593427561,45.14081830927998,43.408416748046875,43.408416748046875,307838
2025-09-10,43.40841556810546,44.254929517643845,43.506849605769574,44.09743881225586,83241
2025-09-11,44.09743659643619,45.29830551147461,44.03837993167982,45.29830551147461,576570
2025-09-14,45.29830674446188,46.755096674470984,44.79630255112205,46.22356414794922,570474
2025-09-15,46.22356505327601,47.001177051209375,46.06607434843029,46.9618034362793,328453
2025-09-16,46.96180387759637,47.13898139157212,45.278621249701295,46.16450881958008,812265
2025-09-17,46.164507286179365,46.66650772251981,45.29830655272235,45.77077865600586,395891
2025-09-18,45.770779564267116,46.558233085365615,45.18019036216189,46.50901794433594,401976
2025-09-21,46.50901946155343,47.011019924231675,45.79046786543079,46.09560775756836,102464
2025-09-22,46.095605339130174,46.59760577547062,45.377050025832354,45.77077865600586,413082
2025-09-23,45.770778968721196,46.26293788236336,45.67234868794257,45.95779800415039,171241
2025-09-24,45.95779704368304,46.459801227836444,45.68218925936317,46.20387649536133,245902
2025-09-25,46.20387902972784,46.262939453125,45.68219176511419,46.262939453125,279842
2025-09-28,46.26293748678621,47.73941421508789,45.682189823459225,47.73941421508789,627475
2025-09-29,47.7394156271636,49.6785229892495,47.34568698602066,49.206050872802734,767091
2025-09-30,49.206051190551506,51.16484161795633,48.42843918445379,50.20021057128906,842510
2025-10-01,50.20021057128906,51.174686899229506,48.43828071085234,50.20021057128906,484074
2025-10-02,50.2002098696331,50.19036834337211,49.01902770996094,49.01902770996094,2140144
2025-10-05,49.01902854714569,50.19036920056191,48.23157501220703,48.23157501220703,402795
2025-10-06,48.23157501220703,48.70404713317022,47.444121477268375,48.23157501220703,409187
2025-10-07,48.23157517961066,49.04856080642145,46.55823406526148,47.0700798034668,877894
2025-10-08,47.07007715154788,49.20604874169666,46.76493728013392,47.27678298950195,781997
2025-10-12,47.27678541419329,49.73758005378069,47.0503927579362,49.21589279174805,782593
2025-10-13,49.21589251197573,49.708051437095484,48.13314437866211,48.13314437866211,741644
2025-10-14,48.13314486258657,49.215893006786004,48.231575146650286,48.77294921875,1312774
2025-10-15,48.772949005647384,49.21589279174805,47.24725708007812,49.21589279174805,748357
2025-10-16,49.21589139307919,50.1805224137986,49.16667625266101,49.54071807861328,1316116
2025-10-19,49.54071719429457,50.68252570403736,49.215890514558744,49.609619140625,281180
2025-10-20,49.609622287336705,50.2888002677627,49.21589363629646,49.23558044433594,299737
2025-10-21,49.23557767244591,50.160835068962776,49.03871335800896,49.70804977416992,355182
2025-10-22,49.708049244905226,50.07224578206741,49.2454186741354,49.87538146972656,78215
2025-10-23,49.87538311901775,50.68252720179351,49.304480724712434,50.00334548950195,757315
2025-10-26,50.00334561358,50.59393857159792,49.70805101200833,49.737579345703125,619544
2025-10-27,49.73757850020196,50.20020907955377,49.42259709656335,49.717891693115234,396167
2025-10-28,49.717891339429215,50.14114830159658,49.48165716581805,49.61946105957031,261704
2025-10-29,49.61946066658315,49.97381567906789,49.2355773213495,49.609619140625,226062
2025-10-30,49.60962178803846,49.70805207237052,49.21589314096091,49.31432342529297,372094
2025-11-02,49.31432195689524,49.678522258803575,47.30631643023974,48.920597076416016,226824
2025-11-03,48.92059855515784,51.6176273977693,48.428439623526224,51.01719665527344,672264
2025-11-04,51.017194163761424,52.74959186635526,51.017194163761424,52.66100311279297,1123755
2025-11-05,52.661004228287084,53.09410272439106,51.92276585125502,52.956298828125,346880
2025-11-06,52.95629758403895,53.153161897597535,51.94245143829275,52.03104019165039,272111
2025-11-09,52.03104333825558,52.64131936780695,51.233744509819736,51.65700149536133,269623
2025-11-10,51.65699813349309,52.159002318499454,50.456129205702794,51.66684341430664,1144965
2025-11-11,51.66684464069128,52.63147566522113,51.10578002210932,52.59210205078125,700148
2025-11-12,52.592103278375745,52.5822579970987,51.78496293789077,51.814491271972656,191591
2025-11-13,51.81449090007456,56.10611731665475,51.97198160550527,55.12179946899414,2957781
2025-11-16,55.12179729448623,61.89390487060224,55.230072854237456,61.69704055786133,1954233
2025-11-17,61.697043002149684,62.405753054144576,58.57675347200516,60.14181900024414,787739
2025-11-18,60.14181966697878,61.008020434033654,59.00985638235418,59.70872116088867,1499237
2025-11-19,59.70872021342196,60.141818712639605,58.576753191884926,59.0590705871582,578230
2025-11-20,59.05907007022561,61.91359329223633,58.66534143447428,61.91359329223633,2346619
2025-11-23,61.913593350244675,67.4060886742615,62.01202363183745,64.24642181396484,1614910
2025-11-24,64.24642502497261,65.85086798314576,62.12030229925934,64.76811981201172,1753351
2025-11-25,64.76811615720182,64.71889726184831,62.031710039051575,62.53371047973633,1167757
2025-11-26,62.53371072948826,64.42359916652535,62.50418239605785,62.98649978637695,3511864
2025-11-27,62.98649828704111,63.98065762257013,61.52970462457614,62.504180908203125,886700
2025-11-30,62.50418272752029,64.27595784023154,62.50418272752029,63.98065948486328,848302
2025-12-01,63.98065884895556,65.34886002971484,62.12029875397354,62.62229919433594,838952
2025-12-02,62.622298261755674,63.5770839878143,60.3386812341601,60.98833084106445,1053063
2025-12-03,60.98833426336175,62.73057734211361,60.535548944782086,60.978492736816406,2616253
2025-12-04,60.97849106764732,61.588767078370196,59.56107097193665,60.04338836669922,1564168
2025-12-07,60.043388691455455,61.95296396365836,59.97448674252736,61.03754806518555,629298
2025-12-08,61.03754755327759,63.47865534377388,61.1359815901169,62.996341705322266,2403702
2025-12-09,62.996342157772915,64.9551325690114,62.06123945289355,63.006187438964844,1623672
2025-12-10,63.006187606928464,63.87238461039727,62.30731908054792,62.651832580566406,1164059
2025-12-11,62.6518325123401,63.685361746646265,62.553398474638605,63.63615036010742,2026464
2025-12-14,63.63615342261531,65.28980778683696,63.783802608835906,64.96498107910156,764977
2025-12-15,64.96497594751253,65.75243320532137,64.52203593358817,65.11262512207031,533434
2025-12-16,65.11262702908543,65.08309869525885,62.79947783755495,63.006187438964844,1391155
2025-12-17,63.0061870470037,63.0061870470037,61.96280878475158,62.01202392578125,1002130
2025-12-18,62.012025571583706,62.199044614409786,61.273787171921995,62.13998794555664,1195801
2025-12-21,62.13998623663042,62.996341705322266,62.012023866176605,62.996341705322266,1760279
2025-12-22,62.99634098850348,63.47865462146698,61.61829452743016,61.81515884399414,863135
2025-12-23,61.81515960678799,62.50418284582714,61.07692122671916,62.01202392578125,1038245
2025-12-24,62.01202392578125,62.79947744687975,62.01202392578125,62.01202392578125,175103
2025-12-25,62.012024462147735,62.494341860109266,61.81516014145171,61.84469223022461,193073
2025-12-28,61.844693209256235,63.25226805543469,61.844693209256235,63.212894439697266,480424
2025-12-29,63.2128920755564,64.42359879776768,63.04555984724249,63.78379821777344,1051790
2025-12-30,63.78379776506446,64.24642083245783,63.68535997522643,63.77395248413086,488884
2025-12-31,63.77395155196526,64.73857879638672,63.685359044355764,64.73857879638672,706678
2026-01-04,64.73858243417405,66.4414556385328,64.27595934754702,64.28579711914062,872381
2026-01-05,64.28579480869313,65.40791652947907,62.03170984100669,62.976654052734375,1538516
2026-01-06,62.97665388978638,64.47281743192124,62.70104610079755,64.22673797607422,961801
2026-01-08,64.22674208761191,68.74475758150899,64.22674208761191,67.64232635498047,3159769
2026-01-11,67.64232270381558,70.25076646392863,67.819500214194,69.88656616210938,1569586
2026-01-12,69.88656883462463,69.8767235531857,68.01636337794537,68.06558227539062,1009737
2026-01-13,68.06557641124773,68.90224502748892,66.20521639628544,67.92777252197266,1542671
2026-01-14,67.92777783350328,68.89240513385671,66.44145575753093,67.42577362060547,1990370
2026-01-15,67.42577459873297,68.60695304765773,66.69738147222102,67.17969512939453,855028
2026-01-18,67.1796901297974,68.4100873849219,66.74658789287393,66.88439178466797,463868
2026-01-19,66.88439246208367,72.83951824110024,67.05173219788459,72.72139739990234,3014820
2026-01-20,72.72140263266638,81.6983844464351,72.74109319582404,78.85370635986328,3117081
2026-01-21,78.85370635986328,82.97800070070075,78.5485702186651,78.85370635986328,2518265
2026-01-22,78.85370032838206,79.92660313617401,76.48149080255016,77.27879333496094,1518366
2026-01-25,77.27879435848808,78.58793135519498,75.89090262388092,76.7669448852539,849821
2026-01-26,76.76694351536536,80.714060016461,76.82600769029932,79.95613861083984,1185622
2026-01-27,79.95613760633685,81.43261429540581,78.25326452065454,78.41075897216797,1821192
2026-01-28,78.41076372951791,79.62147048255132,76.87522277309245,77.26895141601562,715022
2026-02-01,77.26895353152052,78.64700006460582,76.5307151219837,78.0367202758789,687737
2026-02-02,78.03671392765575,78.54856338875577,76.38305972442672,77.17051696777344,2022573
2026-02-03,77.17051811231015,82.66301331625463,77.20989172603633,81.9444580078125,2942063
2026-02-04,81.94445633834138,82.68269468373184,80.83217993479597,81.9936752319336,1246256
2026-02-05,81.99367698743936,83.62764065515113,81.5408841839932,83.5587387084961,1605333
2026-02-08,83.55874026543789,88.14566497315167,84.65133366114657,87.35820770263672,2152785
2026-02-09,87.35820586757438,90.16351013151291,87.35820586757438,89.46464538574219,1949387
2026-02-10,89.46464532106269,91.43328094482422,88.73625224300062,91.43328094482422,1204925
2026-02-11,91.43328424132928,92.4176020886983,91.0494008816353,91.689208984375,1061528
2026-02-12,91.68921146185338,93.46097912914196,89.68120209779345,93.45114135742188,1153038
2026-02-15,93.45113493734067,111.2082290649414,93.55941049681833,111.2082290649414,1933986
2026-02-16,111.20823525976257,108.7671236597606,96.95530932566895,97.45731353759766,6078193
2026-02-17,97.45730826797671,98.4317807951187,95.67568792895581,95.81349182128906,1946977
2026-02-18,95.81349166860983,98.44162591906071,95.78396333597817,96.1678466796875,2463340
2026-02-19,96.16784838911353,97.33918900264966,91.74826346262495,92.62430572509766,1958107
2026-02-22,92.62430853559019,93.90392474936027,89.57292469092607,90.44896697998047,1262562
2026-02-23,90.44896584555532,91.73841981467086,90.06508248818888,91.04940032958984,1733449
2026-02-24,91.04939801315619,95.36070734529656,90.40958993057342,92.42744445800781,2753086
2026-02-25,92.42744728464007,93.41176513110109,85.63565264210916,88.37205505371094,2039087
2026-02-26,88.37205529723462,91.33485412597656,86.86605018955909,91.33485412597656,2431296
2026-03-01,91.33485280981115,90.55724081899984,84.65133380906506,88.88390350341797,1812566
2026-03-02,88.88390678540998,90.03555689253155,86.62981795888392,87.43695831298828,1493042
2026-03-03,87.43695248217958,87.59443942602128,85.16317324439612,85.2419204711914,1518465
2026-03-04,85.24192571431989,86.62981751039611,83.97215476570207,86.6199722290039,1585063
2026-03-05,86.6199722290039,88.47048711402286,86.6199722290039,86.6199722290039,1712713
2026-03-08,86.61997240643169,87.25978052274725,84.50368748773377,84.65133666992188,1113631
2026-03-09,84.65133071303768,85.1238065608418,80.71405951708243,80.8420181274414,2280978
2026-03-10,80.84202070250225,83.66701557909427,81.73775353279328,82.69254302978516,1108289
2026-03-11,82.69254183271033,83.50951991265839,82.70237960385201,83.47015380859375,1222547
2026-03-12,83.47015894908169,84.45447682579375,82.88940749675189,83.322509765625,1213684
2026-03-15,83.32250569649928,84.09027240128023,81.20622086296906,81.25543975830078,629265
2026-03-16,81.25543959270502,82.16101019087041,79.25726809644465,79.72974395751953,642479
2026-03-17,79.72974507069752,82.17085661912701,79.86754896757064,81.00936126708984,1032235
2026-03-18,81.00936104987781,83.06658172607422,81.21606689463324,83.06658172607422,1841718
2026-03-19,83.06658172607422,83.06658172607422,83.06658172607422,83.06658172607422,0
2026-03-24,83.06657912865737,84.21822916046199,81.30464935302734,81.30464935302734,1557379
2026-03-25,81.3046489749285,82.6826954002152,81.59994731954309,82.19053649902344,1163022
2026-03-26,82.190542901797,82.96815492742705,81.35387420654297,81.35387420654297,399351
2026-03-29,81.35386791527685,81.6983776443575,79.72974203846937,80.2219009399414,704765
2026-03-30,80.22190736982496,80.46798684028455,77.26895372430994,77.77095794677734,742030
2026-03-31,77.77095552080354,78.6469978075326,77.12130213437567,77.35753631591797,1004624
2026-04-01,77.35753601129007,83.17485809326172,77.83985716346568,83.17485809326172,1895488
2026-04-02,83.17485819504134,84.00168158306981,80.8715580343198,83.08627319335938,1282377
2026-04-05,83.08627428031704,87.505859375,83.56858792964341,87.505859375,1957198
2026-04-06,87.50585536264417,88.54922984470262,86.13765419889803,87.05307006835938,893492
2026-04-07,87.05307030412224,87.35820642485277,85.67502385575224,86.52153778076172,699173
2026-04-08,86.52153800835111,91.04939848512085,87.71256167114876,89.57292175292969,3442250
2026-04-09,89.57292128861853,92.42744445800781,89.24809460688049,92.42744445800781,1028797
2026-04-14,92.42744862212938,93.40192120149732,90.56708846617728,92.52587890625,1568140
2026-04-15,92.52587899253284,93.46097795717466,92.11246729299114,92.34870147705078,854179
2026-04-16,92.348699760524,94.29765239460056,92.37822809426393,94.18937683105469,2369171
2026-04-19,94.1893773642792,95.47883134321734,93.01803672096946,94.74059295654297,1144797
2026-04-20,94.74059409283576,94.48466934632272,92.23058054413885,92.52587890625,1093190
2026-04-21,92.52587890625,93.50035148561793,92.2404258254757,92.52587890625,1263258
2026-04-22,92.52587362458391,93.51019142910076,92.53571890535876,93.02787780761719,891862
2026-04-23,93.02788348712802,93.77595965721297,92.78180402097524,93.5200424194336,1262677
2026-04-26,93.52003943698088,94.48466670807719,93.26411469761388,94.43545532226562,740244
2026-04-27,94.43545459648882,94.88823989512038,93.52003871823943,94.1500015258789,672867
2026-04-28,95.6500015258789,95.48999786376953,94.5,95.0,1199710
2026-04-29,95.0,95.0,94.0,94.19999694824219,735630
2026-04-30,94.19999694824219,94.83999633789062,91.51000213623047,93.5,1062723
2026-05-03,93.5,93.5,92.06999969482422,93.5,972115
2026-05-04,93.5,94.30000305175781,92.61000061035156,93.0,582155
2026-05-05,93.0,93.0,91.0,92.5,810663
2026-05-06,92.5,99.5,94.0,96.70999908447266,5188359
2026-05-10,96.70999908447266,99.9000015258789,98.5,99.5,1547879
2026-05-11,99.5,101.88999938964844,97.4000015258789,98.88999938964844,2218937
2026-05-12,98.88999938964844,99.0,97.5,98.48999786376953,1043582
2026-05-13,98.48999786376953,98.9800033569336,96.36000061035156,96.5999984741211,931933
2026-05-14,96.5999984741211,98.0,95.19999694824219,96.5999984741211,860436
2026-05-17,96.5999984741211,96.86000061035156,94.0,94.25,805003
2026-05-18,94.25,95.19000244140625,93.01000213623047,93.30999755859375,978816
2026-05-19,93.30999755859375,96.41999816894531,93.3499984741211,95.75,917892
2026-05-20,95.75,97.7300033569336,95.04000091552734,95.48999786376953,856162
2026-05-21,95.48999786376953,95.97000122070312,93.61000061035156,95.48999786376953,1243183
2026-05-24,95.48999786376953,96.87999725341797,95.0,95.5,533135
2026-05-25,95.5,97.62999725341797,94.80000305175781,97.62999725341797,1041953
2026-05-26,97.62999725341797,97.62999725341797,97.62999725341797,97.62999725341797,0
2026-05-27,97.62999725341797,97.62999725341797,97.62999725341797,97.62999725341797,0
2026-05-28,97.62999725341797,97.62999725341797,97.62999725341797,97.62999725341797,0
2026-06-01,97.62999725341797,98.05000305175781,96.01000213623047,97.97000122070312,694642
2026-06-02,97.97000122070312,97.98999786376953,96.91000366210938,97.98999786376953,704094
2026-06-03,97.98999786376953,97.98999786376953,95.58999633789062,96.0999984741211,432807
2026-06-04,96.0999984741211,96.98999786376953,95.7300033569336,96.9000015258789,937501
2026-06-07,96.9000015258789,96.87000274658203,94.41000366210938,94.41000366210938,518543
2026-06-08,94.41000366210938,94.9800033569336,92.16999816894531,94.05000305175781,692666
2026-06-09,94.05000305175781,95.0999984741211,93.70999908447266,94.27999877929688,674745
2026-06-10,94.27999877929688,94.27999877929688,92.52999877929688,92.55999755859375,577745
2026-06-11,92.55999755859375,92.5,89.80000305175781,90.16000366210938,883624
2026-06-14,90.16000366210938,94.55000305175781,89.61000061035156,90.69000244140625,1943092
2026-06-15,90.69000244140625,93.0,91.0,93.0,1159724
2026-06-16,93.0,93.69999694824219,92.30999755859375,93.0,793263
2026-06-17,93.0,93.0,93.0,93.0,0
2026-06-18,93.0,93.0,93.0,93.0,0
2026-06-21,92.5,93.94999694824219,92.51000213623047,93.01000213623047,488580
2026-06-22,93.01000213623047,93.01000213623047,93.01000213623047,93.01000213623047,0
2026-06-23,95.13999938964844,96.62999725341797,94.30000305175781,95.36000061035156,1055832
2026-06-24,95.36000061035156,95.0,94.02999877929688,94.66000366210938,495076
2026-06-25,94.66000366210938,95.0,93.05000305175781,93.6500015258789,382716
2026-06-28,93.6500015258789,93.88999938964844,90.22000122070312,91.0,460314
2026-06-29,91.0,91.44000244140625,89.01000213623047,90.0,463687
2026-06-30,90.0,93.33999633789062,90.05000305175781,92.30000305175781,799301
2026-07-01,92.30000305175781,94.0,92.0199966430664,92.61000061035156,269394
2026-07-05,92.61000061035156,93.93000030517578,92.72000122070312,92.7699966430664,244380
2026-07-06,92.7699966430664,96.5,92.61000061035156,96.5,1033387
2026-07-07,96.5,101.5,96.01000213623047,98.5,2392602
2026-07-08,98.5,99.25,94.9000015258789,96.69000244140625,655894
2026-07-09,96.69000244140625,98.55999755859375,95.5,97.8499984741211,362283
2026-07-12,97.8499984741211,99.0,96.6500015258789,98.68000030517578,371760
2026-07-13,98.68000030517578,98.68000030517578,96.55999755859375,97.0,628430
2026-07-14,97.0,97.48999786376953,96.0,97.25,350605
2026-07-15,97.25,99.97000122070312,97.0,98.19999694824219,550807
2026-07-16,98.19999694824219,99.5,98.30000305175781,98.30000305175781,573588
2026-07-19,98.30000305175781,100.5,97.54000091552734,98.80999755859375,634401
2026-07-20,98.80999755859375,100.9000015258789,98.0,99.83999633789062,727842
2026-07-21,99.83999633789062,104.80000305175781,100.0,103.61000061035156,1720466
2026-07-22,103.61000061035156,106.9000015258789,103.0,103.27999877929688,2211725
2026-07-26,103.27999877929688,104.98999786376953,102.5,103.01000213623047,361999
2026-07-27,103.01000213623047,104.69000244140625,102.51000213623047,103.5,1066823
2026-07-28,103.5,107.19999694824219,104.01000213623047,105.25,1120344
2026-07-29,105.25,108.0,104.51000213623047,106.80000305175781,736510
2026-07-30,106.80000305175781,107.08999633789062,102.75,103.5999984741211,1511598
2026-08-02,103.5999984741211,114.0,104.05000305175781,113.11000061035156,1454997
2026-08-03,113.11000061035156,114.87000274658203,107.30000305175781,107.30000305175781,1293622
2026-08-04,107.30000305175781,112.0,107.5999984741211,108.12000274658203,737988
2026-08-05,108.12000274658203,114.5999984741211,109.0,111.0,1720667
2026-08-06,111.0,113.0,109.0,109.01000213623047,1051620
2026-08-09,109.01000213623047,109.01000213623047,109.01000213623047,109.01000213623047,0
2026-08-10,109.01000213623047,109.01000213623047,109.01000213623047,109.01000213623047,0
2026-08-11,109.93000030517578,110.98999786376953,107.8499984741211,110.98999786376953,605593
2026-08-12,110.98999786376953,111.0,107.0,108.48999786376953,1052479
2026-08-13,108.48999786376953,116.25,109.5,114.0,3677410
2026-08-16,114.0,114.0,114.0,114.0,0
2026-08-17,118.0999984741211,120.0,115.0199966430664,116.0,1696323
2026-08-18,116.0,118.9800033569336,115.80000305175781,118.97000122070312,855449
2026-08-19,118.97000122070312,120.0,112.0999984741211,115.5,1361246
2026-08-20,115.5,116.25,113.19999694824219,114.88999938964844,922072
2026-08-23,114.88999938964844,118.5999984741211,116.30000305175781,118.48999786376953,708031
2026-08-24,118.48999786376953,118.4800033569336,116.4000015258789,116.5,561816
2026-08-25,116.5,117.69999694824219,116.0,116.0999984741211,525646
2026-08-26,116.0999984741211,117.5199966430664,116.0,116.0,1004828
2026-08-27,116.0,116.0,116.0,116.0,0
2026-08-30,116.0,117.5999984741211,116.0,116.16000366210938,812392
2026-08-31,116.16000366210938,117.30000305175781,114.0,116.0,2200955
2026-09-01,116.0,116.08999633789062,112.5,114.9800033569336,1687943
2026-09-02,114.9800033569336,116.16000366210938,113.5,115.0,1119235
2026-09-03,115.0,116.0,113.98999786376953,115.98999786376953,714233
2026-09-06,115.98999786376953,118.19999694824219,115.0,118.19999694824219,1881469
2026-09-08,120.80000305175781,126.4000015258789,120.0999984741211,120.12000274658203,3372997
