Date,Open,High,Low,Close,Volume
2020-12-27,2.5884901868569203,2.5563350602074646,2.4437919252746974,2.5081021785736084,2044610
2020-12-28,2.508101922087773,2.564373579629489,2.508101922087773,2.5322184562683105,2784342
2020-12-29,2.5322188079226224,2.717110984585401,2.572412717705905,2.660839319229126,11086843
2020-12-30,2.6608392072945337,2.7412272151390638,2.652800425676048,2.701033115386963,4447843
2020-12-31,2.701032964722434,2.7090717458925138,2.652800277701955,2.6688778400421143,3191091
2021-01-03,2.668877715514459,2.902002550229022,2.6769164963094556,2.8216147422790527,15145787
2021-01-04,2.821614914535071,2.910041508678369,2.8055373519635625,2.845731258392334,11713024
2021-01-05,2.8457315521572477,2.958274693435303,2.8376927700416497,2.9100418090820312,8131778
2021-01-06,2.91004141947596,2.9502355163323135,2.845731171161247,2.8778862953186035,1097396
2021-01-10,2.8778861704066845,3.0225844144939558,2.8537698283354143,2.9421966075897217,7284977
2021-01-11,2.9421966075897217,3.030623195184379,2.8778861704066845,2.9421966075897217,5363989
2021-01-12,2.9421967130599804,2.9421967130599804,2.861808711614391,2.885925054550171,1984618
2021-01-13,2.885925011297083,2.9341578881054042,2.877886230438972,2.9020025730133057,2346408
2021-01-14,2.902002616507357,2.9261191511027937,2.853769930635798,2.885925054550171,2368556
2021-01-17,2.8859250763579425,2.926119173214296,2.8618087332399256,2.8778862953186035,715698
2021-01-18,2.8778863835353516,2.9020027273926146,2.797498570677808,2.845731258392334,2012888
2021-01-19,2.8457311927857605,2.9100414415891622,2.8135760683840596,2.869847536087036,1120714
2021-01-20,2.8698475369383813,3.0306233506542397,2.8939638802468113,2.9743518829345703,4627580
2021-01-21,2.974351904865084,3.0225845918375738,2.9341579990546767,2.966313123703003,1912892
2021-01-24,2.966313167803056,2.9743519490846495,2.902002725890642,2.950235605239868,638674
2021-01-25,2.950235605239868,2.950235605239868,2.950235605239868,2.950235605239868,0
2021-01-26,2.910041572958849,2.9582744533984644,2.8939640100321995,2.926119327545166,1126391
2021-01-27,2.9261188880464455,2.958274009070092,2.869847234595424,2.893963575363159,1263299
2021-01-31,2.893963857397282,2.918080392174957,2.837692390121908,2.8778862953186035,687054
2021-02-01,2.8778863171874614,2.9421967576505224,2.8135760683840596,2.869847536087036,3858976
2021-02-02,2.869847558098363,3.030623372999655,2.877886339260445,2.966313123703003,7489426
2021-02-03,2.966313145693111,3.0306233954665127,2.9100414854817216,2.9582743644714355,2286092
2021-02-04,2.958274386521462,2.982390730366243,2.918080480113493,2.950235605239868,3466624
2021-02-07,2.950235516533643,3.1270888910708297,2.974351859653306,3.070817232131958,4200885
2021-02-08,3.070816930656028,3.16728248532388,2.942196446645078,3.094933271408081,5930133
2021-02-09,3.0949336194421644,3.0949336194421644,2.98239068327681,3.0547397136688232,801572
2021-02-10,3.0547393701546595,3.119049803819774,3.0386618096532905,3.094933271408081,1541605
2021-02-11,3.094933744209499,3.247670783965207,3.1190502803053843,3.1994380950927734,7711493
2021-02-14,3.1994380534841826,3.2155156162325724,3.0708173598374002,3.111011266708374,1706621
2021-02-15,3.1110108530927785,3.199437628112057,3.0547393909548273,3.0868945121765137,3263275
2021-02-16,3.086894470247187,3.1351273430842097,3.0708169098547256,3.1029720306396484,652562
2021-02-17,3.102972378386027,3.1270889133370683,3.0306233485118814,3.0627784729003906,1376064
2021-02-18,3.06277843026471,3.054739649279487,2.9743518394272597,2.990429401397705,1024302
2021-02-21,2.990429464431478,3.0868948382874963,3.0145458078954825,3.0547397136688232,1348461
2021-02-22,3.054739691803263,3.1351276944341957,2.998468224123372,3.0627784729003906,1859602
2021-02-23,3.062778520353214,3.0547397391315387,2.9261192395847346,2.9582743644714355,1993393
2021-02-24,2.9582742559947626,3.0306232843368806,2.9502354750678608,2.9984681606292725,2496981
2021-02-25,2.998468224123372,3.111011159483154,3.022584567414754,3.0627784729003906,2628884
2021-02-28,3.062778368518179,3.199437834171526,3.0225844644023865,3.1190500259399414,10374110
2021-03-01,3.119050258671543,3.36825267444364,3.006507127090133,3.207476854324341,11338478
2021-03-02,3.2074767031559475,3.231593046288289,3.1029723579228095,3.175321578979492,6174494
2021-03-03,3.1753212871957923,3.1672825068903707,3.022584269733141,3.0868945121765137,3711658
2021-03-04,3.0868945121765137,3.0868945121765137,3.0868945121765137,3.0868945121765137,0
2021-03-07,3.175321496121737,3.311980770305645,3.135127591949999,3.2235543727874756,2839299
2021-03-08,3.2235545690426974,3.215515596059271,3.102972465866944,3.1351277828216553,2286666
2021-03-09,3.1351275875862585,3.1672827108788923,3.0708171493413374,3.1190500259399414,477537
2021-03-10,3.119050239742235,3.1431665838648195,2.974351983347063,3.111011266708374,433237
2021-03-11,3.111011160391936,3.199437944145827,3.054739692695607,3.167282819747925,1898832
2021-03-14,3.1672827979353784,3.2155154842000613,3.135127673758923,3.175321578979492,834242
2021-03-15,3.1753216017157135,3.3360974154088496,3.1672828206140395,3.271787166595459,5694322
2021-03-16,3.2717867204379067,3.408445788871173,3.295902868794667,3.3521745204925537,2247439
2021-03-17,3.352174907469293,3.392368620476965,3.239631974400775,3.2798256874084473,776983
2021-03-18,3.279825534296364,3.2878645065142016,3.2074765092726425,3.2476704120635986,1030481
2021-03-21,3.2476705836650677,3.255709556307671,3.0145457434999496,3.0788559913635254,1837592
2021-03-22,3.0788560372710996,3.0949335994767195,2.821614850321522,2.9743518829345703,2705928
2021-03-23,2.9743519021221414,3.135127716875166,2.813576087369117,3.0547397136688232,1224826
2021-03-24,3.0547397970890104,3.1994380534841826,3.0467010157148158,3.111011266708374,495064
2021-03-25,3.111010810835879,3.1431661232804404,3.022584228677341,3.1029720306396484,592577
2021-03-28,3.102972378386027,3.1592440377255775,3.0386621296090084,3.0627784729003906,456726
2021-03-29,3.062778368518179,3.2155153958178433,3.046700806871862,3.1190500259399414,702804
2021-03-30,3.1190500259399414,3.175321491702051,3.1029722726339717,3.1190500259399414,226200
2021-03-31,3.119049803819774,3.1753212655745644,3.0547393701546595,3.094933271408081,997600
2021-04-01,3.094933491810813,3.175321491702051,3.0708171493413374,3.1190500259399414,981942
2021-04-04,3.119050132239941,3.15120525662845,3.0145457863176266,3.0627784729003906,1115845
2021-04-05,3.0627783855148647,3.0547396046470956,2.8537698912932123,2.9180803298950195,1350654
2021-04-06,2.9180801077905336,2.9743515695819154,2.8618084543395126,2.893963575363159,851348
2021-04-07,2.893963747380518,2.9020025281142554,2.781420817108197,2.82965350151062,1813808
2021-04-08,2.829653588507904,2.8618087124314577,2.7573045596799086,2.7974984645843506,723662
2021-04-11,2.797498345929653,3.070817079346817,2.893963713608776,3.0386619567871094,1431687
2021-04-12,3.038662234340621,3.1672829279874035,3.0306234529664264,3.111011266708374,972231
2021-04-13,3.1110110936059003,3.0788559698982922,2.8778862550660875,2.9984681606292725,2105864
2021-04-14,2.9984681344090927,2.9904293535524857,2.733188174481419,2.8135759830474854,2174856
2021-04-15,2.8135761332493168,2.934158044195296,2.7331883203917733,2.845731258392334,2595266
2021-04-18,2.8457312737446405,3.111011249265345,2.87788639906113,3.030623435974121,2906622
2021-04-19,3.0306233920122305,3.102972422924845,3.0065070483746923,3.046700954437256,4034596
2021-04-20,3.046700910706136,3.111011159483154,3.022584567414754,3.0627784729003906,2695221
2021-04-21,3.2778614374760013,3.209035015204248,3.054175359973886,3.11439847946167,1727804
2021-04-22,3.1143979363380097,3.1402080453077788,3.0541748273526075,3.097191333770752,736464
2021-04-25,3.0971917466149854,3.148811766316399,3.0541752344628983,3.0799851417541504,512431
2021-04-26,3.0799847040204846,3.131604716385558,2.993951691943497,3.028364896774292,1078438
2021-04-27,3.0283650793058148,3.0799848896633373,2.890712046566862,2.9509353637695312,2236108
2021-04-28,2.9509356155068276,2.9681422204271892,2.839092478405564,2.899315595626831,1365836
2021-05-04,2.89931545527428,2.9681420767428204,2.8821088511868704,2.916522264480591,864585
2021-05-05,2.91652245341122,2.925125756012242,2.8132826170800436,2.847695827484131,2565126
2021-05-06,2.847695827484131,2.8821090378882186,2.7960760118779997,2.847695827484131,1107776
2021-05-09,2.8476956330036605,2.882108841057533,2.718646102801638,2.7960758209228516,2114185
2021-05-10,2.7960754114324553,2.8649018174604466,2.701439103143967,2.813282012939453,2960753
2021-05-11,2.813282521893559,2.8735056380630835,2.787472614963763,2.821885824203491,2301480
2021-05-17,2.821885799178185,2.9853487467361632,2.8304891014118203,2.9337289333343506,1618991
2021-05-18,2.933729120998319,3.2262416207721865,2.9251258182143496,3.11439847946167,9937870
2021-05-19,3.1143982205976366,3.1316050298542892,2.9853486895645003,3.045571804046631,2658983
2021-05-20,3.0455715985665073,3.114398010473899,2.9681418851706916,3.0541749000549316,1784404
2021-05-23,3.0541750944009487,3.140208319878619,3.062778396436826,3.105794906616211,355632
2021-05-24,3.1057946076435807,3.123001415177859,2.985348390735798,3.028364896774292,995756
2021-05-25,3.028365102558303,3.0885882151044863,2.9251254810505607,3.019761800765991,856060
2021-05-26,3.0197616941012355,3.0971914074970512,3.0111583926128116,3.0541749000549316,1380480
2021-05-27,3.0541751061155065,3.0885883143910093,3.0111585957711275,3.045571804046631,1660515
2021-05-30,3.0455717061429266,3.10579481868911,2.96814199001212,3.019761800765991,777750
2021-05-31,3.019761800765991,3.0799849133121744,2.96814199001212,3.019761800765991,413420
2021-06-01,3.0197619556707047,3.036968560137976,2.8993155192809037,2.9337289333343506,1778584
2021-06-02,2.9337288685680005,2.9681420767428204,2.8649022470994603,2.916522264480591,1299221
2021-06-03,2.91652232886708,3.0541751646052466,2.839092403645456,2.9337289333343506,4717609
2021-06-06,2.9337289333343506,2.976745444502528,2.9079190266334445,2.9337289333343506,1623624
2021-06-07,2.933728702819213,2.976745210607406,2.8476954821239375,2.882108688354492,319036
2021-06-08,2.882108688354492,2.907918798146297,2.864902085239215,2.882108688354492,539781
2021-06-09,2.8821088830938204,2.950935505324319,2.873505580954871,2.9251255989074707,998502
2021-06-10,2.925125675779028,2.950935582874154,2.8562990517397826,2.890712261199951,1925658
2021-06-13,2.890712372698542,2.9165224859081067,2.8132826484265965,2.8562991619110107,529199
2021-06-14,2.8562990658530265,2.8562990658530265,2.8046792514077157,2.830489158630371,190157
2021-06-15,2.8304889960631057,2.8562989018033864,2.7272493731019836,2.7874724864959717,417992
2021-06-16,2.787472443946071,2.9079188740143675,2.7530592368176707,2.839092254638672,1267437
2021-06-17,2.8390922979765327,2.882108807543667,2.7272493731019836,2.7874724864959717,1697155
2021-06-20,2.7874721106789564,2.83909191519995,2.7358523061579625,2.813282012939453,580100
2021-06-21,2.813282527725809,3.0283652910389067,2.7960759230702736,2.9423322677612305,4791359
2021-06-22,2.942331955977865,3.0455715729713204,2.925125353145623,2.9853484630584717,2499813
2021-06-23,2.98534887625565,3.0713819023245508,2.9079191527936397,2.96814227104187,2511356
2021-06-24,2.968142129315661,3.0111586402961104,2.968142129315661,2.9939520359039307,1448702
2021-06-27,2.9939520359039307,3.02836524468829,2.976745431511751,2.9939520359039307,1104789
2021-06-28,2.9939517183672053,3.1832245517259232,3.0197616222180916,3.097191333770752,4108983
2021-06-29,3.097191662257009,3.0197619424922,2.9337289205313013,2.9939520359039307,1419942
2021-06-30,2.9939519710697406,3.0111585750893104,2.9423321590110314,2.976745367050171,607069
2021-07-04,2.9767455736487602,3.0283653892901006,2.9423323632211997,2.96814227104187,918146
2021-07-05,2.96814205380207,3.114398187414642,2.9595387518248604,3.036968469619751,3416939
2021-07-06,3.0369684145882334,3.045571716409547,2.9337287927324702,2.959538698196411,1191717
2021-07-07,2.959538698196411,3.002555207302979,2.942332094553784,2.959538698196411,333995
2021-07-08,2.9595388400352567,3.002555351203434,2.9079190266334445,2.9337289333343506,408076
2021-07-11,2.9337290105864655,2.9767455228873705,2.864902385786107,2.899315595626831,488054
2021-07-12,2.8993155192809037,2.9853487467361632,2.9079190266334445,2.9337289333343506,1068997
2021-07-13,2.9337289333343506,2.9595388400352567,2.925125631100715,2.9337289333343506,635747
2021-07-14,2.93372884589323,3.097191583460222,2.93372884589323,3.036968469619751,3147767
2021-07-15,3.036968469619751,3.097191583460222,3.011158563688121,3.036968469619751,1437501
2021-07-18,3.036968271555199,3.062778175803563,2.9595385588101077,2.9853484630584717,894745
2021-07-25,2.9853486371907954,3.226241296012098,3.0111585429446244,3.1488115787506104,7646040
2021-07-26,3.1488116944529474,3.303671134666195,3.1574149966870166,3.24344801902771,7883341
2021-07-27,3.2434481003793696,3.4069110520455443,3.191828285680234,3.3294811248779297,4297077
2021-07-28,3.3294811248779297,3.398307749595688,3.295067915078506,3.3294811248779297,1099512
2021-07-29,3.3294808969154133,3.3724976113383405,3.22624127458574,3.2692577838897705,1085617
2021-08-01,3.2692576768620927,3.3552908977725284,3.2348444705454744,3.303670883178711,1387718
2021-08-02,3.3036710781779646,3.4241175125143717,3.269257869830106,3.3466877937316895,3194005
2021-08-03,3.3466878136233493,3.5015474572280527,3.2606545871234465,3.4155142307281494,6392736
2021-08-04,3.415513859413246,3.441323763021643,3.346687449790855,3.381100654602051,1261731
2021-08-05,3.381101034668232,3.424117545517669,3.3294810165300035,3.3552911281585693,1162380
2021-08-08,3.3552911281585693,3.3552911281585693,3.3552911281585693,3.3552911281585693,0
2021-08-09,3.3552911281585693,3.3552911281585693,3.3552911281585693,3.3552911281585693,0
2021-08-10,3.346687620881629,3.4069107323799726,3.329480812477497,3.36389422416687,753698
2021-08-11,3.363894353975939,3.4327207697728404,3.355291052001326,3.3983075618743896,913383
2021-08-15,3.3983075508176235,3.527357080016937,3.3638943430311397,3.4585306644439697,6686938
2021-08-16,3.4585303654272406,3.441323763021643,3.312274039860779,3.381100654602051,2587034
2021-08-17,3.3811005926675275,3.3724972916223224,3.2778607750061926,3.3122739791870117,1609434
2021-08-18,3.312274209192256,3.4413239389504544,3.260654399336533,3.36389422416687,6633151
2021-08-19,3.36389432177077,3.424117435016496,3.33808441609403,3.3897042274475098,1216550
2021-08-22,3.389704356278119,3.5101505873473045,3.3552911474012093,3.4241175651550293,3310514
2021-08-23,3.424117435016496,3.424117435016496,3.3552910198785235,3.3897042274475098,1068762
2021-08-24,3.3897042274475098,3.4413240388009894,3.36389432177077,3.3897042274475098,626184
2021-08-25,3.3897043122235884,3.527357145942214,3.3983076143310025,3.4757373332977295,3760345
2021-08-26,3.4757371833663973,3.6219935180023444,3.484340690221588,3.56177020072937,3851088
2021-08-29,3.5617704202844744,3.5703739276700035,3.398307677218635,3.4929440021514893,1076002
2021-08-30,3.4929440021514893,3.544563815751228,3.415514281751881,3.4929440021514893,1010140
2021-08-31,3.4929438730600926,3.4757372691627637,3.406910853573449,3.449927568435669,477226
2021-09-01,3.4499275248261774,3.5359605432253036,3.4585306215471943,3.51015043258667,1993682
2021-09-02,3.5101504126511163,3.7424397661283875,3.5187539195610618,3.63059663772583,11181463
2021-09-05,3.6305964800302317,3.6736131922359423,3.49294365735239,3.5273568630218506,1564628
2021-09-06,3.5273571585234498,3.5273571585234498,3.3983076264519494,3.4155142307281494,2283486
2021-09-07,3.4155141123476316,3.5531671469051287,3.4155141123476316,3.51015043258667,963515
2021-09-08,3.510150607832592,3.527357212371465,3.458530794215973,3.4843409061431885,2099315
2021-09-09,3.4843409792131586,3.5101506814438164,3.277861310178794,3.3294811248779297,1859381
2021-09-12,3.3294806422663767,3.432720461818844,3.312274039860779,3.381100654602051,546581
2021-09-13,3.3811011173469296,3.4671343462684945,3.415514326867992,3.441324234008789,385540
2021-09-14,3.4413241896771,3.4843409061431885,3.3983076783299175,3.4843409061431885,196006
2021-09-15,3.484340732185828,3.6133900546656212,3.4499275248261774,3.51015043258667,3247169
2021-09-16,3.5101502601871206,3.604786780897022,3.49294365735239,3.5273568630218506,947865
2021-09-19,3.527357036266495,3.6564067689840796,3.484340732185828,3.51015043258667,5835852
2021-09-20,3.510150653050914,3.6133902816141017,3.398307722107461,3.441324234008789,10579312
2021-09-21,3.4413241896771,3.544563816910338,3.3983076783299175,3.4843409061431885,4273595
2021-09-22,3.484340521948172,3.6564065483643278,3.510150220791712,3.57037353515625,4424832
2021-09-23,3.570374010654035,3.665010542905375,3.56177050306854,3.578977108001709,1235172
2021-09-26,3.5789766313581746,3.6219933430810967,3.535960329873019,3.57037353515625,305957
2021-09-27,3.570373430173837,3.6994231513102895,3.5273567197157676,3.6047866344451904,8041115
2021-09-28,3.6047869602596125,3.72523318609574,3.544563642222653,3.6908199787139893,6546948
2021-09-29,3.6908200435744942,3.751043362669786,3.673613439581239,3.708026647567749,2265966
2021-09-30,3.708026951012197,3.828473188821637,3.6478036269885603,3.716630458831787,2448186
2021-10-03,3.7166297535070014,3.7768526558639817,3.5961831283175316,3.613389730453491,1642464
2021-10-04,3.613389944496453,3.613389944496453,3.5101503255651894,3.5445635318756104,2679941
2021-10-05,3.5445637511591443,3.6133901680379155,3.449927633069736,3.4671342372894287,1645365
2021-10-06,3.4671344283471015,3.5703740593543145,3.458530920644254,3.518754243850708,3896356
2021-10-10,3.5187539840249835,3.4929438730600926,3.398307551624785,3.449927568435669,844522
2021-10-11,3.4499276970654424,3.5359607197598075,3.4413241896771,3.4843409061431885,1424974
2021-10-12,3.4843410335149705,3.553167454186446,3.4499278231792325,3.518754243850708,206074
2021-10-13,3.5187541605500883,3.553167370071151,3.441324234008789,3.441324234008789,3250835
2021-10-14,3.4413241258409877,3.510150542719759,3.424117521621295,3.4671342372894287,410707
2021-10-17,3.4671339582191805,3.5703735752275616,3.4413238488482,3.5273568630218506,1665729
2021-10-18,3.5273568630218506,3.5273568630218506,3.5273568630218506,3.5273568630218506,0
2021-10-19,3.8026630642028207,3.845679367817669,3.613390015536572,3.7424397468566895,4421739
2021-10-20,3.7424400791166303,3.8284731042222657,3.5789771262970116,3.639200448989868,4221532
2021-10-24,3.6392006244052006,3.7768534712093063,3.596183904659996,3.6219940185546875,505238
2021-10-25,3.6219937358824685,3.7080267584207363,3.613390228509736,3.665010452270508,1703152
2021-10-26,3.665010278296572,3.7596463934774906,3.6822168819874475,3.6908199787139893,617818
2021-10-27,3.690819645123574,3.690819645123574,3.5273567197157676,3.6047866344451904,843135
2021-10-28,3.604786634504389,3.6478029347254095,3.5531668280965105,3.613389730453491,1099463
2021-10-31,3.613390317868047,3.6564070353198797,3.570374010654035,3.578977108001709,318912
2021-11-01,3.5789768042019645,3.6133900111471537,3.5445635972567757,3.56177020072937,658056
2021-11-02,3.561770568266141,3.8714898729703617,3.596183778762407,3.845679759979248,3080898
2021-11-03,3.8456794358309376,4.000539280248987,3.8542829428487377,3.9403159618377686,6653742
2021-11-04,3.9403155310541655,3.9919353368041364,3.6994231042209695,3.776852607727051,170830
2021-11-07,3.776852607727051,3.776852607727051,3.776852607727051,3.776852607727051,0
2021-11-08,3.776852607727051,3.776852607727051,3.776852607727051,3.776852607727051,0
2021-11-09,3.776852607727051,3.776852607727051,3.776852607727051,3.776852607727051,0
2021-11-10,3.4757374435298516,3.510150653050914,3.346687907825867,3.441324234008789,4338968
2021-11-11,3.4413240388009894,3.5015473571656126,3.3294809090828865,3.3897042274475098,2518942
2021-11-14,3.389704315564131,3.432720826143594,3.269257880822732,3.29506778717041,2212496
2021-11-15,3.2950673770966024,3.4241170978935513,3.269257473960988,3.3122739791870117,1269326
2021-11-16,3.3122744369002644,3.415514268828001,3.226241414559571,3.24344801902771,976344
2021-11-17,3.243448275273061,3.3552914182709217,3.148811943221651,3.183225154876709,1224877
2021-11-18,3.183225154876709,3.183225154876709,3.183225154876709,3.183225154876709,0
2021-11-21,3.2434480461735893,3.2950678600100347,3.0971917018514206,3.12300181388855,843823
2021-11-22,3.12300181388855,3.12300181388855,3.12300181388855,3.12300181388855,0
2021-11-23,3.1402083733022774,3.2692579060359237,3.1574149776667637,3.17462158203125,1344491
2021-11-24,3.1746211624637346,3.320877280232217,3.1746211624637346,3.3122739791870117,777711
2021-11-25,3.3122744121902286,3.363894430328457,3.2778612035106787,3.3552911281585693,704697
2021-11-28,3.3552911281585693,3.3552911281585693,3.3552911281585693,3.3552911281585693,0
2021-11-29,3.3552911281585693,3.406910941177894,3.3380845238187944,3.3552911281585693,250987
2021-11-30,3.3552911281585693,3.381101034668232,3.3122744121902286,3.3552911281585693,633782
2021-12-01,3.3552911281585693,3.3552911281585693,3.3552911281585693,3.3552911281585693,0
2021-12-02,3.4241174574707776,3.5445636847520783,3.4241174574707776,3.449927568435669,3603475
2021-12-05,3.4499277093007126,3.4843409185005063,3.398307690382116,3.432720899581909,1975513
2021-12-06,3.4327205210496654,3.7510430812835693,3.4413238224009124,3.7510430812835693,6328134
2021-12-07,3.751043340463366,4.301655075225669,3.7166301326805846,4.0091423988342285,14042239
2021-12-08,4.009142201405118,4.043555407493231,3.8972994867376403,3.957522392272949,4111865
2021-12-09,3.957523146697834,4.284449077094757,3.957523146697834,4.146796226501465,4765999
2021-12-12,4.146796247138384,4.344672425969917,4.103779525994976,4.2930521965026855,4094938
2021-12-13,4.293052110133188,4.293052110133188,4.077969329218992,4.129589557647705,2361972
2021-12-14,4.1295890149852506,4.18981192317521,4.103778904162557,4.120985507965088,1567508
2021-12-15,4.120985507965088,4.120985507965088,4.120985507965088,4.120985507965088,0
2021-12-16,4.1295892714500715,4.3016553201614,4.08657255415333,4.189812183380127,5346991
2021-12-19,4.189812183380127,4.215622295805736,4.069365949282197,4.189812183380127,378801
2021-12-20,4.189811857412656,4.198415364297779,4.077968729332781,4.095175743103027,412199
2021-12-21,4.095175998912482,4.267242044985354,4.129589208127056,4.172605514526367,1483041
2021-12-22,4.172605253880197,4.241431668010032,4.043555522267864,4.095175743103027,841465
2021-12-23,4.0951760974701035,4.396291890463417,4.103779194861889,4.310258865356445,4925680
2021-12-26,4.31025899038986,4.430705229033565,4.241432158069908,4.353275299072266,4060812
2021-12-27,4.35327484312451,4.327465142665856,4.198415409659216,4.232828617095947,2157011
2021-12-28,4.232828660743215,4.387688095805358,4.198415452951628,4.361878395080566,1008995
2021-12-29,4.3618780635855,4.430704473937989,4.2586380378190025,4.284448146820068,2141105
2021-12-30,4.284448069441283,4.387687683105469,4.241431358628994,4.387687683105469,1564026
2022-01-02,4.387688183488384,4.370481579248736,4.258638446572119,4.275845050811768,570175
2022-01-03,4.275844706275166,4.447911145044782,4.215621801407906,4.301654815673828,3451113
2022-01-04,4.301655704826509,4.336068917646093,4.2586389836831025,4.2930521965026855,1310077
2022-01-05,4.2930518500972275,4.370481777812414,4.284448752705442,4.310258865356445,2053080
2022-01-09,4.310258865356445,4.310258865356445,4.310258865356445,4.310258865356445,0
2022-01-10,4.2844484939138505,4.310258605005857,4.241431778839772,4.250035285949707,147797
2022-01-11,4.250035800093057,4.258638898005945,4.077969329218992,4.129589557647705,3999374
2022-01-12,4.129588749808256,4.155398448735814,4.043555326082352,4.052158832550049,2397108
2022-01-13,4.052158832550049,4.1726050514334405,4.043555326082352,4.052158832550049,2090226
2022-01-16,4.052158766111801,4.0951754772694615,4.000538958865265,4.034952163696289,529517
2022-01-17,4.0349528635555,4.120985890555417,3.9575229341366587,3.9661264419555664,3864895
2022-01-18,3.9661258061819122,4.181208544322657,3.9661258061819122,4.164001941680908,2746512
2022-01-19,4.164002090022749,4.172605186531224,4.04355545700185,4.086572170257568,625014
2022-01-20,4.086572837369727,4.138192655560592,4.0693662313061045,4.129589557647705,482299
2022-01-23,4.129588749808256,4.146795352505884,4.052158832550049,4.052158832550049,220140
2022-01-24,4.052158699104489,4.043555192920122,4.000538892711549,4.017745494842529,95886
2022-01-25,4.017746288303013,4.138192527006675,4.017746288303013,4.103779315948486,585537
2022-01-26,4.103779443433348,4.146796163711326,4.052159625242483,4.129589557647705,346605
2022-01-30,4.1295886821004855,4.1295886821004855,4.0091420549541406,4.034952163696289,157926
2022-01-31,4.034953017321791,4.155399259711708,3.957523084952206,4.138192653656006,788696
2022-02-01,4.138192217857183,4.301655163290769,4.138192217857183,4.267241954803467,2826725
2022-02-02,4.267242386151124,4.706011043835382,4.293052090006633,4.6371846199035645,11248838
2022-02-03,4.637184056810053,5.1619860909201885,4.5597545444079515,4.731820583343506,4008282
2022-02-06,4.731820932801767,4.903886984444883,4.64578790698021,4.6974077224731445,2501207
2022-02-07,4.697407113455876,4.774837031775428,4.602770592202843,4.671597003936768,1218914
2022-02-08,4.671596989538852,4.817853319141565,4.628580687456613,4.774837017059326,830667
2022-02-09,4.774837442390379,5.213606060045201,4.8092506512167255,5.015729904174805,5237198
2022-02-10,5.015730090847134,5.144779833867731,4.79204422515088,4.817853927612305,2688005
2022-02-13,4.8178538981140155,5.170589914908993,4.809250800758822,4.938300132751465,2221994
2022-02-14,4.938299807558321,5.075953048317163,4.792043880248605,4.852266788482666,199617
2022-02-15,4.85226670429952,4.989919942670182,4.85226670429952,4.946903228759766,821563
2022-02-16,4.946903030681412,4.989919742869403,4.869473112838138,4.895283222198486,855676
2022-02-17,4.895283418209937,5.067349453376031,4.912490021726547,4.946903228759766,3787972
2022-02-20,4.946903181587091,4.981316388292153,4.731820434561565,4.809250354766846,416693
2022-02-21,4.809250572718246,4.886680086194786,4.645787628342302,4.740424156188965,192862
2022-02-22,4.740424179589181,4.80064708923068,4.5425480259718185,4.6285810470581055,1299324
2022-02-23,4.628581063050695,4.946903447288722,4.602770951516728,4.878077030181885,1481731
2022-02-24,4.878076944043504,4.7404241122605395,4.043555625764783,4.6199774742126465,3936501
2022-02-27,4.619976968656773,5.067349033234077,4.817853097810451,4.955506324768066,1485041
2022-02-28,4.955506324768066,5.075952539397945,4.860869808154284,4.955506324768066,1446394
2022-03-01,4.9555066528903895,5.144779288412637,5.015729559074032,5.041539669036865,1734991
2022-03-02,5.041539335301448,5.0673490333179725,4.929696216595832,4.964109420776367,1257448
2022-03-03,4.964109749386147,5.118969178449803,5.007126462578275,5.041539669036865,802579
2022-03-06,5.041540368076186,5.093160184921464,4.946903832074258,4.981317043304443,1408322
2022-03-07,4.981316614041448,4.946903405776808,4.671597329421881,4.740424156188965,1397118
2022-03-08,4.740424156188965,4.740424156188965,4.740424156188965,4.740424156188965,0
2022-03-09,4.645787387851132,4.740423910798895,4.5253411651598405,4.559754371643066,1040536
2022-03-10,4.559754371643066,4.611374181367906,4.490927548438833,4.559754371643066,3953726
2022-03-13,4.559754028619059,4.697406844196532,4.559754028619059,4.594167232513428,573134
2022-03-14,4.5941675776298885,4.5941675776298885,4.568357467651367,4.568357467651367,314357
2022-03-15,4.5683580389845035,4.594168152190918,4.387688477253097,4.473721504211426,890361
2022-03-16,4.4737213776388165,4.542548207496031,4.3618786508762115,4.4307050704956055,5135281
2022-03-17,4.430704542191598,4.533944159310704,4.04355536263829,4.301654815673828,8605057
2022-03-20,4.301654865254687,4.473720895769763,4.301654865254687,4.439307689666748,2347687
2022-03-21,4.439308174359332,4.774837585854172,4.439308174359332,4.680201053619385,2519350
2022-03-22,4.680200458367483,4.8866796912683075,4.447911116235171,4.533944129943848,1402828
2022-03-23,4.533944454348293,4.688803890104129,4.353274907514253,4.6199774742126465,1117145
2022-03-24,4.619977277869822,4.6888036908362745,4.5253411651598405,4.559754371643066,1445459
2022-03-27,4.559754388140731,4.559754388140731,3.647803182322359,3.785456418991089,15846319
2022-03-28,3.7854568804371813,3.8714899074439244,3.570374107801408,3.716630458831787,2332605
2022-03-29,3.7166303204151063,3.7424400224369947,3.441324234008789,3.441324234008789,10182536
2022-03-30,3.441323699983961,3.5273567104360093,3.269257473960988,3.3122739791870117,8276433
2022-03-31,3.3122744622637255,3.4671343139006097,3.320877764563674,3.432720899581909,5859963
2022-04-03,3.4327206573420543,3.7252331200172186,3.441323959034886,3.6736133098602295,6226972
2022-04-04,3.6736137402094995,3.7424401618148937,3.578977205383166,3.716630458831787,3907051
2022-04-05,3.716630089369198,3.7596463934774906,3.6564067713322386,3.6908199787139893,3140194
2022-04-06,3.690820328486659,3.7338370469093634,3.630597004742439,3.656407117843628,1236292
2022-04-07,3.6564069045090113,3.6564069045090113,3.492943958373013,3.5359606742858887,579841
2022-04-10,3.535960699123892,3.570373908000802,3.3208777334053945,3.4241175651550293,569354
2022-04-11,3.4241173356652133,3.5273569553766593,3.329480812477497,3.36389422416687,1141435
2022-04-12,3.3638946214267023,3.475737555988883,3.3552913187680726,3.4069111347198486,447098
2022-04-13,3.4069110244877265,3.561770467332508,3.398307722107461,3.441324234008789,1483210
2022-04-14,3.4413239573018815,3.5015472742402665,3.1488114947740224,3.2520511150360107,2828829
2022-04-17,3.2520511293073047,3.4843406861539417,3.2262412241285436,3.37249755859375,6504507
2022-04-18,3.372497771521608,3.492944003293719,3.338084562443862,3.4843409061431885,1506818
2022-04-19,3.572552193446237,3.5019831215414388,3.4225931522493127,3.4843409061431885,724529
2022-04-20,3.484340627293923,3.5284461622598147,3.360844919077646,3.422592878341675,561038
2022-04-21,3.422592946814936,3.4843406970025255,3.3873083078245294,3.413771629333496,891416
2022-04-26,3.4137716062972787,3.510803994820498,3.3520238565263645,3.440235137939453,1666595
2022-04-27,3.440235017845888,3.4755194450546822,3.38730816672092,3.4049503803253174,1165762
2022-04-28,3.404950704599902,3.784258753841855,3.3961295969576146,3.748974323272705,5050163
2022-05-08,3.7489738260588723,3.7489738260588723,3.6078361225008933,3.616657018661499,2211861
2022-05-09,3.616657374582579,3.6695840186254176,3.4666985497945366,3.4755196571350098,2233767
2022-05-10,3.4755196571350098,3.528446301177848,3.4137716954399098,3.4755196571350098,748905
2022-05-11,3.4755197072449024,3.6607631743774576,3.5196252445831795,3.625478744506836,5381076
2022-05-12,3.625478585715882,3.6607630140410947,3.5108039833471594,3.5284461975097656,3427168
2022-05-15,3.5284462328508037,3.5725519790108664,3.369666093485218,3.413771629333496,1250283
2022-05-16,3.4137714407748123,3.440234971133858,3.2373493071263253,3.387308120727539,4466254
2022-05-17,3.3873082220301813,3.457877287911825,3.316739366460317,3.334381580352783,757628
2022-05-18,3.334381580352783,3.3784871150839484,3.2902760456216176,3.334381580352783,504433
2022-05-19,3.334381637152217,3.2902761016697366,3.237349459090761,3.263812780380249,1359705
2022-05-22,3.2638127399070784,3.307918274842624,3.175601459724207,3.2020649909973145,855764
2022-05-23,3.2020649726868737,3.2461705073702096,3.0873903721984215,3.113853693008423,1857296
2022-05-24,3.1138538813611105,3.1756016336528163,2.919789306703957,2.963894844055176,1928803
2022-05-25,2.963894713371019,2.955073606289716,2.619871326888415,2.646334648132324,8584536
2022-05-26,2.6463343880393286,2.6639766004679832,2.40816430994073,2.4258065223693848,7928589
2022-05-29,2.42580654377361,2.6110499862207495,2.3111319516637563,2.602228879928589,3862387
2022-05-30,2.6022290677480373,2.708082350894072,2.5757657469615287,2.628692388534546,1531676
2022-05-31,2.628692433969718,2.708082397701446,2.637513541051021,2.646334648132324,904641
2022-06-01,2.6463347599673606,2.672798082329619,2.514017937844276,2.549302577972412,474788
2022-06-02,2.5493026223548734,2.5934081603931665,2.5051968740047856,2.5669448375701904,624879
2022-06-05,2.5669448375701904,2.5669448375701904,2.5669448375701904,2.5669448375701904,0
2022-06-06,2.558123348467785,2.6816188365580356,2.5669444547599456,2.602228879928589,1745947
2022-06-07,2.6022288981158717,2.849220086334387,2.6198711108234964,2.822756767272949,5277149
2022-06-08,2.8227570953706183,2.9109681691617855,2.8403993101288516,2.858041524887085,1477316
2022-06-09,2.858041467249826,2.963894753664516,2.8315781456461537,2.928610324859619,1905683
2022-06-12,2.9286102850458064,2.9374313921271096,2.8492203213140783,2.8668625354766846,613408
2022-06-13,2.8668626326242577,2.8668626326242577,2.681619167327881,2.681619167327881,3117932
2022-06-14,2.6816188797935316,2.752187731268593,2.6639766669247664,2.7080821990966797,682122
2022-06-15,2.7080823412075743,2.7874725135949094,2.6992612343102897,2.7169034481048584,1147217
2022-06-16,2.7169033765957495,2.7874724402284174,2.6992611632655255,2.7698302268981934,1349144
2022-06-19,2.76983035758235,2.7786514646636533,2.628692433969718,2.646334648132324,1434108
2022-06-20,2.6463344113893927,2.716903261726679,2.5845866673442672,2.602228879928589,1128081
2022-06-21,2.6022291634385253,2.6816191287174194,2.611050270691736,2.6198713779449463,535077
2022-06-22,2.619871185910882,2.646334505730777,2.593407866090987,2.6375133991241455,571892
2022-06-23,2.637513698431459,2.6110503756084835,2.558123729962532,2.5669448375701904,468159
2022-06-26,2.5669449940964,2.628692751115242,2.381701512728067,2.399343729019165,2906086
2022-06-27,2.399343235273533,2.452269873255389,2.09060409308918,2.1347098350524902,7454950
2022-06-28,2.134710011458398,2.31113215264357,1.9935720881984786,2.2493844032287598,4123446
2022-06-29,2.2493844629806863,2.399343497283328,2.2141000338063677,2.3552379608154297,3008771
2022-07-03,2.3552378552214455,2.3552378552214455,2.1611732931515344,2.187636613845825,1731849
2022-07-04,2.1876366708984727,2.2229210994110638,2.0553198536644732,2.117067813873291,1573812
2022-07-05,2.1170677177353174,2.3023109590143553,2.1170677177353174,2.1258888244628906,3024920
2022-07-06,2.1258889199363855,2.3817012368362933,2.152352241307571,2.3375957012176514,6112857
2022-07-07,2.337595483410323,2.3817010149193973,2.275847528985856,2.3111319541931152,4096798
2022-07-17,2.311131955950572,2.355237697804949,2.2582053180994364,2.267026424407959,360513
2022-07-18,2.2670266283634266,2.47873340912616,2.2934899496697954,2.3817012310028076,5217660
2022-07-19,2.3817010352279406,2.5051965245063825,2.3817010352279406,2.4875543117523193,2995980
2022-07-20,2.4875544538794703,2.628692374287697,2.478733346998442,2.496375560760498,4084977
2022-07-21,2.496375394110896,2.628692198805071,2.496375394110896,2.602228879928589,4280325
2022-07-24,2.6022290630173033,2.769830304672279,2.611050169930103,2.672797918319702,6824439
2022-07-25,2.672797928203589,2.6992612490398487,2.5581235379131297,2.5845868587493896,5592819
2022-07-26,2.58458680463606,2.6727978722433896,2.58458680463606,2.655155658721924,5245527
2022-07-27,2.6551557668827934,2.7080824096032203,2.5581235885620117,2.5581235885620117,5562716
2022-07-28,2.5581236854264984,2.6110503301510155,2.4963757229361034,2.549302577972412,5471835
2022-07-31,2.5493024123584442,2.6022290536446127,2.496375560760498,2.496375560760498,8453128
2022-08-01,2.496375628409731,2.6463346597627226,2.4699123070495177,2.5581235885620117,19825541
2022-08-02,2.5581235885620117,2.6198713384025094,2.5316600568900154,2.5581235885620117,8518370
2022-08-03,2.5581235379131297,2.628692393476489,2.54048132402229,2.5845868587493896,9140141
2022-08-04,2.5845868879370193,2.7521879217927094,2.611050209072128,2.7345457077026367,17875969
2022-08-07,2.734545774371681,2.866862593584931,2.7698304137238576,2.7962937355041504,15502910
2022-08-08,2.796293471327267,2.8492201098876637,2.7345455160283705,2.752187728881836,8275811
2022-08-09,2.7521878250271268,2.91096795656693,2.734545611557346,2.7433667182922363,12011842
2022-08-10,2.7433667182922363,2.7962935690133532,2.6992611846177836,2.7433667182922363,4699511
2022-08-11,2.7433667379871705,2.9286101910615283,2.796293589088255,2.831578016281128,11818118
2022-08-14,2.8315780669620576,2.910968029566981,2.787472532181545,2.80511474609375,4340391
2022-08-15,2.8051146958864734,2.902146870666874,2.787472482290037,2.831578016281128,8293337
2022-08-16,2.8315782099047415,2.919789283918806,2.7962937802991155,2.8139359951019287,5798391
2022-08-17,2.813935925355018,3.025642708053146,2.813935925355018,2.9727158546447754,15853611
2022-08-18,2.9727158546447754,2.9727158546447754,2.9727158546447754,2.9727158546447754,0
2022-08-21,2.9374314473134744,3.043284944589594,2.9550736618075297,3.0168216228485107,9649398
2022-08-22,3.0168215315735227,3.122674815335228,2.96389467938089,2.981537103652954,11248865
2022-08-23,2.981537103652954,2.981537103652954,2.981537103652954,2.981537103652954,0
2022-08-24,2.85804137796149,2.9903581921579154,2.822756950258918,2.8933258056640625,9616598
2022-08-25,2.8933257167773414,3.2197070836228345,2.9286101433959306,3.1667802333831787,27415108
2022-08-28,3.1667802333831787,3.2726337235507184,3.1138535934552953,3.1667802333831787,7966400
2022-08-29,3.1667803808680746,3.2549916618345396,3.096211524344328,3.131495952606201,5408151
2022-08-30,3.131496001011343,3.4490562809004586,3.1138537866077014,3.3255605697631836,17671028
2022-08-31,3.325560337635266,3.3961291903240447,3.219707058602097,3.237349271774292,8079499
2022-09-01,3.2373493680330747,3.334381543365284,3.1756014097826197,3.2285282611846924,5564744
2022-09-04,3.22852825250824,3.343202641229034,3.157959187599052,3.316739320755005,3939949
2022-09-05,3.31673951425441,3.3873083729688265,3.2726339775578994,3.2990972995758057,5032408
2022-09-06,3.299096960555978,3.475519299524401,3.3167391734216434,3.3961291313171387,7690814
2022-09-07,3.3961292516380825,3.678405088112974,3.4137714651287916,3.4314138889312744,25978634
2022-09-08,3.4314137673602367,3.5460881509870634,3.378486918451473,3.3961291313171387,8289820
2022-09-11,3.3961291313171387,3.466698193091568,3.387308024884306,3.3961291313171387,3753878
2022-09-12,3.3961292274099635,3.466698291181131,3.3784870140451146,3.387308120727539,3772012
2022-09-13,3.3873082220301813,3.4225928601268927,3.316739366460317,3.334381580352783,2740868
2022-09-14,3.334381637152217,3.3167394229592246,3.219707244897769,3.263812780380249,6552462
2022-09-15,3.2638126885782226,3.2990971159717533,3.2197071543363096,3.2285282611846924,2641179
2022-09-18,3.2285281785891433,3.2373492852118555,2.8756834930571227,2.9462523460388184,6502235
2022-09-19,2.9462526926019663,3.052106194837665,2.8580416159987143,3.0256428718566895,2802723
2022-09-20,3.025642667820581,3.131495952606201,2.9727158151159894,3.131495952606201,3295934
2022-09-21,3.131495810262523,3.1667802369205256,3.0873902769400203,3.1226747035980225,4214628
2022-09-22,3.122674714679621,3.078569181200599,2.9727156905391716,2.9903581142425537,5704603
2022-09-25,2.9903581921579154,3.0168215129348446,2.875683591812776,2.8933258056640625,3302587
2022-09-26,2.8933258511333033,2.9727158147117216,2.8933258511333033,2.910968065261841,4801799
2022-09-27,3.1495717821637825,3.2927342289873147,3.1782042260184014,3.235469341278076,4088610
2022-09-28,3.2354695081773905,3.416808328610875,3.254557805065126,3.2831902503967285,9783424
2022-09-29,3.283190236134336,3.3977200169632225,3.273646087731929,3.292734384536743,6902751
2022-10-02,3.292734274689989,3.3404550151100447,3.178204270131416,3.1972925662994385,4097525
2022-10-03,3.1972925943549266,3.235469414576403,3.149571853516133,3.178204298019409,1867510
2022-10-04,3.1782043761574097,3.321366829743965,3.2163809697670387,3.292734384536743,3277196
2022-10-05,3.2927344132278535,3.3690876011124113,3.2641019677711443,3.273646116256714,2985860
2022-10-09,3.27364618904555,3.2831903377433322,3.2163810693084045,3.2259254455566406,1222919
2022-10-10,3.225925416612374,3.2831903082852625,3.2068368918376255,3.24501371383667,1552657
2022-10-11,3.245013761416846,3.2831903564252047,3.187748641353853,3.2068369388580322,3724162
2022-10-12,3.206836570138444,3.225925092998295,3.101850945936624,3.130483388900757,2313816
2022-10-13,3.1304834997212634,3.1591159436989975,2.996865427825172,3.0541303157806396,5025483
2022-10-16,3.0541304542032828,3.168660235305063,3.0445863057781346,3.1209394931793213,4008344
2022-10-17,3.1209395266535123,3.273646130644215,3.140027823708544,3.264101982116699,3602570
2022-10-18,3.264101925232012,3.3786317055662494,3.264101925232012,3.302278518676758,5743701
2022-10-19,3.302278635138896,3.3213669325344597,3.197292771912841,3.2259254455566406,1392397
2022-10-20,3.225925373828865,3.3118227101989928,3.197292700821707,3.273646116256714,1793859
2022-10-23,3.273646017846204,3.378631648031452,3.3118226106408395,3.3404550552368164,2489719
2022-10-24,3.3404549403929096,3.359543236133977,3.235469313817038,3.2545576095581055,1553030
2022-10-25,3.254557819285574,3.340455155655702,3.225925373828865,3.273646116256714,2183071
2022-10-26,3.273646116256714,3.273646116256714,3.273646116256714,3.273646116256714,0
2022-10-27,3.397720006209728,3.8081188413152542,3.5599707560875875,3.626779794692993,12705076
2022-10-30,3.626779842951165,3.9512811194742734,3.626779842951165,3.7603981494903564,10810818
2022-10-31,3.760398022922415,4.008545875549316,3.6458680172364804,4.008545875549316,10289508
2022-11-01,4.008545819927277,4.113531675978485,3.903560418976947,4.046722412109375,10011024
2022-11-02,4.046722673505548,4.046722673505548,3.8462957791534915,3.8749279975891113,4610790
2022-11-03,3.8749280860281488,3.960825653497295,3.7794865972296066,3.8176631927490234,5763904
2022-11-06,3.817662885377946,4.065811191375935,3.8272072610398133,4.027634143829346,4635177
2022-11-07,4.0276343255577025,4.275782642752236,4.01809040456609,4.237606048583984,6900840
2022-11-08,4.237606199886885,4.3425920651485255,4.103988115527199,4.132620334625244,9854211
2022-11-09,4.13261996897499,4.123076048487051,3.865383823900415,4.056266784667969,12847438
2022-11-10,4.056266998734341,4.380768504265377,3.9703694343053257,4.237606048583984,8268880
2022-11-13,4.237606048583984,4.371224128172863,4.228061672491472,4.237606048583984,4532862
2022-11-14,4.23760622620924,4.275782821977717,4.075355466642752,4.123076438903809,8489239
2022-11-15,4.123076438903809,4.23760622620924,4.084899843135331,4.123076438903809,5721884
2022-11-16,4.123075907776077,4.275782271178607,4.1135315325129875,4.161252498626709,7393788
2022-11-17,4.161253064689577,4.228061880215878,4.094443794062351,4.103988170623779,5772749
2022-11-20,4.103987669213593,4.199429147662565,4.084899373523799,4.113531589508057,10074559
2022-11-21,4.113531704382631,4.199429264935916,4.027634143829346,4.027634143829346,10689456
2022-11-22,4.027634001943357,4.170796446121862,3.932192524191309,4.14216423034668,24286175
2022-11-23,4.142164045419407,4.37122358179794,4.142164045419407,4.275782108306885,13751655
2022-11-24,4.27578262744504,4.609828052771814,4.27578262744504,4.571651458740234,17817586
2022-11-27,4.571651516695726,4.714813973679491,4.523930546000836,4.533474922180176,8205712
2022-11-28,4.533475040076784,4.581196012012696,4.418945253551696,4.457121849060059,5428071
2022-11-29,4.457121293616301,4.571651065868759,4.342591521363843,4.5048418045043945,3656260
2022-11-30,4.504842399813041,4.562107748607667,4.418945286822945,4.4284892082214355,2851429
2022-12-01,4.428489059711961,4.6766373791639415,4.447577356969735,4.533474922180176,7605614
2022-12-04,4.533474836331344,4.686181211501797,4.504842163436435,4.590739727020264,9760236
2022-12-05,4.590739423323108,4.934329199827583,4.609827718956642,4.81025505065918,14490789
2022-12-06,4.810255102868348,4.857976070020566,4.667092656512566,4.781622886657715,9515174
2022-12-07,4.781622889575738,4.9820497684750995,4.772078514099121,4.772078514099121,11033730
2022-12-08,4.772079050371116,4.943873732348144,4.705269779829588,4.733902454376221,15533310
2022-12-11,4.733902280283624,5.115668681293769,4.781623251072732,4.8484320640563965,9320160
2022-12-12,4.848432242360906,4.915241512902433,4.590739991844902,4.733902454376221,10343003
2022-12-13,4.733901762130211,4.96296130460384,4.800711022902114,4.886608123779297,8150928
2022-12-14,4.886608421842833,5.487890440163185,4.934329390319388,5.354272365570068,17609831
2022-12-15,5.354272604307577,5.554699952684395,5.12521258254797,5.1824774742126465,9532745
2022-12-18,5.1824771895484085,5.258830829341577,5.058403491973877,5.058403491973877,4467945
2022-12-19,5.058403686003231,5.344728139582101,5.067947606905412,5.239742279052734,8574116
2022-12-20,5.239742247157316,5.4115373733597805,5.249286623102294,5.268374919891357,7692116
2022-12-21,5.268374469932951,5.363815945726856,5.144300323850447,5.24928617477417,5791965
2022-12-22,5.2492864280020335,5.33518398791071,5.029770795536095,5.0679473876953125,3337259
2022-12-25,5.067947706707762,5.001138438673245,4.781623247490346,4.85797643661499,4576196
2022-12-26,4.8579764180753005,5.230198441187867,4.8961530124919275,5.19202184677124,5054766
2022-12-27,5.192021908793887,5.268375098539238,5.12521264021625,5.144300937652588,2801236
2022-12-28,5.144300485422713,5.201565372697632,5.115668269335687,5.134756565093994,1140764
2022-12-29,5.134756592674802,5.2397419923589705,5.096580000953128,5.115668296813965,2257988
2023-01-02,5.115668921460925,5.373361174598085,5.1824777375810855,5.3256402015686035,3501656
2023-01-03,5.325640079798654,5.487890838267939,5.354272753981846,5.4115376472473145,3556477
2023-01-04,5.41153753098716,5.564243909747702,4.91524134491449,5.487890720367432,9976525
2023-01-05,5.487890867922566,5.764671414418413,5.506979165780869,5.707406520843506,13621017
2023-01-09,5.707405812038399,5.8410238804524335,5.459257515597186,5.535611152648926,10549895
2023-01-10,5.5356115637355785,5.583332078448275,5.230198358150553,5.239742279052734,7514978
2023-01-11,5.2397423952468225,5.535611686490726,5.106124313946964,5.163389205932617,6074275
2023-01-12,5.163388781181019,5.373360489623259,5.04885900663118,5.134756565093994,3005465
2023-01-15,5.134757045695478,5.230198533420115,5.087036074282704,5.125212669372559,3241195
2023-01-16,5.125212028691666,5.325639355409294,5.144300323850447,5.24928617477417,5226028
2023-01-17,5.2492868039020095,5.526067344426951,5.316096072515271,5.468802452087402,8219967
2023-01-18,5.468802297016727,5.526067187732501,5.220653982147477,5.239742279052734,5350880
2023-01-19,5.239742307782626,5.363816465897559,5.201565713762784,5.220654010772705,3897897
2023-01-22,5.220653982147477,5.344728139582101,5.220653982147477,5.239742279052734,4779993
2023-01-23,5.239742421062413,5.3065516895919576,5.058403823098197,5.153845310211182,1796783
2023-01-24,5.153845310211182,5.249286797324166,5.077492120520794,5.153845310211182,5820842
2023-01-25,5.153844698980265,5.316095435380331,5.153844698980265,5.24928617477417,7335724
2023-01-29,5.249286648179347,5.335184211690932,5.239742272188773,5.258831024169922,4734986
2023-01-30,5.258830803592276,5.344727908400077,4.991594203376877,5.0679473876953125,5279768
2023-01-31,5.067947155788014,5.096579826147646,4.877064203726657,4.886608123779297,2701778
2023-02-01,4.886608931510806,4.972506501687275,4.6480049744436664,4.676637649536133,7640809
2023-02-02,4.676637631056808,4.77207912248635,4.294871210237715,4.371224403381348,5398798
2023-02-05,4.371223846098656,4.772078514099121,4.189884807950785,4.772078514099121,6556702
2023-02-06,4.772078994815757,4.93432975345564,4.638460910389173,4.7625346183776855,6086305
2023-02-07,4.762533977388987,4.982049599809975,4.800711022902114,4.886608123779297,8602067
2023-02-08,4.886608688006809,4.934329659082632,4.7339023087256304,4.829343795776367,4262163
2023-02-09,4.829343909799347,5.106124456331851,4.829343909799347,5.0774922370910645,7094199
2023-02-12,5.077491876397422,5.172933358921627,4.953417721565514,4.991594314575195,4025204
2023-02-13,4.991594795576341,5.115668962364312,4.953418198887878,4.98205041885376,2193083
2023-02-14,4.982049641401932,5.258830606852852,5.0011379367674245,5.201565265655518,8173520
2023-02-15,5.201565713762784,5.344728168887638,5.220654010772705,5.220654010772705,11435113
2023-02-16,5.220653975308521,5.382904726341116,5.201565678428268,5.258831024169922,5460585
2023-02-19,5.25883111455079,5.325639927229435,5.153845252354613,5.19202184677124,880365
2023-02-20,5.192021714595244,5.201565635405984,4.924785105381131,4.953417778015137,3880447
2023-02-21,4.953418073445206,5.134757130673556,4.896153179862713,5.0774922370910645,1781821
2023-02-22,5.077492117209191,5.153845306849781,4.781623279801453,4.829343795776367,4908746
2023-02-23,4.829343625044629,4.972506078109968,4.781623110756778,4.943873405456543,4176061
2023-02-26,4.9438733210681445,5.153845036673478,4.8770645111853534,5.001138210296631,2522141
2023-02-27,5.001138423057387,5.401993119811022,5.153845255930761,5.1824774742126465,20322246
2023-02-28,5.1824769702900255,5.297007197583835,5.134756459426726,5.201565265655518,11598158
2023-03-01,5.201565767824945,5.287463332812808,5.172933549562927,5.19202184677124,3807330
2023-03-02,5.192021817948921,5.316095976664641,5.192021817948921,5.2111101150512695,4729042
2023-03-05,5.211109776118151,5.268374663700662,5.115668296813965,5.115668296813965,5989480
2023-03-06,5.115668299741688,5.192021483228734,5.096580003869926,5.106123924255371,2766257
2023-03-07,5.106123746200285,5.153844711766053,4.82934323816089,4.886608123779297,4539043
2023-03-08,4.88660820273375,4.95341746458511,4.800711100468701,4.838887691497803,3349022
2023-03-09,4.83888797000284,5.010682639521544,4.83888797000284,4.972506046295166,4563696
2023-03-12,4.972506120047293,4.962961744048691,4.590739727020264,4.590739727020264,6226697
2023-03-13,4.590739646100486,4.752990394409588,4.247149852922438,4.323503494262695,5469392
2023-03-14,4.3235033860868,4.523930267399933,4.2853263388214335,4.390312194824219,5538545
2023-03-15,4.390312113770873,4.581195526170136,3.7890303431800647,3.941736936569214,8794161
2023-03-16,3.9417373814530823,4.199429630440763,3.8176632176550718,4.123076438903809,5230010
2023-03-19,4.12307593479627,4.170796446121862,3.960825195067356,4.14216423034668,3849202
2023-03-20,4.1421645106617095,4.371224072767902,4.103987916977344,4.266238212585449,7015515
2023-03-21,4.266237933856257,4.47620964050293,4.256694013609153,4.47620964050293,4564904
2023-03-22,4.476210091852078,4.533474984411482,4.294871037863509,4.485754013061523,7515005
2023-03-23,4.48575389461873,4.590739755756024,4.380768488582335,4.571651458740234,5010775
2023-03-26,4.571651722662522,4.733902484213952,4.581196099271865,4.714814186096191,3244256
2023-03-27,4.71481350873476,4.705269133496625,4.485753509128985,4.5048418045043945,7593337
2023-03-28,4.504841856345107,4.552562822883223,4.399856458122636,4.47620964050293,2834828
2023-03-29,4.476209970241737,4.657549019303659,4.476209970241737,4.581195831298828,8842203
2023-03-30,4.581195441106893,4.667092542745806,4.485753509128985,4.5048418045043945,3979189
2023-04-02,4.5048421881930985,4.638460722302451,4.495298267242944,4.581195831298828,2127715
2023-04-03,4.5811961223305495,5.09658062920512,4.6193727187582265,5.010683059692383,18499314
2023-04-04,5.010683000277449,5.125212788202426,4.915241510339968,5.048859596252441,6149240
2023-04-05,5.048858902731584,5.230197936254185,5.077491573330251,5.201565265655518,12630382
2023-04-06,5.201565400637296,5.287462959561499,5.087035625472273,5.115668296813965,6524255
2023-04-09,5.115668993353569,5.153845590273295,4.924785553654004,4.9629621505737305,4855041
2023-04-10,4.962962027758247,5.125212788202426,4.9725064043024565,5.048859596252441,5792549
2023-04-11,5.048859033750598,5.163388808915622,5.067947329611436,5.115668296813965,3841868
2023-04-12,5.115668327488722,5.201565431827112,5.087035655975342,5.087035655975342,3670601
2023-04-13,5.087035628383609,5.1633888118706555,5.067947332511848,5.106123924255371,3405208
2023-04-18,5.106123924255371,5.172933187356972,5.087035628383609,5.106123924255371,3019684
2023-04-19,5.106124057653396,5.421081175316185,5.163388946764732,5.354272365570068,16426361
2023-04-26,5.354272582629031,5.52606725692749,5.249286720785077,5.52606725692749,16620052
2023-04-27,5.526067463639172,5.726494818701808,5.611965031551993,5.707406520843506,14586199
2023-04-30,5.707406315036951,5.984186851552214,5.716950236071493,5.850568771362305,19032667
2023-05-01,5.850568771362305,5.850568771362305,5.850568771362305,5.850568771362305,0
2023-05-02,5.650141353783614,5.697861868569085,5.535611572177407,5.573788166046143,6108518
2023-05-03,5.573788198325339,5.688317980594816,5.487890634072781,5.5451555252075195,4907041
2023-05-07,5.545155583136106,5.592876553797365,5.421081423497557,5.506978988647461,3868050
2023-05-08,5.506978735854891,5.678773403167725,5.535611407957472,5.678773403167725,4719452
2023-05-09,5.6787735460087285,5.8601125936173615,5.583332061767578,5.583332061767578,9512315
2023-05-10,5.583331866464098,5.726494315368486,5.4401694175597095,5.716949939727783,8006955
2023-05-11,5.7169501362134385,5.802847699528458,5.535611543816458,5.592876434326172,7202646
2023-05-14,5.5928763808967545,5.65014127085941,5.554699787588317,5.621508598327637,2695688
2023-05-15,5.621508835485066,5.678773727863586,5.459258079528809,5.459258079528809,3629102
2023-05-16,5.459257829123118,5.4783461257070805,5.230198270115565,5.306551456451416,12073358
2023-05-17,5.306551811421032,5.373361081484399,5.0679478606101895,5.0774922370910645,10004913
2023-05-18,5.077491677819075,5.163388781181019,5.010682415114568,5.134756565093994,3288269
2023-05-21,5.1347565956134495,5.192021483228734,5.096580003869926,5.106123924255371,2428380
2023-05-22,5.10612392133311,5.2779190391815165,5.10612392133311,5.115668296813965,5282386
2023-05-23,5.115668214987508,5.192021397209568,5.096579919431993,5.172933101654053,2416011
2023-05-24,5.172932994139046,5.316095435380331,5.20156520932679,5.24928617477417,3131014
2023-05-25,5.249286231619677,5.316095492949327,5.1824769702900255,5.201565265655518,2176903
2023-05-28,5.201565539505622,5.44016947168663,5.211109915241287,5.354272365570068,12645384
2023-05-29,5.354272812722685,5.4210816280482215,5.335184514758114,5.373361110687256,4275203
2023-05-30,5.373360997332619,5.516523456597253,5.354272699770729,5.440169811248779,6302068
2023-05-31,5.4401699602725335,5.545155827289287,5.306551873679072,5.344728469848633,4646779
2023-06-01,5.344728017975069,5.392448986702882,5.306551425033175,5.335184097290039,1530012
2023-06-04,5.3351841827804,5.440169587502442,5.2492866197342805,5.277919292449951,4218502
2023-06-05,5.277919445004831,5.316096039661933,5.163389205932617,5.163389205932617,2710178
2023-06-06,5.163389235088926,5.230198503666562,5.1347570164848735,5.144300937652588,2111520
2023-06-07,5.144301052053512,5.258831294319415,5.0679478606101895,5.0774922370910645,2883617
2023-06-08,5.0774917050922905,5.1920214802573135,5.058403409231453,5.115668296813965,2026576
2023-06-11,5.11566843338906,5.3924489583109585,5.182477243135177,5.354272365570068,7562177
2023-06-12,5.35427264253336,5.535611694983253,5.373360939891195,5.478346347808838,8858545
2023-06-13,5.478346321036686,5.955554207751418,5.459258023772133,5.831480503082275,31490815
2023-06-14,5.83148022921335,5.90783341468572,5.59287629706175,5.678773403167725,10975503
2023-06-15,5.678773375173758,5.8410241210531595,5.6119645657652155,5.697861671447754,6966824
2023-06-18,5.697862114933514,5.812392356592682,5.707406491363827,5.726494789123535,2803302
2023-06-19,5.726494697877321,5.9841869410777635,5.707406400421766,5.793303966522217,13446029
2023-06-20,5.793303576075563,6.203702171261137,5.793303576075563,6.060539722442627,19092830
2023-06-21,6.06054011193243,6.251423540991482,6.06054011193243,6.117805004119873,7050191
2023-06-22,6.117804718625428,6.4804828073220175,6.012819315398168,6.31823205947876,11874232
2023-06-25,6.318231919292,6.394585103618049,6.079627990722656,6.079627990722656,3756253
2023-06-26,6.079628319836506,6.232335151856096,6.079628319836506,6.184614181518555,2035411
2023-07-04,6.184614357791709,6.346865115442717,6.041451897799589,6.070084571838379,4061057
2023-07-05,6.07008421123508,6.18461399038458,5.917377383934857,5.98418664932251,2842920
2023-07-06,5.984187033877411,6.232335359748685,5.984187033877411,6.05099630355835,2071685
2023-07-09,6.050996368858009,6.098716886201444,5.688318252563477,5.688318252563477,1341566
2023-07-10,5.6883179898695415,5.879200960629902,5.631053098641433,5.869657039642334,1732710
2023-07-11,5.869657014417218,6.00327509337524,5.841024341375763,5.8792009353637695,1878592
2023-07-12,5.879200993167063,5.965098558035057,5.821936101622035,5.841024398803711,802680
2023-07-13,5.841024139981744,6.117804664402061,5.8696568120359665,6.031907558441162,2437843
2023-07-16,6.031907643415351,6.108260829834386,5.907833487933973,5.974642753601074,1230109
2023-07-17,5.974642972855712,6.194158164315659,5.9269220020421285,6.136893272399902,2111706
2023-07-18,6.136893126131564,6.365953143436018,6.136893126131564,6.241878986358643,6421906
2023-07-19,6.241878986358643,6.241878986358643,6.241878986358643,6.241878986358643,0
2023-07-24,6.203702453308897,6.318232235530384,6.184614156271983,6.19415807723999,1841017
2023-07-25,6.194158164315659,6.251423511332321,6.127349351297729,6.136893272399902,1009066
2023-07-26,6.136893272399902,6.194158164315659,6.070084459381973,6.136893272399902,679438
2023-07-27,6.13689338609403,6.203702655450597,6.041451897799589,6.070084571838379,417417
2023-07-30,6.070084374050496,6.356408829604213,6.070084374050496,6.19415807723999,2537564
2023-07-31,6.1941577952842035,6.394585132598877,6.184613874750632,6.394585132598877,2703604
2023-08-01,6.394585490007191,6.490027431282654,6.375497192772279,6.480483055114746,3283982
2023-08-02,6.480483140679625,6.490027516973552,6.012819624699053,6.098716735839844,4395603
2023-08-03,6.098716286804169,6.203702142802926,6.041451398559632,6.079627990722656,1900381
2023-08-06,6.079628613076867,6.318232566071416,6.1082612876806195,6.299144268035889,1399898
2023-08-07,6.299143338699388,6.394584814796179,6.222790157821954,6.289599418640137,1941703
2023-08-08,6.289600139302719,6.528204084434374,6.270511841896223,6.4423065185546875,8056449
2023-08-09,6.4423064570621476,6.709543073303197,6.375497189226659,6.49002742767334,7030190
2023-08-10,6.490027522833692,6.54729241534623,6.3659533615060715,6.4136738777160645,1530559
2023-08-13,6.413673844894489,6.518659708180672,6.413673844894489,6.4423065185546875,1056535
2023-08-14,6.442306730852803,6.537748221030437,6.21324715442648,6.299144268035889,866834
2023-08-15,6.299143934929151,6.394585420059719,6.1750697767089635,6.203702449798584,1389356
2023-08-16,6.203702991802097,6.375497680046433,6.15598201751709,6.15598201751709,2087332
2023-08-17,6.155981598911502,6.232335243595668,6.06054011193243,6.117805004119873,1177805
2023-08-20,6.117804445167359,6.2895995611345565,6.1273488205437,6.175069332122803,636001
2023-08-21,6.175069805410686,6.3182322613224065,6.1559815082958504,6.184614181518555,922213
2023-08-22,6.184614693108282,6.280056186577357,6.136893718823274,6.15598201751709,598087
2023-08-23,6.155981285797586,6.251423223023068,5.993730993736213,6.012819290161133,1100772
2023-08-24,6.0128195959933475,6.155981598911502,5.965098624953358,6.117805004119873,1301850
2023-08-27,6.117805058918139,6.194158249185306,6.022363571084181,6.089172840118408,814499
2023-08-28,6.08917259830349,6.155981409583674,5.831480363834891,5.917377471923828,4056488
2023-08-29,5.917377625839049,6.241879135129243,5.9364659231443015,6.136893272399902,6371985
2023-08-30,6.136893415889938,6.194158309144637,5.993731410303652,6.05099630355835,1769446
2023-08-31,6.05099630355835,6.05099630355835,6.05099630355835,6.05099630355835,0
2023-09-03,5.955554571565642,6.041452142053913,5.898289676273772,5.907834053039551,1515278
2023-09-04,5.907833751255545,5.965098643622209,5.726494697877321,5.793303966522217,3952080
2023-09-05,5.793303966522217,5.879201077521758,5.76467129278843,5.793303966522217,5007708
2023-09-06,5.793303912159481,5.8982893196294235,5.783759535970811,5.821936130523682,1677200
2023-09-07,5.821936098056873,5.869657068532292,5.7742155826823565,5.850568771362305,1192694
2023-09-10,5.850568771362305,5.850568771362305,5.850568771362305,5.850568771362305,0
2023-09-11,5.898289228863261,5.96509849585314,5.860112634897873,5.888745307922363,2138811
2023-09-12,5.8887453985416585,5.917377616905859,5.812392209435917,5.821936130523682,635747
2023-09-13,5.821935987880068,5.93646576873258,5.821935987880068,5.917377471923828,1376517
2023-09-14,5.91737735609411,6.089172479110967,5.91737735609411,6.003274917602539,6053851
2023-09-17,6.003274945847426,6.108260804284913,5.936465680459774,5.98418664932251,3616457
2023-09-18,5.984186677657781,6.022363270888381,5.9650983810424805,5.9650983810424805,949602
2023-09-19,5.9650985876474,6.003275182200271,5.812392209435917,5.821936130523682,1805775
2023-09-20,5.821936130523682,5.821936130523682,5.821936130523682,5.821936130523682,0
2023-09-21,5.821936130523682,5.821936130523682,5.821936130523682,5.821936130523682,0
2023-09-24,5.821936130523682,5.821936130523682,5.821936130523682,5.821936130523682,0
2023-09-25,5.354272753981846,5.506979136023095,5.354272753981846,5.4115376472473145,4722213
2023-09-26,5.411537198301702,5.535611350967381,5.3829045264939,5.392448902130127,1765222
2023-09-27,5.392448902130127,5.392448902130127,5.392448902130127,5.392448902130127,0
2023-10-01,5.392448902130127,5.392448902130127,5.392448902130127,5.392448902130127,0
2023-10-02,5.201565622258464,5.468802230797107,5.1347568114494715,5.2970075607299805,4495800
2023-10-03,5.2970075043481435,5.4783460932717025,5.2970075043481435,5.335184097290039,2347213
2023-10-04,5.335184578214871,5.392449472789692,5.277919683640049,5.3256402015686035,1365607
2023-10-08,5.325639987014554,5.373360958121501,4.390312503105484,5.153845310211182,2281679
2023-10-09,5.153844919439312,5.201565431827112,4.991594176098865,5.087035655975342,1081798
2023-10-10,5.0870358695808955,5.316095886003584,5.096580245519751,5.277919292449951,1335578
2023-10-11,5.277919353374644,5.363816462311408,5.172933492339824,5.230198383331299,991041
2023-10-12,5.230198533420115,5.297007802377816,5.115668748150551,5.125212669372559,4378003
2023-10-15,5.125212275934138,5.211109835842816,5.058403467205946,5.0679473876953125,3147678
2023-10-16,5.067947634693341,5.258831059893446,5.087035931703261,5.220654010772705,2009592
2023-10-17,5.220653784469938,5.440169418119,5.125212303557494,5.382904529571533,7395132
2023-10-18,5.382904642787267,5.487890501549507,5.306551456451416,5.306551456451416,4196696
2023-10-19,5.306551456451416,5.306551456451416,5.306551456451416,5.306551456451416,0
2023-10-22,5.306551840260797,5.392449408651826,5.2397425698343385,5.373361110687256,2021320
2023-10-23,5.373360765812749,5.611964702606201,5.41153735929163,5.611964702606201,7347058
2023-10-24,5.6119642824768965,5.783758940270772,5.459257464892594,5.564243316650391,10138610
2023-10-25,5.564244088288886,5.77421582092295,5.554700166860568,5.688318252563477,6351985
2023-10-26,5.688318222985203,5.812392386614629,5.621508952930684,5.707406520843506,4156727
2023-10-29,5.707405909319752,6.308687910082907,5.6596849422366295,6.146437168121338,17261871
2023-10-30,6.146437455728671,6.25142331516357,5.907833519349922,5.946010112762451,6609753
2023-10-31,5.946010066639719,5.965098363197916,5.640596866607666,5.640596866607666,4177541
2023-11-01,5.640596891657269,5.802847640672942,5.535611487671391,5.6310529708862305,4961782
2023-11-02,5.631053242732241,5.879201111070468,5.659685461528504,5.764671325683594,2732037
2023-11-05,5.764670712574982,5.984186338770093,5.802847303643622,5.860112190246582,2373857
2023-11-06,5.860112550033816,6.041451596293772,5.802847659915023,5.946010112762451,4933658
2023-11-07,5.946010028297215,6.136892992648295,5.946010028297215,6.003274917602539,7945993
2023-11-08,6.003275148722201,6.098716634572136,5.850568771362305,5.850568771362305,3834583
2023-11-09,5.850568598119697,6.108260829834386,5.821935925662114,5.974642753601074,8349212
2023-11-12,5.974642817450978,6.1273491919209935,5.831480363834891,5.917377471923828,3522496
2023-11-13,5.917377076849541,6.012819009622005,5.850568270029854,5.860112190246582,3733687
2023-11-14,5.860112136090807,5.984186283467697,5.8219355453749735,5.898288726806641,2558518
2023-11-15,5.898289352965721,6.23233523984268,5.917377650350041,6.127349376678467,17758269
2023-11-16,6.127349040012608,6.365952971757019,6.184613929019161,6.356408596038818,9108243
2023-11-19,6.356408763986035,6.394585357665762,6.232335062077373,6.251423358917236,5672071
2023-11-20,6.2514235969865934,6.4041299775209275,6.079628463784556,6.089172840118408,5379895
2023-11-21,6.089172447341573,6.413673485045371,6.060539775287855,6.356408596038818,9205744
2023-11-22,6.356408620972136,6.451850558124983,6.251423218265421,6.346864700317383,3979583
2023-11-23,6.34686511837916,6.480483202053199,6.318232444327124,6.3850417137146,6459346
2023-11-26,6.385041565389259,6.556836240407924,6.394585486450955,6.49002742767334,7089651
2023-11-27,6.490027449445911,7.387177877098469,6.480483073251292,7.1103973388671875,28244535
2023-11-28,7.110396716027894,7.27264745631673,6.871792793273926,6.871792793273926,8007233
2023-11-29,6.871793423720614,7.55897303915322,6.8431612052197845,7.425354957580566,14754377
2023-11-30,7.425354704988113,7.730767907579959,7.282192252051281,7.587604999542236,12774446
2023-12-03,7.587604695584672,8.475211595175178,7.7021344713057465,8.141165733337402,13066896
2023-12-04,8.141165150039283,8.799712451004051,7.95028220418054,8.580196380615234,7235653
2023-12-05,8.580196822801694,8.627917789276134,8.036180171517575,8.255695343017578,5198663
2023-12-06,8.255696234184832,8.818801696924254,8.160255201135227,8.303417205810547,5735943
2023-12-07,8.303416417361527,8.303416417361527,7.826208566821189,8.188886642456055,3189887
2023-12-10,8.188887588124702,8.675639870335365,8.036181203949244,8.207976341247559,3506689
2023-12-11,8.207975232730977,8.484755744219255,8.017091368089359,8.293871879577637,2588354
2023-12-12,8.293872041902302,8.48475591027983,8.122077834644966,8.188886642456055,868214
2023-12-13,8.188887294571984,8.48475658595709,8.255696107703344,8.408403396606445,922105
2023-12-14,8.408403231456598,8.809257012573383,8.37977010336113,8.503844261169434,4223745
2023-12-17,8.503843815286888,8.97150729390361,8.56110915827343,8.818800926208496,4002343
2023-12-18,8.81880140637412,9.439172196665618,8.876066752478643,9.162391662597656,6807417
2023-12-19,9.162392093011135,9.324642852693758,8.751993005554873,8.856978416442871,2709705
2023-12-20,8.856977570921398,9.105125875005838,8.618373642425226,8.790168762207031,6068542
2023-12-21,8.790168402869531,9.0096835712155,8.303416190187097,8.37022590637207,5662221
2023-12-24,8.37022590637207,8.37022590637207,8.37022590637207,8.37022590637207,0
2023-12-25,7.883473881739949,8.160254397675045,7.683046548807519,7.8548407554626465,3975468
2023-12-26,7.854841179600315,8.007548464053114,7.492163540754159,7.578061103820801,2790584
2023-12-27,7.5780606946284195,8.017091496893745,7.5207958073764205,7.8548407554626465,3780038
2023-12-28,7.854841402910036,8.083901881000433,7.683047182094506,7.749855995178223,2608709
2023-12-31,7.749855833443299,7.864385614997422,7.539884567260742,7.539884567260742,2681480
2024-01-02,7.539884386119053,8.05526839073078,7.5589726825861545,8.007548332214355,2221610
2024-01-03,8.007548704402868,8.61837421974109,8.06481314136492,8.389314651489258,7606690
2024-01-04,8.38931436394695,8.732903704548233,8.41794658144661,8.589741706848145,2801002
2024-01-08,8.589740755458593,8.675638308645446,8.494298827428379,8.580196380615234,1354362
2024-01-09,8.58019829237522,8.780625657734683,8.542021694697318,8.570653915405273,2617646
2024-01-10,8.570653972301841,8.732904741060507,8.532477374370501,8.542021751403809,701942
2024-01-11,8.542020684523283,8.771080243502261,8.494299715518885,8.61837387084961,1622504
2024-01-14,8.618374755477571,8.895155311870923,8.589742535216706,8.675640106201172,1455235
2024-01-15,8.675639149317238,9.019228485156876,8.68518352508545,8.68518352508545,5812748
2024-01-16,8.68518319312943,9.009683765029923,8.780624216558374,8.923787117004395,2648044
2024-01-17,8.923787953815108,9.191024118758131,8.876066982524828,9.000141143798828,2391572
2024-01-18,9.000140358331446,9.086037917117066,8.828345240760203,8.876066207885742,1095210
2024-01-21,8.876066651858096,9.210111618041992,8.904698869484879,9.210111618041992,1567666
2024-01-22,9.210111846243212,9.286465035274313,8.9524200608137,9.066949844360352,1432572
2024-01-23,9.066949572411367,9.095581789888799,8.59928607607226,8.608830451965332,3412434
2024-01-24,8.608830686970737,8.7233604702087,8.398858962600233,8.446579933166504,2228904
2024-01-28,8.446579318644673,8.589741309726078,8.17934226699683,8.188886642456055,6910478
2024-01-29,8.188887127059463,8.599286194075377,8.217519344929798,8.522933006286621,5519888
2024-01-30,8.522932268734783,8.589741074718042,8.284328349992615,8.37022590637207,4954882
2024-01-31,8.370226406055044,8.446579591794508,6.728631092253043,7.6639580726623535,3250298
2024-02-01,7.663958365472939,7.912106683707879,6.967235291430765,7.807121276855469,3695292
2024-02-04,7.80712152043634,7.826209363095131,7.4444434079009625,7.635326385498047,2287181
2024-02-05,7.635326666706497,8.312961944784773,7.663958886850124,8.074357986450195,3133667
2024-02-06,8.074357694321415,8.19843185739064,7.921651312144474,7.940739154815674,1208544
2024-02-07,7.940738955477002,8.07435749162848,7.253559797830302,7.444443225860596,11582356
2024-02-08,7.444443029678255,7.597149403997515,7.377633763363132,7.568516731262207,3399518
2024-02-11,7.568516505898515,7.673502362667345,7.31082427935748,7.396721839904785,4958877
2024-02-12,7.396721839904785,7.48261940045209,7.129485237702547,7.396721839904785,4030378
2024-02-13,7.396722043354034,8.141166071570584,7.301280559621257,7.9216508865356445,13178597
2024-02-14,7.921650415293197,8.074356780181457,7.8071206416270025,7.902561664581299,2795730
2024-02-15,7.902562614311217,8.06481337405472,7.8166650461879685,7.912106990814209,3173864
2024-02-18,7.912106990814209,7.912106990814209,7.912106990814209,7.912106990814209,0
2024-02-19,8.11253298345407,8.666093984803036,8.122077358353598,8.55156421661377,8617695
2024-02-20,8.551564598399095,8.637462155926372,8.236607494266904,8.28432846069336,8225612
2024-02-21,8.284329533335288,8.341593972300162,8.093445642914117,8.207976341247559,3670744
2024-02-22,8.207976405105468,8.341594037197614,8.112534459152345,8.160255432128906,1458162
2024-02-25,8.160255079672638,8.580197621284215,7.54942865439944,8.398859024047852,8695197
2024-02-26,8.398858899051602,10.011821138534287,8.30341695864121,9.782761573791504,27078747
2024-02-27,9.782761452798836,11.443444641947478,9.744584859147205,9.878203392028809,17552148
2024-02-28,9.878202834372978,10.193159941769057,9.486891633782278,9.572789192199707,3062735
2024-02-29,9.572789409242839,10.021365052147855,9.086038084177565,9.43917179107666,1548197
2024-03-03,9.439171850260179,10.164527109686466,9.353274289356625,9.391450881958008,2288743
2024-03-04,9.39145139265879,11.023502407970858,9.458260205793788,10.985325813293457,4443375
2024-03-05,10.985326060832694,12.1210804607294,10.489029408641303,10.803986549377441,6812086
2024-03-06,10.803986432249998,11.901565134911884,9.57279010175579,10.880339622497559,7551063
2024-03-07,10.880339498908617,11.452989329462465,10.594015493833506,10.975781440734863,3891784
2024-03-10,10.975781003099014,11.45298887279897,10.59401507141976,10.613102912902832,3028640
2024-03-11,10.61310252066214,11.357546515024298,10.61310252066214,10.89942741394043,3145674
2024-03-12,10.899428673730773,11.88247670774834,10.59401590437429,10.689456939697266,5747337
2024-03-13,10.689456525457938,11.052134630115134,10.49857355200726,10.975781440734863,7891141
2024-03-14,10.975781685019683,12.74145127669054,10.784898707320577,12.073359489440918,10537263
2024-03-17,12.073358360582578,13.495438459430632,12.168800295609232,12.216521263122559,9409805
2024-03-18,12.216522398837242,12.407405376434326,11.357547634347611,11.45298957824707,9063903
2024-03-19,11.45298879360441,11.825211257069192,10.975780927204227,11.338459014892578,7205981
2024-03-20,11.338459668311433,11.930197347524427,11.27165085442988,11.548431396484375,11310194
2024-03-21,11.548430965639529,12.598287746932893,11.548430965639529,12.502846717834473,8114616
2024-03-24,12.502846839828635,13.590880225418005,12.264242899451766,12.407404899597168,5187914
2024-03-25,12.407404899597168,12.646008839974035,11.98746236502267,12.407404899597168,1731902
2024-03-26,12.407404111121123,12.502846045287367,11.787034269645764,12.292874336242676,3151405
2024-03-27,12.29287527864798,12.216522089542238,11.643872261047363,11.643872261047363,1396458
2024-03-28,11.643872088763521,12.082903374726493,11.290738366824012,11.758401870727539,4953039
2024-03-31,11.758402086983551,11.834755276363822,10.49857355200726,10.975781440734863,4396899
2024-04-01,10.975780661854733,11.691592444149606,10.889883102347067,11.519797325134277,2750613
2024-04-02,11.519797434416342,11.882475516777152,10.689455868301499,10.784897804260254,5247555
2024-04-03,10.784898088201214,10.813530305661955,10.336322433707934,10.594015121459961,3200374
2024-04-04,10.594014951611744,11.395723399071635,10.555838358875558,11.35754680633545,2203499
2024-04-07,11.35754622963331,11.53888571857364,11.071222253751477,11.099854469299316,635749
2024-04-08,11.099854520979,11.367090657807069,10.985324748052683,11.071222305297852,126842
2024-04-15,11.071223562568212,11.64387249223095,11.118943624055403,11.500710487365723,711752
2024-04-16,11.500709938932136,11.643871936970406,11.166664063240457,11.214385032653809,529734
2024-04-17,11.214385093206179,11.452989031359502,11.14757628178782,11.166664123535156,560227
2024-04-18,11.166664206935652,11.309827117017962,10.116807417341038,10.469941139221191,1251470
2024-04-21,10.469940134360597,10.956691433359083,10.317233773090349,10.49857234954834,765513
2024-04-22,10.69299122397019,10.974897319156199,10.323596870440698,10.41108512878418,704533
2024-04-23,10.411085020916763,10.527735721813684,9.720901011983631,9.876435279846191,958822
2024-04-24,9.876435651630821,9.983366160104602,9.341785890434105,9.526483535766602,1266022
2024-04-28,9.526483535766602,9.526483535766602,9.526483535766602,9.526483535766602,0
2024-04-29,9.040438009779818,10.022249221801758,8.855740373785768,10.022249221801758,847695
2024-04-30,10.022248824002366,10.206945525608152,9.234855475550233,9.750062942504883,1065824
2024-05-02,10.168061982775798,10.537456313847105,9.963923034737899,10.401363372802734,1279286
2024-05-07,10.40136312885647,10.49857250261647,10.080573493328679,10.323596000671387,1233779
2024-05-08,10.323596391012254,10.498572899573295,9.866713800356937,9.915318489074707,577820
2024-05-09,9.915319005849858,10.051411955941159,9.526483329956678,9.730622291564941,2489206
2024-05-12,9.730621658612836,9.905597237854364,9.633412282434074,9.720900535583496,458136
2024-05-13,9.720901060382506,9.711179936828355,9.332065388790152,9.507040977478027,769456
2024-05-14,9.507041129219132,9.730622339246322,9.332065537738485,9.672296524047852,1355014
2024-05-15,9.672296051121656,10.148619964899375,9.536204034075071,9.82783031463623,470482
2024-05-16,9.827830113476397,10.109736192090734,9.847272359546436,10.061132431030273,425062
2024-05-19,10.061132431030273,10.061132431030273,10.061132431030273,10.061132431030273,0
2024-05-20,11.61647664427055,12.063638132537257,11.276245661560312,11.684523582458496,1489499
2024-05-21,11.684523485684839,12.034475589103174,11.081826805878324,11.120710372924805,679001
2024-05-22,11.120710289589697,11.305407926969442,10.605502798320275,10.897130012512207,591421
2024-05-23,10.897129859276596,11.237361758892398,10.88740873596018,11.042943000793457,260834
2024-05-26,11.042943000793457,11.042943000793457,11.042943000793457,11.042943000793457,0
2024-05-27,11.023501873131876,11.276245521414769,10.799920668248589,10.86796760559082,170030
2024-05-28,10.867967249209139,11.013780388483042,10.547177601160689,10.906850814819336,211215
2024-05-29,10.906851367353834,11.820615669012858,11.062385637673891,11.285965919494629,2192543
2024-05-30,11.285966614972125,11.31512998774731,10.81936377525839,10.955456733703613,274486
2024-06-02,10.955456196698227,11.169315357555536,10.265272168159447,10.547178268432617,577238
2024-06-03,10.547177947023057,10.984618306246611,10.547177947023057,10.86796760559082,290777
2024-06-04,10.867967213908235,11.013780352708515,10.838803844502317,10.936013221740723,195528
2024-06-05,10.936013737221002,11.02350199544795,10.556898260590021,10.751317024230957,298497
2024-06-06,10.751316506346049,10.867967202677189,10.595781317513868,10.624944686889648,194299
2024-06-09,10.624945181838807,10.605502934682596,9.808389342425313,9.818110466003418,480535
2024-06-10,9.81811008282783,10.498572946763238,9.633412450281572,10.197224617004395,513018
2024-06-11,10.197224993925946,11.149873780294282,10.226388364600062,11.091547966003418,1662632
2024-06-12,11.091548039782108,11.169315174648972,10.790200623937348,11.033223152160645,83428
2024-06-13,11.0332234131888,11.451221541223013,10.887409336570673,11.39289665222168,251811
2024-06-23,11.392896991270618,11.665081977844238,11.276246282739066,11.665081977844238,288554
2024-06-24,11.665081214175183,12.61772906834529,11.762290595116255,12.423311233520508,1728336
2024-06-25,12.423311749470946,14.902141795842512,12.345544612311299,14.386934280395508,3363842
2024-06-26,14.386933610788626,14.77576927848939,13.70647072878361,14.095306396484375,3549256
2024-06-27,14.0953063586453,14.289724191973763,13.72591201179254,13.813400268554688,932157
2024-07-02,15.184047258985425,15.40762846417647,14.581351507905545,14.999350547790527,2391012
2024-07-03,14.99935039798705,15.747860212904786,14.406374849271089,14.493863105773926,4173309
2024-07-04,14.493863187641997,14.746606835176173,13.609261348329742,14.095306396484375,1758038
2024-07-07,14.09530627517025,14.43553817677316,13.745354177251496,13.900888442993164,1576371
2024-07-08,13.900888449303753,14.318886556909908,13.521772981093317,13.560656547546387,2147082
2024-07-09,13.560657112174724,14.610514377178097,13.17182143145399,14.25084114074707,6771364
2024-07-10,14.250841418098876,14.48414283107186,13.618983192866024,13.677308082580566,4063031
2024-07-14,13.677307701151154,13.784238207741442,13.074611937583406,13.12321662902832,2348991
2024-07-15,13.12321651253354,13.327355473144134,12.889915108137824,12.92879867553711,981700
2024-07-16,12.928798078237175,13.482889119842788,12.889914512634277,12.889914512634277,2098293
2024-07-17,12.889914751221415,13.657865881386092,12.996844326844272,13.618982315063477,2906431
2024-07-18,13.61898224566792,14.435538061339443,13.968934340788282,14.328607559204102,7395819
2024-07-21,14.328607760187037,14.474421830492151,13.95921341329438,14.124468803405762,4182540
2024-07-22,14.12446942220753,14.348050635647661,13.531494772748745,13.541215896606445,2599124
2024-07-23,13.541214828374054,14.075863619566935,13.4731678937956,13.657865524291992,4612647
2024-07-24,13.657865923881788,13.900888445918627,13.094053746920912,13.249588012695312,2885862
2024-07-28,13.249587895753939,13.80367894444915,13.269029215275474,13.366238594055176,2196669
2024-07-29,13.366239635598665,13.677308188641499,13.220426483124191,13.278751373291016,1156167
2024-07-30,13.278750063550115,13.512051455320709,13.200982932959919,13.317633628845215,2774686
2024-07-31,13.317633403737831,13.696748854249865,13.317633403737831,13.550934791564941,2764510
2024-08-01,13.550934791564941,13.852283112801272,13.424563901784904,13.550934791564941,4951669
2024-08-04,13.550934637778063,13.405121503805251,12.889914046436378,13.045448303222656,2000864
2024-08-05,13.045448975966607,12.92879827736131,11.276245323200243,12.685775756835938,2265722
2024-08-06,12.685775726909895,13.142658323995857,12.695496850201742,13.026006698608398,600579
2024-08-07,13.026006057595723,13.259308369832437,12.831588236612875,13.045448303222656,1984614
2024-08-08,13.045448749913138,13.667586725418237,12.734380225689252,13.230145454406738,6783338
2024-08-11,13.230145577084343,14.07586383045302,13.424564333584364,13.764795303344727,6599318
2024-08-12,13.764795503189337,14.03698046836082,13.46344809494239,13.560656547546387,2971927
2024-08-13,13.560656215879014,13.648144470022965,13.23986656872275,13.259308815002441,1471701
2024-08-14,13.259309457610135,13.550935749480427,13.084332940842062,13.239867210388184,1324958
2024-08-15,13.239867332261685,13.36623915919551,12.996844802094495,13.12321662902832,1342703
2024-08-18,13.12321630787289,13.414843522348201,13.13293743133545,13.13293743133545,1763495
2024-08-19,13.132938220816541,13.356518511551725,13.152379541853012,13.278751373291016,866063
2024-08-20,13.278750266209348,13.764795303344727,13.26902914297288,13.764795303344727,3092210
2024-08-21,13.764796040297346,14.386934054879882,13.657866460143309,14.280003547668457,11160021
2024-08-22,14.280002987358005,14.464700623263015,14.10502740188584,14.211956977844238,3650652
2024-08-25,14.211957389264034,14.377212783202008,13.803679466247559,13.803679466247559,1320791
2024-08-26,13.803679069642405,13.99809690190775,13.356517591903437,13.560656547546387,2251334
2024-08-27,13.560656501196606,14.28000294164836,13.424564482604696,14.270282745361328,3423255
2024-08-28,14.270283063960422,14.872978818907493,14.192515929583855,14.571630477905273,6229562
2024-08-29,14.571630722226997,14.73688611731237,14.299445747345304,14.338329315185547,3653004
2024-09-01,14.338329315185547,14.668840105356294,14.309166871069712,14.338329315185547,1446370
2024-09-02,14.338328839572151,14.87297857493377,14.3480499629741,14.493863105773926,4107452
2024-09-03,14.49386357875922,14.814653245033206,14.49386357875922,14.649397850036621,1068146
2024-09-04,14.649397696734022,14.66883994396893,14.299445590022037,14.484142303466797,1236913
2024-09-05,14.484141942956656,14.581351322596909,14.007818022245587,14.211956977844238,1251941
2024-09-08,14.211957306956771,14.289724441646921,13.51205216768805,13.580099105834961,2333180
2024-09-09,13.580099184482876,14.066144242639883,13.589819381082409,13.803679466247559,1001735
2024-09-10,13.803679551144604,13.939772502006237,13.580099268004831,13.716191291809082,816278
2024-09-11,13.716191501901317,13.8522844548475,13.492611215336943,13.512052536010742,1417421
2024-09-12,13.512052536010742,13.755075070306312,13.492611215336943,13.512052536010742,889644
2024-09-16,13.512051689710868,13.706470446616217,13.424564361572266,13.424564361572266,219900
2024-09-17,13.42456440051557,13.599539984357696,13.055170059204102,13.055170059204102,300246
2024-09-18,13.055169794867629,13.414843005611623,13.074611113986515,13.317633628845215,185782
2024-09-19,13.317634168480781,14.075864185987637,13.609261383539529,14.066143989562988,2232017
2024-09-22,14.066144263473783,14.192516090028665,13.96893488087545,14.11474895477295,689169
2024-09-23,14.114749429959511,14.241120333711411,13.52177384484987,13.64814567565918,2238912
2024-09-24,13.64814567565918,13.64814567565918,13.64814567565918,13.64814567565918,0
2024-09-25,13.90088920961902,14.552189678624105,13.910610333528325,14.386934280395508,4920671
2024-09-26,14.386934044146788,14.678561267235333,14.30916690826416,14.30916690826416,2400884
2024-09-29,14.309166044598976,14.77576883173177,14.299444921436045,14.532746315002441,2774146
2024-09-30,14.532747154386756,14.6785612290807,14.289724623620899,14.338329315185547,1230850
2024-10-01,14.338328832648909,15.116001090339642,14.386933522577833,14.834095001220703,3877799
2024-10-02,14.834096043310957,14.84381716739112,14.036981482828685,14.153633117675781,1242072
2024-10-03,14.153632085640023,14.629956006146948,14.221678095124625,14.552188873291016,885334
2024-10-07,14.552189241731602,14.8243742136187,14.095306629342371,14.484142303466797,1348744
2024-10-08,14.484142189510349,14.53274688015784,13.609261466084975,13.667587280273438,1031899
2024-10-09,13.667587473632956,14.386933938809063,13.706471041289573,14.085585594177246,622869
2024-10-10,14.085585151797059,14.386933486964553,13.900888442993164,13.900888442993164,987321
2024-10-13,13.90088840266678,14.10502735762485,13.550935378705887,13.618982315063477,1029197
2024-10-14,13.618982553189843,14.095306480734695,13.074611688097606,13.696749687194824,4116520
2024-10-15,13.696749614372642,14.105027529256766,13.696749614372642,13.755074501037598,896534
2024-10-16,13.755074687786248,15.067396707310426,13.803679378705175,14.20223617553711,3962890
2024-10-17,14.202236212419864,14.454979864208756,14.143911324811581,14.173073768615723,915710
2024-10-20,14.173074509890833,14.280004094136862,13.764796567049746,13.784238815307617,495145
2024-10-21,13.784237862323764,14.192515776938246,13.463448204706294,14.095306396484375,1877749
2024-10-22,14.095306233391906,14.79521135421225,14.173073366032238,14.270282745361328,8645778
2024-10-23,14.270283703841692,15.145164468336507,14.2897250247789,14.863258361816406,19624846
2024-10-24,14.863257685076194,15.3784651817293,14.600793838500977,14.600793838500977,10619633
2024-10-27,14.600794122684812,14.872979098112422,14.484142491872737,14.620235443115234,5415110
2024-10-28,14.620235252939032,14.804931966383792,14.386933848464377,14.484142303466797,3702923
2024-10-29,14.484142764012136,14.629956841738206,13.949493926855421,14.04670238494873,3675672
2024-10-30,14.04670134223124,14.2411191710432,13.618982118844924,13.823121070861816,3905471
2024-10-31,13.823121583028755,14.095306553450353,13.8328417795365,13.949493408203125,3064950
2024-11-03,13.94949333507571,14.43553838609497,13.94949333507571,14.007818222045898,7052834
2024-11-04,14.007818666904095,14.182795187486263,13.813400825733572,13.881446838378906,3940980
2024-11-05,13.881446676104538,14.075864515002314,13.70647108462523,13.745354652404785,2291217
2024-11-06,13.7453541456193,14.48414190619205,13.852283721306282,14.241119384765625,7591715
2024-11-07,14.241119414809933,14.561909069604994,14.260561661552593,14.552188873291016,6034424
2024-11-10,14.552189401835568,14.620235413791645,14.328608191461141,14.338329315185547,1273195
2024-11-11,14.338328326328,14.45497902180379,14.289723638115424,14.367490768432617,1237235
2024-11-12,14.367491243622762,14.425817056818385,14.143910968330472,14.211956977844238,1247005
2024-11-13,14.21195725505961,14.289724389465782,13.930051161072898,13.949493408203125,1711986
2024-11-14,13.949493692348513,14.075864593039638,13.900889000590256,13.968935012817383,1260246
2024-11-17,13.968935077164412,14.328608314540503,14.017539769146563,14.221678733825684,1561112
2024-11-18,14.22167745018987,14.386932831778946,13.891166687011719,13.891166687011719,1010109
2024-11-19,13.891167999796858,13.998097580965693,13.803679739268995,13.85228443145752,878247
2024-11-20,13.85228388155567,13.988376828869496,13.7356331811684,13.755074501037598,574042
2024-11-21,13.755074645130328,14.095306553450353,13.764795768695443,13.949493408203125,1170311
2024-11-24,13.949493767178323,14.08558579236262,13.764796122917645,13.91061019897461,420282
2024-11-25,13.910609370719742,13.900888247483273,13.70647041804059,13.764795303344727,804352
2024-11-26,13.764795935643155,13.92033020634191,13.7453546153345,13.774517059326172,765758
2024-11-27,13.774517022334203,13.998097304098886,13.60926162839623,13.803679466247559,1457731
2024-11-28,13.803678824451953,13.92032952173913,13.58981874923013,13.823121070861816,529002
2024-12-01,13.823121035893054,14.221677815713667,13.823121035893054,14.19251537322998,1180780
2024-12-02,14.192515776938246,14.338328920561692,14.04670170625744,14.095306396484375,3319145
2024-12-03,14.095306516427371,14.241119661291606,13.959213568045351,13.978655815124512,652638
2024-12-04,13.978655503481647,14.192515581297735,13.900888371013497,13.959213256835938,708027
2024-12-05,13.959213052188485,14.289723823861383,13.900888167221108,14.19251537322998,2326860
2024-12-08,14.192516011402164,14.678561067586383,14.241119775374687,14.484142303466797,5066301
2024-12-09,14.484142687630165,15.018792449024813,14.532747379949205,14.727165222167969,5212561
2024-12-10,14.72716506072642,14.756328432032591,14.513305900158839,14.591073036193848,1957006
2024-12-11,14.591072568095868,14.853536412029543,14.095306396484375,14.095306396484375,2043339
2024-12-12,14.09530642329873,14.76604818312288,14.124468866667424,14.71744441986084,3418680
2024-12-15,14.71744465705078,14.90214137077228,14.532747016271905,14.795211791992188,2226314
2024-12-16,14.795211772711474,15.504837109891401,14.736885958052738,15.446512222290039,7302282
2024-12-17,15.446512225988652,17.001855850219727,15.465953546174635,17.001855850219727,13667528
2024-12-18,17.00185537243759,16.99213424908909,16.049207533661097,16.19502067565918,5356319
2024-12-19,16.195021297349648,16.369997816110182,15.747860730841406,16.233905792236328,3010212
2024-12-22,16.233904845951656,16.46720623932816,15.84506733620949,15.864509582519531,1951788
2024-12-23,15.864511179847185,16.11725484498137,15.407629470247793,15.84506893157959,3674835
2024-12-24,15.84506764742429,16.18529954807389,15.572883610196367,15.883952140808105,1771980
2024-12-25,15.883952390257036,16.01032328750963,14.872978722834743,15.310419082641602,1080111
2024-12-26,15.310419470071793,15.699255149282408,15.125722754211097,15.553442001342773,2846913
2024-12-29,15.553440759640273,16.28250829524841,15.553440759640273,16.185298919677734,1643739
2024-12-30,16.185300565840777,16.710230134842817,15.903395387540089,16.447765350341797,1797163
2024-12-31,16.447765114633675,16.71995101919132,16.263067470322603,16.65190315246582,784599
2025-01-02,16.65190312110726,17.555947239209495,16.71995098770461,17.303203582763672,2623991
2025-01-05,17.303202450278793,17.54622496701931,17.10878554935518,17.196273803710938,1406201
2025-01-06,17.19627340432313,17.458736307179976,16.83659927209024,16.924087524414062,741217
2025-01-08,16.92408824813299,17.1087858836164,16.71995022005767,16.817157745361328,598576
2025-01-09,16.81715886790647,17.23515792942655,16.340834916488074,16.389440536499023,3182940
2025-01-12,16.38943904971783,16.574134826660156,16.18529917242019,16.574134826660156,923130
2025-01-13,16.57413669172401,16.962974243833962,15.990884071788804,16.039487838745117,3381421
2025-01-14,16.03948770602584,16.311673619427623,15.553442624025058,15.84506893157959,816422
2025-01-15,15.845067407356769,16.233904918844885,15.553441127855349,15.806184768676758,1268679
2025-01-16,15.806183916247349,16.126973548044557,15.670091907034767,16.02976417541504,830800
2025-01-19,15.806185702208586,16.42832279075025,15.670093677618791,16.14641761779785,1125238
2025-01-20,16.243624593865906,16.476927848235018,16.039486563936325,16.04920768737793,629662
2025-01-21,16.04920641334083,16.32139228575467,16.039485290670918,16.058927536010742,526237
2025-01-22,16.058929217080415,16.331113263872272,15.864510451559296,15.951998710632324,686113
2025-01-23,15.951998710632324,16.03948696970535,15.903394946309424,15.951998710632324,471603
2025-01-26,15.951998683632846,16.331113236231126,15.951998683632846,16.321393966674805,571123
2025-01-27,16.321393091124136,16.622740492302956,15.893672943115234,15.893672943115234,1675571
2025-01-28,15.893674683761315,16.18530099372892,15.913116932189785,16.039487838745117,295483
2025-01-29,16.03948678812071,16.515810718728705,15.9714407771931,16.467206954956055,676624
2025-01-30,16.46720648456431,16.63246187243138,16.185299471214435,16.282508850097656,784603
2025-02-02,16.282509642387645,16.574135939112857,16.049208234184523,16.14641761779785,1846704
2025-02-03,16.146415785925385,16.32139228575467,16.04920641334083,16.058927536010742,418726
2025-02-04,16.05892840949817,16.2727875575249,15.572883374252688,15.806184768676758,851267
2025-02-05,15.80618549561252,15.990883136652261,15.611766730927028,15.699254989624023,423417
2025-02-06,15.699254586522875,15.87423109942409,15.679812339730583,15.796463966369629,211098
2025-02-09,15.796463716932523,15.990882473556024,15.650650576522235,15.747859954833984,3382123
2025-02-10,15.747860597498443,15.932556384301993,15.456232450661952,15.728418350219727,720451
2025-02-11,15.728418578949261,15.796464591299571,15.067396994778052,15.18404769897461,1005669
2025-02-12,15.18404717754435,15.728418038824946,14.474421852953292,15.708975791931152,1672113
2025-02-13,15.708975634068466,15.757579396699807,15.261814157635744,15.543720245361328,819112
2025-02-16,15.543720877598162,15.728418520516243,15.26181477840612,15.553442001342773,439558
2025-02-17,15.5534418231441,16.369997667188343,15.5534418231441,16.350555419921875,2605252
2025-02-18,16.350555014095267,16.350555014095267,15.883952215969732,16.136695861816406,713055
2025-02-19,16.13669640913439,16.525532087427376,16.00060253114577,16.233905792236328,885000
2025-02-20,16.2339044647084,16.5255307360517,16.2339044647084,16.243623733520508,688461
2025-02-23,16.243625036700372,16.914367739539287,16.068650372325443,16.88520622253418,1492055
2025-02-24,16.88520694293327,17.108787235380262,16.651903672250064,16.80743980407715,1125834
2025-02-25,16.80743989307945,16.91436855075107,16.544975102757114,16.719951629638672,777828
2025-02-26,16.719950626284067,16.856042648307426,16.389439840700412,16.40888023376465,715566
2025-02-27,16.408880843283395,16.817158778633974,16.331113705793513,16.4769287109375,594520
2025-03-02,16.476926583955482,16.817156607732166,16.506088097928014,16.710227966308594,907599
2025-03-03,16.710230799634807,17.079624254131613,16.69078855094685,17.021299362182617,532364
2025-03-04,17.021296406867684,17.293482278896313,16.681064530360544,16.768552780151367,575446
2025-03-05,16.768554294810578,16.98241345021961,16.33111300634354,16.525531768798828,388503
2025-03-06,16.525531047755283,16.719949801727676,16.525531047755283,16.632461547851562,189333
2025-03-09,16.632462263506692,16.865763665843176,16.525531758809446,16.55469512939453,376761
2025-03-10,16.554695772592382,16.62274178581997,16.408880768116358,16.535253524780273,341241
2025-03-11,16.535252892333066,16.613020026492237,16.33111300634354,16.525531768798828,473589
2025-03-12,16.525532181198532,18.654410081340362,16.525532181198532,17.983667373657227,3965569
2025-03-13,17.983667373657227,18.654410081340362,17.740644841580778,17.983667373657227,1214271
2025-03-16,17.983667384409454,18.421108684054513,17.896179124480444,17.954504013061523,63859
2025-03-17,17.954503453480264,18.275293111850452,17.594831155306125,17.886457443237305,239822
2025-03-18,17.886456872572197,18.12947938946615,17.254598699470847,17.84757423400879,1197048
2025-03-19,17.847574550677784,17.983666569236384,17.47817928014059,17.526784896850586,1130545
2025-03-20,17.52678358362363,18.95575523376465,17.4781779705555,18.95575523376465,1034864
2025-03-23,18.955756653331548,19.18905805118648,18.080875947846877,18.178085327148438,540002
2025-03-24,18.178086625576135,18.372503543951414,17.60455328625664,18.11003875732422,565098
2025-03-25,18.110038647414065,18.353061184494372,17.750366330839505,18.2558536529541,866895
2025-03-26,18.255851092614577,20.60830899578995,17.993386344390345,18.95575523376465,5773055
2025-03-27,18.95575643468786,19.820916006851792,18.95575643468786,19.684823989868164,2789408
2025-04-03,19.68482399416256,21.142959104841268,19.68482399416256,21.01658821105957,1288726
2025-04-06,21.016588877505274,21.774817972468604,19.247383329656458,20.316682815551758,2410817
2025-04-07,20.316682093580415,20.899936506443634,19.558453025561427,20.423612594604492,3601070
2025-04-08,20.423614338099657,21.14296082886377,20.43333546212395,20.569427490234375,1143586
2025-04-09,20.56942672158215,21.376261444299715,20.025056775368007,20.054218292236328,2565697
2025-04-10,20.054219322561842,21.366541418387367,20.618031545065012,20.899938583374023,1889274
2025-04-13,20.899936433781235,21.152680073613745,20.433333646758754,20.481937408447266,2023582
2025-04-14,20.481937644541105,22.601094311005568,20.559704776607937,22.231700897216797,3140754
2025-04-15,22.231701383802314,22.40667604419634,21.823423467986803,22.35807228088379,888876
2025-04-16,22.358073593274934,22.601096132332273,21.677609742268462,21.726215362548828,531702
2025-04-17,21.72621532661006,22.55249232886117,21.385983401669623,22.348352432250977,1209274
2025-04-22,22.348350832201078,23.08713951931285,21.988678539046536,22.056724548339844,2270048
2025-04-23,22.056723205664337,22.36779171727766,22.066444328416576,22.12476921081543,786885
2025-04-27,22.124769610476598,22.844116020105307,22.163652248073348,22.396955490112305,627633
2025-04-28,22.742435781849792,22.900369206775284,22.160055571418948,22.564760208129883,607013
2025-04-29,22.564761426121155,22.702952709711457,22.06134790098001,22.199539184570312,1121271
2025-04-30,22.199538696439316,22.37721427584293,22.011992042322717,22.071218490600586,243096
2025-05-04,22.07121783870288,22.40682683817158,22.01199139217433,22.357471466064453,222436
2025-05-05,22.35747188014603,22.643727395524262,21.804704881313025,21.972509384155273,283824
2025-05-06,21.972508644837934,22.308117639230066,21.62702857617369,21.676382064819336,406781
2025-05-07,21.67638274922436,21.71586704755947,21.301291328615648,21.321033477783203,1494350
2025-05-08,21.321033233328965,21.508579882840507,20.75839516750928,21.22232437133789,598865
2025-05-11,21.222324539587742,21.419742265135007,20.728782108434537,20.7386531829834,270184
2025-05-12,20.738653101137103,21.31116224370678,20.738653101137103,20.945940017700195,266607
2025-05-13,20.945940444421282,21.321033752579357,20.945940444421282,21.28154945373535,104701
2025-05-14,21.281549665426713,21.51844981270225,21.222325099286582,21.44935417175293,677083
2025-05-15,21.449352760676955,21.567803767879763,20.64981458088139,20.718910217285156,921719
2025-05-18,20.71891064831156,21.07426179459765,20.245110375073388,20.26485252380371,385822
2025-05-19,20.26485312965957,20.531364614627073,19.998339761977082,20.047693252563477,173401
2025-05-20,20.04769268541508,21.024906456557208,20.07730590855815,20.985424041748047,190977
2025-05-21,20.985424124768056,21.715866687419084,20.728781837990944,21.56780433654785,631318
2025-05-22,21.56780419735453,21.913284268967722,20.857101905415405,21.123615264892578,465585
2025-05-25,21.123616232576232,21.577676260195272,20.728782653808594,20.728782653808594,588819
2025-05-26,20.728782181761314,21.56780469423274,20.738653256345092,21.321033477783203,974078
2025-05-27,21.32103328229571,22.801660567417425,21.399999995526933,22.663467407226562,5014691
2025-05-28,22.66346785307849,22.890498805460165,22.110700849585474,22.209409713745117,1535073
2025-05-29,22.209408648878455,22.377213145089687,21.972508515882872,22.16005516052246,317441
2025-06-01,22.160056583459237,23.690037413316592,22.169925775592233,23.40378189086914,2639295
2025-06-02,23.403781608843293,23.778874917687844,22.515405593092247,22.722694396972656,1056609
2025-06-03,22.722693798547446,22.722693798547446,21.962638008861113,22.08108901977539,1387583
2025-06-04,22.081089271197015,23.69003677368164,22.209409475326538,23.69003677368164,546747
2025-06-10,23.69003722327646,23.640683732147302,22.702952338973272,23.235979080200195,299259
2025-06-11,23.235978475962213,24.173707962036133,22.900369473409246,24.173707962036133,307449
2025-06-12,24.173708933733923,23.77887535095215,22.821403677366966,23.77887535095215,636289
2025-06-15,23.778873873471568,22.84114252525436,21.321032855316517,21.538190841674805,1094927
2025-06-16,21.538190519632984,22.40682621750801,20.482010061090644,21.715866088867188,2947227
2025-06-17,21.715866138681864,21.577674865722656,20.728781314196326,21.577674865722656,798728
2025-06-18,21.577675657721315,21.646771296737043,20.56097757340641,21.597415924072266,733922
2025-06-19,21.597416498975903,21.705996439013752,20.748524776409557,21.518449783325195,666960
2025-06-22,21.518449492409328,22.594372155301294,20.560977842749544,22.34760093688965,1693349
2025-06-23,22.347600993939626,23.393912318230853,21.824447214509,22.209409713745117,979693
2025-06-24,22.209410406728722,23.196495313694445,22.406828141207885,22.505535125732422,939788
2025-06-25,22.50553402792681,23.38404083251953,22.258762813222724,23.38404083251953,666168
2025-06-29,23.38404034032283,23.295202554282056,22.643726711792986,23.186622619628906,3329482
2025-06-30,23.186622527577715,23.196493601844715,22.6042423248291,22.6042423248291,1128511
2025-07-01,22.60424392128095,22.831272997311416,21.271678924560547,21.271678924560547,994984
2025-07-02,21.271678798925688,21.89354333898937,21.2914209487374,21.617158889770508,961921
2025-07-06,21.617157718768425,22.002122088383135,21.66651309062412,21.913284301757812,727342
2025-07-07,21.9132852099598,22.02186326711252,21.64677183903811,21.65664291381836,378052
2025-07-09,21.656642022906293,22.870755930205473,21.597415576661263,22.702951431274414,3395174
2025-07-10,22.702951249673642,23.660422863730336,22.702951249673642,23.255718231201172,2738088
2025-07-13,23.255719260437456,24.183579575388055,23.245848185705377,23.443265914916992,3278031
2025-07-14,23.443266280153964,23.67029535438385,22.811532549178626,23.196495056152344,797696
2025-07-15,23.196494340896606,23.936807990074158,22.999076614696605,23.69003677368164,1195938
2025-07-16,23.690037260882857,23.936808482350386,23.49261953062283,23.818357467651367,2599984
2025-07-17,23.81835643776975,24.677121079739244,23.690036236549673,24.489574432373047,2731336
2025-07-20,24.48957440623019,24.914021189582993,24.282287493084826,24.558670043945312,1074770
2025-07-21,24.55867006181929,24.677121071356368,23.690036228502112,23.699907302856445,1935806
2025-07-22,23.699907772883154,23.966421137590995,23.058302988846293,23.107656478881836,1705800
2025-07-23,23.107656478881836,23.107656478881836,23.107656478881836,23.107656478881836,0
2025-07-27,23.127397759627716,23.492618090693867,22.959593264006404,23.295202255249023,544949
2025-07-28,23.29520344229326,23.986161725631437,23.305074516975733,23.788745880126953,2301402
2025-07-29,23.78874493320354,24.844925406891427,23.52223157553045,24.183578491210938,1788569
2025-07-30,24.18357991767475,24.380997649680552,23.690037470375263,23.986162185668945,931439
2025-07-31,23.986161772923047,25.16079330444336,23.867712641929817,25.16079330444336,2297794
2025-08-03,25.16079330444336,25.16079330444336,25.16079330444336,25.16079330444336,0
2025-08-04,25.16079330444336,25.16079330444336,25.16079330444336,25.16079330444336,0
2025-08-05,25.16079330444336,25.16079330444336,25.16079330444336,25.16079330444336,0
2025-08-06,25.16079330444336,25.16079330444336,25.16079330444336,25.16079330444336,0
2025-08-07,25.16079330444336,25.16079330444336,25.16079330444336,25.16079330444336,0
2025-08-10,24.183578491210938,24.57841204921834,24.09474070531991,24.183578491210938,358175
2025-08-11,24.183579196732403,24.874539355439317,23.986161470611865,24.479703903198242,1679136
2025-08-12,24.479704145605833,24.677121873681276,24.193450510882922,24.578413009643555,1032228
2025-08-13,24.578413433127885,25.111440178486607,24.04538857048418,24.193450927734375,1265829
2025-08-14,24.19344994774151,24.82518365053434,23.99603222426128,24.657379150390625,734213
2025-08-17,24.657378774150846,25.02260099220197,24.30202951310952,24.97324562072754,1352088
2025-08-18,24.973246052860546,26.621677834332413,25.071954914802536,26.167619705200195,3242203
2025-08-19,26.167619979428903,26.453873611074073,25.526015194154578,26.128135681152344,1201074
2025-08-20,26.12813482059011,26.15774804332218,24.825183143817505,25.456918716430664,1278348
2025-08-21,25.456919423729314,25.75304412841797,24.923892696031793,25.75304412841797,584343
2025-08-24,25.753045250315783,26.10839641759454,25.269373874139163,25.664207458496094,1121027
2025-08-25,25.66420697542551,25.66420697542551,25.170664533590404,25.46678924560547,246741
2025-08-26,25.4667893334714,25.56549819872199,24.87453990739789,25.259502410888672,946623
2025-08-27,25.259502564508217,25.170664773513906,24.479704595272615,24.844926834106445,1149371
2025-08-28,24.844925906374055,25.18053490810616,24.57841254334298,25.170663833618164,445915
2025-08-31,25.170664282111613,25.368082009959267,24.578412981283638,24.64750862121582,484037
2025-09-01,24.647507531110822,24.874538472909038,24.08486947915873,24.66724967956543,603116
2025-09-02,24.667250523802153,24.77583046130376,24.282288029336414,24.617897033691406,505420
2025-09-03,24.617897296907074,24.62776837157776,23.571585974394317,23.85784149169922,1093849
2025-09-07,23.857840304474912,24.1638360731791,22.94972218982693,23.295202255249023,764902
2025-09-08,23.29520373918385,23.739390809266215,22.9595947265625,22.9595947265625,460273
2025-09-09,22.959594907036593,23.196495056152344,22.949723832150724,23.196495056152344,390351
2025-09-10,23.19649342151691,23.374168991511848,23.028688925712235,23.15700912475586,362077
2025-09-11,23.157010662866025,23.69003740825497,23.1076571713515,23.47287940979004,736639
2025-09-14,23.472877825049807,23.5617156099502,23.196493396169153,23.295202255249023,939522
2025-09-15,23.295202679681402,23.463007178360062,18.853320884591447,21.982379913330078,1068330
2025-09-16,21.982379442718496,22.475921853829114,21.02490596022637,21.715866088867188,1007718
2025-09-17,21.715866088867188,21.814574947632288,21.32103253652167,21.715866088867188,1161891
2025-09-18,21.715866088867188,22.011990782447604,20.758394489089948,21.715866088867188,1617586
2025-09-21,21.71586704755947,21.844187251718644,21.024906888414773,21.321033477783203,893372
2025-09-22,21.321034203192013,21.57767650295711,21.143358620068867,21.548063278198242,329253
2025-09-23,21.548063156719774,21.548063156719774,21.024907485219277,21.172971725463867,1498299
2025-09-24,21.17297088169983,21.30129108438776,20.975553157717684,21.22232437133789,380047
2025-09-25,21.222324262705015,21.56780433654785,21.084132986253856,21.56780433654785,1061960
2025-09-28,21.567805037173144,21.883671898016622,21.330904891540534,21.863929748535156,570465
2025-09-29,21.86393010337446,22.406827926635742,21.567805387206512,22.406827926635742,892166
2025-09-30,22.406827196533825,22.436438537556747,22.09095845814121,22.110700607299805,1023252
2025-10-01,22.110700199432898,22.702951484260954,21.63689992465643,22.564760208129883,1302364
2025-10-02,22.564760871633837,22.70295215182834,22.209409713745117,22.209409713745117,237754
2025-10-05,22.209409008855403,23.157009556196734,22.219280083229574,22.702951431274414,916442
2025-10-06,22.70295264280369,22.90037037539234,22.406827926635742,22.406827926635742,502257
2025-10-07,22.406827137630405,22.604242980552478,22.229151561100064,22.317989349365234,450352
2025-10-08,22.317989022628456,22.495664596557617,22.219280161255043,22.495664596557617,840397
2025-10-12,22.49566409844231,23.15700912475586,22.406826313444846,23.15700912475586,577568
2025-10-13,23.157010418218178,23.19649471718467,22.623985561175523,22.65359878540039,1252554
2025-10-14,22.65359906079904,22.94972377578771,22.604243686490914,22.61411476135254,620446
2025-10-15,22.614113644621796,22.702951431274414,22.308117869882192,22.702951431274414,988460
2025-10-16,22.702952458822367,22.999077172590567,22.50553472783356,22.890499114990234,6790813
2025-10-19,22.89049832361384,23.630811965155033,22.900369398093517,23.591327667236328,2506971
2025-10-20,23.591327212842383,24.292158425681066,23.591327212842383,24.183578491210938,10247735
2025-10-21,24.183580128560134,24.282288995423794,23.788746543820526,24.153966903686523,1898132
2025-10-22,24.15396597299983,24.67712162931878,23.867712341111517,24.479703903198242,2201133
2025-10-23,24.479704595272615,24.854797908963036,24.18357988043493,24.844926834106445,14515106
2025-10-26,24.844927043577215,25.170664985731015,24.63763823527114,25.012731552124023,1434780
2025-10-27,25.01273115708214,25.002860082298223,24.31189990914413,24.6080265045166,479422
2025-10-28,24.608025298353457,24.59815422405337,23.729520395509915,24.114482879638672,2041893
2025-10-29,24.1144842116866,24.30203086831819,23.926937555055012,24.193450927734375,2534830
2025-10-30,24.193450354305327,24.529059360232566,24.18357927969394,24.272417068481445,845109
2025-11-02,24.272417794191682,24.57841358543359,24.084871136397915,24.499446868896484,544542
2025-11-03,24.499446803905006,25.17066483404734,24.252675580041796,24.706735610961914,5365122
2025-11-04,24.706735636284595,25.377951784399855,24.706735636284595,25.358211517333984,865283
2025-11-05,25.35821088717722,25.614853179806186,24.183579362414058,25.575368881225586,1506986
2025-11-06,25.575369666676405,25.812269817290563,24.973247273835185,25.664207458496094,2602232
2025-11-09,25.664206925182427,27.638376688658,25.73330256566967,27.11522102355957,4671045
2025-11-10,27.115220040555155,27.579151123090686,26.167619492143317,26.78948211669922,3621823
2025-11-11,26.789482334233572,27.539667049175346,26.45387333326712,26.957286834716797,2178683
2025-11-12,26.957286834716797,27.608762687718745,26.809224483164527,26.957286834716797,1328444
2025-11-13,26.95728750351574,27.687730087648536,26.97702965293649,27.391605377197266,1905664
2025-11-16,27.391605798774382,28.131919469011525,27.391605798774382,27.727214813232422,3220644
2025-11-17,27.72721435752627,28.11217685725379,27.07573848904201,27.46070098876953,789195
2025-11-18,27.460699995129996,27.618633419186356,26.157748305307553,26.345294952392578,1584601
2025-11-19,26.34529634896788,26.641421064092523,25.80239852761934,26.21697425842285,1388948
2025-11-20,26.216973741339213,26.89806283195064,25.910977957383643,26.15774917602539,891348
2025-11-23,26.157748253723863,27.036253158644303,26.05903939320456,26.48348617553711,758070
2025-11-24,26.48348699197989,26.641420420593633,26.118264761613748,26.50322914123535,974811
2025-11-25,26.503229503391076,26.6512918594003,26.138007268034322,26.256458282470703,922998
2025-11-26,26.25645788035751,26.50322909749862,25.46678885587696,25.85175323486328,1149687
2025-11-27,25.851754056266028,26.45387456497569,25.170664948155725,25.802398681640625,626662
2025-11-30,25.80239819384096,26.404520573882404,25.604982347216634,25.6740779876709,196056
2025-12-01,25.674077584408913,26.108395452504613,25.180535151527653,25.269372940063477,982094
2025-12-02,25.269372476316974,25.614852549536558,24.99298804119832,25.002859115600586,786911
2025-12-03,25.00286005271264,25.150922408866172,24.588284325853746,24.677122116088867,1458626
2025-12-04,24.677121687461682,25.930719921036328,24.361254831096566,25.920848846435547,669139
2025-12-07,25.920848383286827,25.920848383286827,25.20027689473957,25.654335021972656,1212920
2025-12-08,25.65433553934423,26.12813582498127,25.66420661396771,25.713560104370117,554707
2025-12-09,25.71356095052257,25.940591908903468,25.44704945777854,25.664207458496094,1114192
2025-12-10,25.66420585044029,25.861623571606565,25.456918937659125,25.555625915527344,386569
2025-12-11,25.555626322738632,26.05903982529076,25.466788535069732,25.960330963134766,1257660
2025-12-14,25.960331989610065,26.700645660979724,25.841882856511333,26.147878646850586,1858724
2025-12-15,26.1478784952673,27.302767891217496,26.059040704600744,27.28302574157715,3052551
2025-12-16,27.283025557931843,27.431089796522805,26.651291835413073,27.046125411987305,2643988
2025-12-17,27.046125313694247,27.134963103439965,26.453874009627807,26.601938247680664,183150
2025-12-18,26.601937948667242,26.750000302340844,25.664206570876164,26.641420364379883,344230
2025-12-21,26.64142039241367,26.651291467030962,25.91097781516899,26.572324752807617,851838
2025-12-22,26.572324344718893,26.94741576084051,26.157748630734503,26.167619705200195,866816
2025-12-23,26.167619544004857,26.651290893554688,25.762914906979184,26.651290893554688,894446
2025-12-24,26.651292321256165,27.194188263603145,26.355167604105997,26.453874588012695,2115854
2025-12-25,26.45387371227867,26.78948271805348,26.562453650239632,26.641420364379883,812049
2025-12-28,26.64142030558774,27.036253875417678,26.157748947206695,26.848709106445312,621031
2025-12-29,26.84870861622255,26.898062105532045,26.35516619226783,26.651290893554688,879365
2025-12-30,26.65129216930776,26.799354527038684,26.059040855669025,26.147878646850586,1217572
2025-12-31,26.147877395195085,26.651290893554688,25.980072895741884,26.651290893554688,2165111
2026-01-04,26.651292360745945,26.799354719540414,25.387823008088723,25.664207458496094,1435246
2026-01-05,25.66420724779191,25.960331962949653,25.012731368272856,25.496402740478516,1476426
2026-01-06,25.496402470184353,26.404520638479926,25.417435754798436,26.256458282470703,1243001
2026-01-08,26.256457326593605,26.453873166513898,25.76291490272047,25.861623764038086,920795
2026-01-11,25.86162516152991,26.20710337073786,25.565498561575197,25.73330307006836,995318
2026-01-12,25.733301395159057,27.51992442267752,25.772785692335777,26.759870529174805,4487516
2026-01-13,26.759871308073343,28.8722323179245,26.848709096591847,27.638376235961914,6558973
2026-01-14,27.638375352252112,27.88514656075436,26.48348602115298,26.9671573638916,1480427
2026-01-15,26.96715922823149,27.134963736922565,25.368082740907155,25.664207458496094,2316314
2026-01-18,25.66420633583069,26.601937705033563,25.762915198280723,26.54271125793457,623960
2026-01-19,26.542711432710348,27.835793962161915,26.315682365480825,27.638376235961914,3722998
2026-01-20,27.63837684433165,30.046864496497896,27.63837684433165,28.93145751953125,8197306
2026-01-21,28.931456566468004,29.859316857122234,28.23062722327674,28.536623001098633,4106463
2026-01-22,28.53662313296396,29.85931699509962,28.131918491250882,28.980812072753906,6286801
2026-01-25,28.980811322276715,29.790220584742688,29.11900259653727,29.612545013427734,2283754
2026-01-26,29.61254506639233,31.389297017289906,29.61254506639233,31.19188117980957,9393486
2026-01-27,31.19188260347339,31.48800731456711,30.491051359236256,30.994464874267578,1871728
2026-01-28,30.9944641941957,31.339944271367944,30.204797060129103,30.629243850708008,3058735
2026-02-01,30.629244051387776,30.974722248108602,29.73099697448369,30.00737953186035,1449848
2026-02-02,30.007379069179038,30.59963035583496,29.415127782523115,30.59963035583496,2055216
2026-02-03,30.59963091395056,32.968636103783226,30.59963091395056,31.37942886352539,4245961
2026-02-04,31.37942950201631,32.08025886898949,30.70821147675382,31.09317398071289,1321027
2026-02-05,31.09317258485237,31.488006145894808,29.71125417984636,30.362730026245117,2125602
2026-02-08,30.362730947994027,30.64898458242176,28.990683575700963,29.316421508789062,3107374
2026-02-09,29.31642075273317,30.797048025442624,29.415127731408518,30.737821578979492,6513097
2026-02-10,30.737822579386023,31.17214045400981,29.809964147177702,30.994464874267578,5572750
2026-02-11,30.994464896716167,31.043820270410865,30.12583102955446,30.204797744750977,1776054
2026-02-12,30.204798079398028,30.79704939129113,29.62241784235323,30.027122497558594,2225281
2026-02-15,30.027121299424117,30.72795064125421,29.92841243759475,30.323246002197266,3306416
2026-02-16,30.323246632673424,30.895755783929328,29.809963929375538,30.106088638305664,1941959
2026-02-17,30.106087496664006,30.451567565791656,30.007378636525402,30.264020919799805,358539
2026-02-18,30.26402162450536,31.191881919069825,30.056734707830987,30.629243850708008,6026232
2026-02-19,30.629244270221474,31.201753420939866,29.809963901388,30.17518424987793,2930146
2026-02-22,30.175183909059466,30.53053506160041,28.260238750954887,28.773523330688477,3610917
2026-02-23,28.773523004077013,29.90867020515711,28.822878376211328,29.80996322631836,2296633
2026-02-24,29.809964104154517,29.958026459487687,29.17822850123667,29.622417449951172,638275
2026-02-25,29.6224161520494,29.612545077764356,28.3293355441472,28.546493530273438,950630
2026-02-26,28.546494739876447,28.901845898335715,28.181272506713867,28.181272506713867,970288
2026-03-01,28.1812716591187,27.904889106598556,25.762914910992794,27.44095802307129,2593355
2026-03-02,27.440958722492667,27.835794177953552,27.164576162928025,27.806180953979492,876978
2026-03-03,27.806181072411785,27.806181072411785,26.898062909870852,27.46070098876953,1178114
2026-03-04,27.460701352914402,27.618634784779722,25.65433607857914,26.493358612060547,3620924
2026-03-05,26.49335746850637,27.490313390820692,26.50322854291126,26.651290893554688,3425889
2026-03-08,26.65129220454231,26.888192353767995,25.180535934735964,25.358211517333984,4069567
2026-03-09,25.35820991998545,25.496401194316814,23.64068253425238,24.32176971435547,11468145
2026-03-10,24.321771160950146,25.56549835205078,24.499446742923812,25.56549835205078,12562103
2026-03-11,25.565497234867934,26.11826422363015,25.27924360741989,25.654335021972656,2213935
2026-03-12,25.654334991726017,25.664206066138785,24.489574569028406,24.93376350402832,5046989
2026-03-15,24.93376344565429,25.052212572900334,24.232932225707955,24.28228759765625,2931443
2026-03-16,24.282287205939404,24.469833850887596,23.611069219989997,23.739389419555664,3027185
2026-03-17,23.73939012396087,24.183579063935465,23.69990770858255,24.104612350463867,5705160
2026-03-18,24.104611652409606,24.815312053072567,24.06512735545977,24.598154067993164,5375414
2026-03-19,24.598154067993164,24.598154067993164,24.598154067993164,24.598154067993164,0
2026-03-24,24.598154367592677,25.535885721708738,24.33164100807991,24.489574432373047,3517021
2026-03-25,24.48957527727525,24.667250856413656,24.1046127776187,24.440221786499023,4411752
2026-03-26,24.440221487603115,24.519188201508335,24.242803761482577,24.479703903198242,1275772
2026-03-29,24.47970410516865,24.46983491322467,23.78874582347594,23.926937103271484,2073430
2026-03-30,23.926937043446895,24.54880156640197,23.719650124271855,24.134225845336914,3511857
2026-03-31,24.134225963153533,24.23293294454828,23.788745880126953,23.788745880126953,2005631
2026-04-01,23.78874609645267,24.76595990632399,23.838099587598844,24.677122116088867,4933426
2026-04-02,24.67712115966795,24.67712115966795,24.242803300097613,24.28228759765625,3411396
2026-04-05,24.282288418049394,24.519188563260244,23.986161824499586,24.232933044433594,1829848
2026-04-06,24.23293334440075,24.60802665766393,24.183579852889025,24.193450927734375,2315045
2026-04-07,24.19344934334391,24.361253839295554,23.996031624795545,24.01577377319336,1547158
2026-04-08,24.01577480614657,25.85175326638382,24.588283955303403,25.713560104370117,8436884
2026-04-09,25.713559142532617,25.713559142532617,25.190405386062178,25.3187255859375,4052769
2026-04-14,25.31872623638058,26.15774874239667,24.92389266964211,25.822139739990234,2921327
2026-04-15,25.822139999156665,26.898062656014442,25.861624297584278,26.641420364379883,5398935
2026-04-16,26.64141960848881,28.358947004344472,26.404519472789573,27.34225082397461,6970284
2026-04-19,27.34225212711323,28.329337014262226,27.046125531339523,27.490314483642578,3486809
2026-04-20,27.490314702980896,27.440959328600645,26.661163240542948,26.868450164794922,1544091
2026-04-21,26.868448886503224,27.717342458306366,26.66116197211312,27.44095802307129,3406534
2026-04-22,27.440957658454497,27.628504304254694,26.67103269213299,26.898061752319336,3186020
2026-04-23,26.8980621097225,28.1812716591187,26.917804258535348,27.44095802307129,8231003
2026-04-26,27.440958270238923,27.737084856954134,26.503228785761465,26.75,3730005
2026-04-27,27.100000381469727,27.190000534057617,26.75,27.049999237060547,1887567
2026-04-28,27.049999237060547,27.200000762939453,26.399999618530273,26.420000076293945,2342639
2026-04-29,26.420000076293945,27.0,26.1200008392334,26.989999771118164,1824063
2026-04-30,26.989999771118164,27.040000915527344,26.450000762939453,26.450000762939453,1380688
2026-05-03,26.450000762939453,26.799999237060547,26.450000762939453,26.600000381469727,2251528
2026-05-04,26.600000381469727,27.40999984741211,26.260000228881836,26.8799991607666,4978536
2026-05-05,26.8799991607666,26.8799991607666,26.299999237060547,26.600000381469727,1324593
2026-05-06,26.600000381469727,27.649999618530273,26.700000762939453,27.59000015258789,3478081
2026-05-10,27.59000015258789,28.700000762939453,27.600000381469727,28.5,10906283
2026-05-11,28.5,28.850000381469727,28.110000610351562,28.700000762939453,4600715
2026-05-12,28.700000762939453,29.299999237060547,28.639999389648438,29.299999237060547,5127339
2026-05-13,29.299999237060547,29.5,28.75,28.799999237060547,5876252
2026-05-14,28.799999237060547,29.190000534057617,28.229999542236328,29.190000534057617,3127901
2026-05-17,29.190000534057617,29.170000076293945,27.420000076293945,27.5,6201590
2026-05-18,27.5,27.790000915527344,25.799999237060547,26.5,6870138
2026-05-19,26.5,26.709999084472656,26.059999465942383,26.149999618530273,5758846
2026-05-20,26.149999618530273,26.329999923706055,25.25,25.5,3932759
2026-05-21,25.5,26.18000030517578,25.299999237060547,25.520000457763672,3030301
2026-05-24,25.520000457763672,26.139999389648438,25.600000381469727,25.8799991607666,2938852
2026-05-25,25.8799991607666,26.600000381469727,25.899999618530273,26.600000381469727,3795390
2026-05-26,26.600000381469727,26.600000381469727,26.600000381469727,26.600000381469727,0
2026-05-27,26.600000381469727,26.600000381469727,26.600000381469727,26.600000381469727,0
2026-05-28,26.600000381469727,26.600000381469727,26.600000381469727,26.600000381469727,0
2026-06-01,26.600000381469727,26.989999771118164,26.450000762939453,26.690000534057617,2079902
2026-06-02,26.690000534057617,26.75,26.25,26.329999923706055,2268097
2026-06-03,26.329999923706055,26.440000534057617,25.899999618530273,25.979999542236328,4554373
2026-06-04,25.979999542236328,26.40999984741211,25.90999984741211,26.329999923706055,2352085
2026-06-07,26.329999923706055,26.290000915527344,25.610000610351562,25.700000762939453,2261734
2026-06-08,25.700000762939453,26.610000610351562,25.25,26.5,3356466
2026-06-09,26.5,28.1299991607666,27.1299991607666,27.899999618530273,8790983
2026-06-10,27.899999618530273,28.489999771118164,27.5,27.690000534057617,6485596
2026-06-11,27.690000534057617,27.989999771118164,26.6200008392334,27.989999771118164,3240034
2026-06-14,27.989999771118164,28.600000381469727,28.110000610351562,28.399999618530273,3502102
2026-06-15,28.399999618530273,28.809999465942383,28.049999237060547,28.5,3652399
2026-06-16,28.5,28.549999237060547,27.770000457763672,28.329999923706055,1672093
2026-06-17,28.329999923706055,28.329999923706055,28.329999923706055,28.329999923706055,0
2026-06-18,28.329999923706055,28.329999923706055,28.329999923706055,28.329999923706055,0
2026-06-21,28.799999237060547,29.270000457763672,28.600000381469727,29.010000228881836,2476387
2026-06-22,29.010000228881836,29.010000228881836,29.010000228881836,29.010000228881836,0
2026-06-23,31.299999237060547,31.5,30.270000457763672,31.25,2230628
2026-06-24,31.25,31.700000762939453,30.200000762939453,31.469999313354492,1588263
2026-06-25,31.469999313354492,31.5,30.700000762939453,31.5,2263553
2026-06-28,31.5,31.450000762939453,29.5,31.0,2004506
2026-06-29,31.0,32.099998474121094,30.170000076293945,31.450000762939453,3598568
2026-06-30,31.450000762939453,32.45000076293945,31.010000228881836,32.45000076293945,3837625
2026-07-01,32.45000076293945,32.4900016784668,31.8700008392334,31.90999984741211,1039876
2026-07-05,31.90999984741211,32.38999938964844,31.170000076293945,31.170000076293945,3231584
2026-07-06,31.170000076293945,31.479999542236328,30.520000457763672,31.229999542236328,2870637
2026-07-07,31.229999542236328,31.65999984741211,31.020000457763672,31.25,2110209
2026-07-08,31.25,31.549999237060547,30.1200008392334,30.3700008392334,937772
2026-07-09,30.3700008392334,31.149999618530273,30.3700008392334,30.719999313354492,830491
2026-07-12,30.719999313354492,31.329999923706055,30.540000915527344,31.209999084472656,808648
