Date,Open,High,Low,Close,Volume
2021-08-10,71.17865729786804,71.61749443379807,70.21322750292005,70.27173614501953,12521
2021-08-11,70.27174001993976,71.43221108597882,68.26286383643027,68.83821868896484,102010
2021-08-15,68.83821414059308,69.28680519198974,68.79921333966064,68.97474670410156,17047
2021-08-16,68.97474230829576,70.70081408191015,68.27260889527949,69.13076782226562,31387
2021-08-17,69.13078302129006,70.6033127284447,68.31163215271388,69.8524169921875,16289
2021-08-18,69.85240575243537,70.20347247963956,68.41889196308969,69.1405258178711,15024
2021-08-19,69.14053208831017,71.67600845023819,68.35062816043282,70.15472412109375,200130
2021-08-22,70.15471390244008,73.04125660296052,70.2132225404043,71.11038970947266,101139
2021-08-23,71.11039649206707,72.16359671624322,70.23272963858695,70.8861083984375,57557
2021-08-24,70.88610359654054,71.94905022926142,69.82314952375869,70.48627471923828,63303
2021-08-25,70.48627042366974,73.13877104393963,70.70081200914164,72.06607055664062,116657
2021-08-26,72.06607260139238,73.00224800450991,71.28592271209739,72.16358947753906,121460
2021-08-29,72.1635968020258,73.1485344632166,72.59268002869536,72.86573028564453,27348
2021-08-30,72.86572739564143,73.13877764176088,72.6511857908158,72.91448211669922,135911
2021-08-31,72.91449059491335,73.91893617430465,71.23718068228261,72.95349884033203,64700
2021-09-01,72.95348891399847,77.917177727231,72.17334643196033,75.3524398803711,154814
2021-09-02,75.35244869100264,77.52711183108678,75.8693023528619,76.4836654663086,187929
2021-09-05,76.4836592663357,75.86929620269095,74.27974198141845,75.11840057373047,12302
2021-09-06,75.11840827512555,75.93756655069612,73.04126942217583,73.13878631591797,72730
2021-09-07,73.13877461074979,74.55278794386659,73.0412577326143,73.12902069091797,35635
2021-09-08,73.12902749417695,74.11396516711507,73.13878141491618,73.62637329101562,19768
2021-09-09,73.62636672386033,74.60155038907702,73.62636672386033,74.03594207763672,22926
2021-09-12,74.0359373541637,75.05988311333815,74.11395382801824,74.1724624633789,5232
2021-09-13,74.17247224478503,74.60155546750931,73.13877987010717,73.1972885131836,9847
2021-09-14,73.19729748205152,74.58206420504777,73.23630572890264,73.44109344482422,3095
2021-09-15,73.44108803574656,73.63612925563696,73.38257938981035,73.53861236572266,3201
2021-09-16,73.53860400576222,74.1139587988928,68.85771942138672,68.85771942138672,2001344
2021-09-19,68.85772410892328,71.6760045072695,70.21322890508033,71.05188751220703,114487
2021-09-20,71.05189624039353,71.48097951723165,68.75046174836388,70.01820373535156,38587
2021-09-21,70.01820373535156,70.01820373535156,70.01820373535156,70.01820373535156,0
2021-09-22,69.36480712890625,71.08113235651932,70.21321954347837,69.36480712890625,2645
2021-09-23,69.36480788978692,71.07137921685518,70.7008121213993,70.82758331298828,10266
2021-09-26,70.827589370223,71.17865609701968,69.49159246441559,70.21322631835938,6789
2021-09-27,70.21322698033137,70.70081883436144,68.76020533853888,69.88166809082031,8090
2021-09-28,69.88165828489132,70.45701302068252,69.23803355665687,69.24778747558594,7750
2021-09-29,69.24778747558594,69.24778747558594,69.24778747558594,69.24778747558594,0
2021-09-30,69.33555068724759,72.16358454246432,70.11570052319021,72.11482238769531,21805
2021-10-03,72.11483338611076,72.57317092662475,71.67600368650365,71.73451232910156,31017
2021-10-04,71.73450138868985,72.16358454246432,70.21321739266799,72.11482238769531,7976
2021-10-05,72.11483987090399,72.15384811616414,70.28149698404944,71.67601013183594,4094
2021-10-06,71.67601081158557,73.11928613965027,70.2132350807369,71.52973175048828,50121
2021-10-10,71.52971798422804,71.23716735839844,71.09088832545329,71.23716735839844,13500
2021-10-11,71.23716242284489,71.18840026855469,70.21321670323202,71.18840026855469,18447
2021-10-12,71.18841059886618,71.57848556961194,71.09089371619505,71.1396484375,17619
2021-10-13,71.13965560804485,71.18841777432603,69.24780408533915,69.4916000366211,47231
2021-10-14,69.49159316119575,69.45258492004264,68.26285960508703,68.27261352539062,303604
2021-10-17,68.27260475038008,70.10594720857124,68.27260475038008,69.28679656982422,23554
2021-10-18,69.28679656982422,69.28679656982422,69.28679656982422,69.28679656982422,0
2021-10-19,69.28679656982422,69.28679656982422,69.28679656982422,69.28679656982422,0
2021-10-20,69.28679656982422,69.28679656982422,69.28679656982422,69.28679656982422,0
2021-10-24,69.28679656982422,69.28679656982422,69.28679656982422,69.28679656982422,0
2021-10-25,69.28679656982422,69.28679656982422,69.28679656982422,69.28679656982422,0
2021-10-26,69.28679656982422,69.28679656982422,69.28679656982422,69.28679656982422,0
2021-10-27,69.28679656982422,69.28679656982422,69.28679656982422,69.28679656982422,0
2021-10-28,69.28679656982422,69.28679656982422,69.28679656982422,69.28679656982422,0
2021-10-31,69.28679656982422,69.28679656982422,69.28679656982422,69.28679656982422,0
2021-11-01,69.28679656982422,69.28679656982422,69.28679656982422,69.28679656982422,0
2021-11-02,69.28679656982422,69.28679656982422,69.28679656982422,69.28679656982422,0
2021-11-03,69.28679656982422,69.28679656982422,69.28679656982422,69.28679656982422,0
2021-11-04,69.28679656982422,69.28679656982422,69.28679656982422,69.28679656982422,0
2021-11-07,69.28679656982422,69.28679656982422,69.28679656982422,69.28679656982422,0
2021-11-08,69.28679656982422,69.28679656982422,69.28679656982422,69.28679656982422,0
2021-11-09,69.28679656982422,69.28679656982422,69.28679656982422,69.28679656982422,0
2021-11-10,69.28679656982422,69.28679656982422,69.28679656982422,69.28679656982422,0
2021-11-11,69.28679656982422,69.28679656982422,69.28679656982422,69.28679656982422,0
2021-11-14,69.28679656982422,69.28679656982422,69.28679656982422,69.28679656982422,0
2021-11-15,69.28679656982422,69.28679656982422,69.28679656982422,69.28679656982422,0
2021-11-16,69.28679656982422,69.28679656982422,69.28679656982422,69.28679656982422,0
2021-11-17,69.28679656982422,69.28679656982422,69.28679656982422,69.28679656982422,0
2021-11-18,69.28679656982422,69.28679656982422,69.28679656982422,69.28679656982422,0
2021-11-21,69.28679656982422,69.28679656982422,69.28679656982422,69.28679656982422,0
2021-11-22,69.28679656982422,69.28679656982422,69.28679656982422,69.28679656982422,0
2021-11-23,69.28679656982422,69.28679656982422,69.28679656982422,69.28679656982422,0
2021-11-24,69.28679656982422,69.28679656982422,69.28679656982422,69.28679656982422,0
2021-11-25,69.28679656982422,69.28679656982422,69.28679656982422,69.28679656982422,0
2021-11-28,69.28679656982422,69.28679656982422,69.28679656982422,69.28679656982422,0
2021-11-29,69.28679656982422,69.28679656982422,69.28679656982422,69.28679656982422,0
2021-11-30,69.28679656982422,69.28679656982422,69.28679656982422,69.28679656982422,0
2021-12-01,69.28679656982422,69.28679656982422,69.28679656982422,69.28679656982422,0
2021-12-02,69.28679656982422,69.28679656982422,69.28679656982422,69.28679656982422,0
2021-12-05,69.28679656982422,69.28679656982422,69.28679656982422,69.28679656982422,0
2021-12-06,69.28679656982422,69.28679656982422,69.28679656982422,69.28679656982422,0
2021-12-07,69.28679656982422,69.28679656982422,69.28679656982422,69.28679656982422,0
2021-12-08,69.28679656982422,69.28679656982422,69.28679656982422,69.28679656982422,0
2021-12-09,69.28679656982422,69.28679656982422,69.28679656982422,69.28679656982422,0
2021-12-12,69.28679656982422,69.28679656982422,69.28679656982422,69.28679656982422,0
2021-12-13,69.28679656982422,69.28679656982422,69.28679656982422,69.28679656982422,0
2021-12-14,69.28679656982422,69.28679656982422,69.28679656982422,69.28679656982422,0
2021-12-15,69.28679656982422,69.28679656982422,69.28679656982422,69.28679656982422,0
2021-12-16,69.28679656982422,69.28679656982422,69.28679656982422,69.28679656982422,0
2021-12-19,69.28679656982422,69.28679656982422,69.28679656982422,69.28679656982422,0
2021-12-20,69.28679656982422,69.28679656982422,69.28679656982422,69.28679656982422,0
2021-12-21,69.28679656982422,69.28679656982422,69.28679656982422,69.28679656982422,0
2021-12-22,69.28679656982422,69.28679656982422,69.28679656982422,69.28679656982422,0
2021-12-23,69.28679656982422,69.28679656982422,69.28679656982422,69.28679656982422,0
2021-12-26,69.28679656982422,69.28679656982422,69.28679656982422,69.28679656982422,0
2021-12-27,69.28679656982422,69.28679656982422,69.28679656982422,69.28679656982422,0
2021-12-28,69.28679656982422,69.28679656982422,69.28679656982422,69.28679656982422,0
2021-12-29,69.28679656982422,69.28679656982422,69.28679656982422,69.28679656982422,0
2021-12-30,69.28679656982422,69.28679656982422,69.28679656982422,69.28679656982422,0
2022-01-02,69.28679656982422,69.28679656982422,69.28679656982422,69.28679656982422,0
2022-01-03,69.28679656982422,69.28679656982422,69.28679656982422,69.28679656982422,0
2022-01-04,69.28679656982422,69.28679656982422,69.28679656982422,69.28679656982422,0
2022-01-05,69.28679656982422,69.28679656982422,69.28679656982422,69.28679656982422,0
2022-01-09,69.28679656982422,69.28679656982422,69.28679656982422,69.28679656982422,0
2022-01-10,69.28679656982422,69.28679656982422,69.28679656982422,69.28679656982422,0
2022-01-11,69.28679656982422,69.28679656982422,69.28679656982422,69.28679656982422,0
2022-01-12,69.28679656982422,69.28679656982422,69.28679656982422,69.28679656982422,0
2022-01-13,69.28679656982422,69.28679656982422,69.28679656982422,69.28679656982422,0
2022-01-16,69.28679656982422,69.28679656982422,69.28679656982422,69.28679656982422,0
2022-01-17,69.28679656982422,69.28679656982422,69.28679656982422,69.28679656982422,0
2022-01-18,69.28679656982422,69.28679656982422,69.28679656982422,69.28679656982422,0
2022-01-19,69.28679656982422,69.28679656982422,69.28679656982422,69.28679656982422,0
2022-01-20,69.28679656982422,69.28679656982422,69.28679656982422,69.28679656982422,0
2022-01-23,69.28679656982422,69.28679656982422,69.28679656982422,69.28679656982422,0
2022-01-24,69.51309967041016,69.51309967041016,69.51309967041016,69.51309967041016,0
2022-01-25,69.51309967041016,69.51309967041016,69.51309967041016,69.51309967041016,0
2022-01-26,69.51309967041016,69.51309967041016,69.51309967041016,69.51309967041016,0
2022-01-30,69.51309967041016,69.51309967041016,69.51309967041016,69.51309967041016,0
2022-01-31,69.51309967041016,69.51309967041016,69.51309967041016,69.51309967041016,0
2022-02-01,69.51309967041016,69.51309967041016,69.51309967041016,69.51309967041016,0
2022-02-02,69.51309967041016,69.51309967041016,69.51309967041016,69.51309967041016,0
2022-02-03,69.51309967041016,69.51309967041016,69.51309967041016,69.51309967041016,0
2022-02-06,69.51309967041016,69.51309967041016,69.51309967041016,69.51309967041016,0
2022-02-07,69.51309967041016,69.51309967041016,69.51309967041016,69.51309967041016,0
2022-02-08,69.51309967041016,69.51309967041016,69.51309967041016,69.51309967041016,0
2022-02-09,69.51309967041016,69.51309967041016,69.51309967041016,69.51309967041016,0
2022-02-10,69.51309967041016,69.51309967041016,69.51309967041016,69.51309967041016,0
2022-02-13,69.51309967041016,69.51309967041016,69.51309967041016,69.51309967041016,0
2022-02-14,69.51309967041016,69.51309967041016,69.51309967041016,69.51309967041016,0
2022-02-15,69.51309967041016,69.51309967041016,69.51309967041016,69.51309967041016,0
2022-02-16,69.51309967041016,69.51309967041016,69.51309967041016,69.51309967041016,0
2022-02-17,69.51309967041016,69.51309967041016,69.51309967041016,69.51309967041016,0
2022-02-20,69.51309967041016,69.51309967041016,69.51309967041016,69.51309967041016,0
2022-02-21,69.51309967041016,69.51309967041016,69.51309967041016,69.51309967041016,0
2022-02-22,69.51309967041016,69.51309967041016,69.51309967041016,69.51309967041016,0
2022-02-23,69.51309967041016,69.51309967041016,69.51309967041016,69.51309967041016,0
2022-02-24,69.51309967041016,69.51309967041016,69.51309967041016,69.51309967041016,0
2022-02-27,69.51309967041016,69.51309967041016,69.51309967041016,69.51309967041016,0
2022-02-28,69.51309967041016,69.51309967041016,69.51309967041016,69.51309967041016,0
2022-03-01,69.51309967041016,69.51309967041016,69.51309967041016,69.51309967041016,0
2022-03-02,69.51309967041016,69.51309967041016,69.51309967041016,69.51309967041016,0
2022-03-03,69.51309967041016,69.51309967041016,69.51309967041016,69.51309967041016,0
2022-03-06,69.51309967041016,69.51309967041016,69.51309967041016,69.51309967041016,0
2022-03-07,69.51309967041016,69.51309967041016,69.51309967041016,69.51309967041016,0
2022-03-08,69.51309967041016,69.51309967041016,69.51309967041016,69.51309967041016,0
2022-03-09,69.51309967041016,69.51309967041016,69.51309967041016,69.51309967041016,0
2022-03-10,69.51309967041016,69.51309967041016,69.51309967041016,69.51309967041016,0
2022-03-13,69.51309967041016,69.51309967041016,69.51309967041016,69.51309967041016,0
2022-03-14,69.51309967041016,69.51309967041016,69.51309967041016,69.51309967041016,0
2022-03-15,69.51309967041016,69.51309967041016,69.51309967041016,69.51309967041016,0
2022-03-16,69.51309967041016,69.51309967041016,69.51309967041016,69.51309967041016,0
2022-03-17,69.51309967041016,69.51309967041016,69.51309967041016,69.51309967041016,0
2022-03-20,69.51309967041016,69.51309967041016,69.51309967041016,69.51309967041016,0
2022-03-21,69.51309967041016,69.51309967041016,69.51309967041016,69.51309967041016,0
2022-03-22,69.51309967041016,69.51309967041016,69.51309967041016,69.51309967041016,0
2022-03-23,69.51309967041016,69.51309967041016,69.51309967041016,69.51309967041016,0
2022-03-24,69.51309967041016,69.51309967041016,69.51309967041016,69.51309967041016,0
2022-03-27,69.51309967041016,69.51309967041016,69.51309967041016,69.51309967041016,0
2022-03-28,69.51309967041016,69.51309967041016,69.51309967041016,69.51309967041016,0
2022-03-29,69.51309967041016,69.51309967041016,69.51309967041016,69.51309967041016,0
2022-03-30,69.51309967041016,69.51309967041016,69.51309967041016,69.51309967041016,0
2022-03-31,69.51309967041016,69.51309967041016,69.51309967041016,69.51309967041016,0
2022-04-03,69.51309967041016,69.51309967041016,69.51309967041016,69.51309967041016,0
2022-04-04,69.51309967041016,69.51309967041016,69.51309967041016,69.51309967041016,0
2022-04-05,69.51309967041016,69.51309967041016,69.51309967041016,69.51309967041016,0
2022-04-06,69.51309967041016,69.51309967041016,69.51309967041016,69.51309967041016,0
2022-04-07,69.51309967041016,69.51309967041016,69.51309967041016,69.51309967041016,0
2022-04-10,69.51309967041016,69.51309967041016,69.51309967041016,69.51309967041016,0
2022-04-11,69.51309967041016,69.51309967041016,69.51309967041016,69.51309967041016,0
2022-04-12,69.51309967041016,69.51309967041016,69.51309967041016,69.51309967041016,0
2022-04-13,69.51309967041016,69.51309967041016,69.51309967041016,69.51309967041016,0
2022-04-14,69.51309967041016,69.51309967041016,69.51309967041016,69.51309967041016,0
2022-04-17,69.51309967041016,69.51309967041016,69.51309967041016,69.51309967041016,0
2022-04-18,69.51309967041016,69.51309967041016,69.51309967041016,69.51309967041016,0
2022-04-19,69.51309967041016,69.51309967041016,69.51309967041016,69.51309967041016,0
2022-04-20,69.51309967041016,69.51309967041016,69.51309967041016,69.51309967041016,0
2022-04-21,69.51309967041016,69.51309967041016,69.51309967041016,69.51309967041016,0
2022-04-26,69.51309967041016,69.51309967041016,69.51309967041016,69.51309967041016,0
2022-04-27,69.51309967041016,69.51309967041016,69.51309967041016,69.51309967041016,0
2022-04-28,69.51309967041016,69.51309967041016,69.51309967041016,69.51309967041016,0
2022-05-08,69.51309967041016,69.51309967041016,69.51309967041016,69.51309967041016,0
2022-05-09,69.51309967041016,69.51309967041016,69.51309967041016,69.51309967041016,0
2022-05-10,69.51309967041016,69.51309967041016,69.51309967041016,69.51309967041016,0
2022-05-11,69.51309967041016,69.51309967041016,69.51309967041016,69.51309967041016,0
2022-05-12,69.51309967041016,69.51309967041016,69.51309967041016,69.51309967041016,0
2022-05-15,69.51309967041016,69.51309967041016,69.51309967041016,69.51309967041016,0
2022-05-16,69.51309967041016,69.51309967041016,69.51309967041016,69.51309967041016,0
2022-05-17,69.51309967041016,69.51309967041016,69.51309967041016,69.51309967041016,0
2022-05-18,69.51309967041016,69.51309967041016,69.51309967041016,69.51309967041016,0
2022-05-19,69.51309967041016,69.51309967041016,69.51309967041016,69.51309967041016,0
2022-05-22,69.51309967041016,69.51309967041016,69.51309967041016,69.51309967041016,0
2022-05-23,69.51309967041016,69.51309967041016,69.51309967041016,69.51309967041016,0
2022-05-24,69.51309967041016,69.51309967041016,69.51309967041016,69.51309967041016,0
2022-05-25,69.51309967041016,69.51309967041016,69.51309967041016,69.51309967041016,0
2022-05-26,69.51309967041016,69.51309967041016,69.51309967041016,69.51309967041016,0
2022-05-29,69.51309967041016,69.51309967041016,69.51309967041016,69.51309967041016,0
2022-05-30,69.51309967041016,69.51309967041016,69.51309967041016,69.51309967041016,0
2022-05-31,69.51309967041016,69.51309967041016,69.51309967041016,69.51309967041016,0
2022-06-01,69.51309967041016,69.51309967041016,69.51309967041016,69.51309967041016,0
2022-06-02,69.51309967041016,69.51309967041016,69.51309967041016,69.51309967041016,0
2022-06-05,69.51309967041016,69.51309967041016,69.51309967041016,69.51309967041016,0
2022-06-06,69.51309967041016,69.51309967041016,69.51309967041016,69.51309967041016,0
2022-06-07,69.51309967041016,69.51309967041016,69.51309967041016,69.51309967041016,0
2022-06-08,69.51309967041016,69.51309967041016,69.51309967041016,69.51309967041016,0
2022-06-09,69.51309967041016,69.51309967041016,69.51309967041016,69.51309967041016,0
2022-06-12,69.51309967041016,69.51309967041016,69.51309967041016,69.51309967041016,0
2022-06-13,69.51309967041016,69.51309967041016,69.51309967041016,69.51309967041016,0
2022-06-14,69.51309967041016,69.51309967041016,69.51309967041016,69.51309967041016,0
2022-06-15,69.51309967041016,69.51309967041016,69.51309967041016,69.51309967041016,0
2022-06-16,69.51309967041016,69.51309967041016,69.51309967041016,69.51309967041016,0
2022-06-19,69.51309967041016,69.51309967041016,69.51309967041016,69.51309967041016,0
2022-06-20,69.51309967041016,69.51309967041016,69.51309967041016,69.51309967041016,0
2022-06-21,69.51309967041016,69.51309967041016,69.51309967041016,69.51309967041016,0
2022-06-22,69.51309967041016,69.51309967041016,69.51309967041016,69.51309967041016,0
2022-06-23,69.51309967041016,69.51309967041016,69.51309967041016,69.51309967041016,0
2022-06-26,69.51309967041016,69.51309967041016,69.51309967041016,69.51309967041016,0
2022-06-27,69.51309967041016,69.51309967041016,69.51309967041016,69.51309967041016,0
2022-06-28,69.51309967041016,69.51309967041016,69.51309967041016,69.51309967041016,0
2022-06-29,69.51309967041016,69.51309967041016,69.51309967041016,69.51309967041016,0
2022-07-03,69.51309967041016,69.51309967041016,69.51309967041016,69.51309967041016,0
2022-07-04,69.51309967041016,69.51309967041016,69.51309967041016,69.51309967041016,0
2022-07-05,69.51309967041016,69.51309967041016,69.51309967041016,69.51309967041016,0
2022-07-06,69.51309967041016,69.51309967041016,69.51309967041016,69.51309967041016,0
2022-07-07,69.51309967041016,69.51309967041016,69.51309967041016,69.51309967041016,0
2022-07-17,69.51309967041016,69.51309967041016,69.51309967041016,69.51309967041016,0
2022-07-18,69.51309967041016,69.51309967041016,69.51309967041016,69.51309967041016,0
2022-07-19,69.51309967041016,69.51309967041016,69.51309967041016,69.51309967041016,0
2022-07-20,69.51309967041016,69.51309967041016,69.51309967041016,69.51309967041016,0
2022-07-21,69.51309967041016,69.51309967041016,69.51309967041016,69.51309967041016,0
2022-07-24,69.51309967041016,69.51309967041016,69.51309967041016,69.51309967041016,0
2022-07-25,69.51309967041016,69.51309967041016,69.51309967041016,69.51309967041016,0
2022-07-26,69.51309967041016,69.51309967041016,69.51309967041016,69.51309967041016,0
2022-07-27,69.51309967041016,69.51309967041016,69.51309967041016,69.51309967041016,0
2022-07-28,69.51309967041016,69.51309967041016,69.51309967041016,69.51309967041016,0
2022-07-31,69.51309967041016,69.51309967041016,69.51309967041016,69.51309967041016,0
2022-08-01,69.51309967041016,69.51309967041016,69.51309967041016,69.51309967041016,0
2022-08-02,69.51309967041016,69.51309967041016,69.51309967041016,69.51309967041016,0
2022-08-03,69.51309967041016,69.51309967041016,69.51309967041016,69.51309967041016,0
2022-08-04,69.51309967041016,69.51309967041016,69.51309967041016,69.51309967041016,0
2022-08-07,69.51309967041016,69.51309967041016,69.51309967041016,69.51309967041016,0
2022-08-08,69.51309967041016,69.51309967041016,69.51309967041016,69.51309967041016,0
2022-08-09,69.51309967041016,69.51309967041016,69.51309967041016,69.51309967041016,0
2022-08-10,69.51309967041016,69.51309967041016,69.51309967041016,69.51309967041016,0
2022-08-11,69.51309967041016,69.51309967041016,69.51309967041016,69.51309967041016,0
2022-08-14,69.51309967041016,69.51309967041016,69.51309967041016,69.51309967041016,0
2022-08-15,69.51309967041016,69.51309967041016,69.51309967041016,69.51309967041016,0
2022-08-16,69.51309967041016,69.51309967041016,69.51309967041016,69.51309967041016,0
2022-08-17,69.51309967041016,69.51309967041016,69.51309967041016,69.51309967041016,0
2022-08-18,69.74012756347656,69.74012756347656,69.74012756347656,69.74012756347656,0
2022-08-21,69.74012756347656,69.74012756347656,69.74012756347656,69.74012756347656,0
2022-08-22,69.74012756347656,69.74012756347656,69.74012756347656,69.74012756347656,0
2022-08-23,69.74012756347656,69.74012756347656,69.74012756347656,69.74012756347656,0
2022-08-24,69.74012756347656,69.74012756347656,69.74012756347656,69.74012756347656,0
2022-08-25,69.74012756347656,69.74012756347656,69.74012756347656,69.74012756347656,0
2022-08-28,69.74012756347656,69.74012756347656,69.74012756347656,69.74012756347656,0
2022-08-29,69.74012756347656,69.74012756347656,69.74012756347656,69.74012756347656,0
2022-08-30,69.74012756347656,69.74012756347656,69.74012756347656,69.74012756347656,0
2022-08-31,69.74012756347656,69.74012756347656,69.74012756347656,69.74012756347656,0
2022-09-01,69.74012756347656,69.74012756347656,69.74012756347656,69.74012756347656,0
2022-09-04,69.74012756347656,69.74012756347656,69.74012756347656,69.74012756347656,0
2022-09-05,69.74012756347656,69.74012756347656,69.74012756347656,69.74012756347656,0
2022-09-06,69.74012756347656,69.74012756347656,69.74012756347656,69.74012756347656,0
2022-09-07,69.74012756347656,69.74012756347656,69.74012756347656,69.74012756347656,0
2022-09-08,69.74012756347656,69.74012756347656,69.74012756347656,69.74012756347656,0
2022-09-11,69.74012756347656,69.74012756347656,69.74012756347656,69.74012756347656,0
2022-09-12,69.74012756347656,69.74012756347656,69.74012756347656,69.74012756347656,0
2022-09-13,69.74012756347656,69.74012756347656,69.74012756347656,69.74012756347656,0
2022-09-14,69.74012756347656,69.74012756347656,69.74012756347656,69.74012756347656,0
2022-09-15,69.74012756347656,69.74012756347656,69.74012756347656,69.74012756347656,0
2022-09-18,69.74012756347656,69.74012756347656,69.74012756347656,69.74012756347656,0
2022-09-19,69.74012756347656,69.74012756347656,69.74012756347656,69.74012756347656,0
2022-09-20,69.74012756347656,69.74012756347656,69.74012756347656,69.74012756347656,0
2022-09-21,69.74012756347656,69.74012756347656,69.74012756347656,69.74012756347656,0
2022-09-22,69.74012756347656,69.74012756347656,69.74012756347656,69.74012756347656,0
2022-09-25,69.74012756347656,69.74012756347656,69.74012756347656,69.74012756347656,0
2022-09-26,69.74012756347656,69.74012756347656,69.74012756347656,69.74012756347656,0
2022-09-27,69.74012756347656,69.74012756347656,69.74012756347656,69.74012756347656,0
2022-09-28,69.74012756347656,69.74012756347656,69.74012756347656,69.74012756347656,0
2022-09-29,69.74012756347656,69.74012756347656,69.74012756347656,69.74012756347656,0
2022-10-02,69.74012756347656,69.74012756347656,69.74012756347656,69.74012756347656,0
2022-10-03,69.74012756347656,69.74012756347656,69.74012756347656,69.74012756347656,0
2022-10-04,69.74012756347656,69.74012756347656,69.74012756347656,69.74012756347656,0
2022-10-05,69.74012756347656,69.74012756347656,69.74012756347656,69.74012756347656,0
2022-10-09,69.74012756347656,69.74012756347656,69.74012756347656,69.74012756347656,0
2022-10-10,69.74012756347656,69.74012756347656,69.74012756347656,69.74012756347656,0
2022-10-11,69.74012756347656,69.74012756347656,69.74012756347656,69.74012756347656,0
2022-10-12,69.74012756347656,69.74012756347656,69.74012756347656,69.74012756347656,0
2022-10-13,69.74012756347656,69.74012756347656,69.74012756347656,69.74012756347656,0
2022-10-16,69.74012756347656,69.74012756347656,69.74012756347656,69.74012756347656,0
2022-10-17,69.74012756347656,69.74012756347656,69.74012756347656,69.74012756347656,0
2022-10-18,69.74012756347656,69.74012756347656,69.74012756347656,69.74012756347656,0
2022-10-19,69.74012756347656,69.74012756347656,69.74012756347656,69.74012756347656,0
2022-10-20,69.74012756347656,69.74012756347656,69.74012756347656,69.74012756347656,0
2022-10-23,69.74012756347656,69.74012756347656,69.74012756347656,69.74012756347656,0
2022-10-24,69.74012756347656,69.74012756347656,69.74012756347656,69.74012756347656,0
2022-10-25,69.74012756347656,69.74012756347656,69.74012756347656,69.74012756347656,0
2022-10-26,69.74012756347656,69.74012756347656,69.74012756347656,69.74012756347656,0
2022-10-27,69.74012756347656,69.74012756347656,69.74012756347656,69.74012756347656,0
2022-10-30,69.74012756347656,69.74012756347656,69.74012756347656,69.74012756347656,0
2022-10-31,69.74012756347656,69.74012756347656,69.74012756347656,69.74012756347656,0
2022-11-01,69.74012756347656,69.74012756347656,69.74012756347656,69.74012756347656,0
2022-11-02,69.74012756347656,69.74012756347656,69.74012756347656,69.74012756347656,0
2022-11-03,69.74012756347656,69.74012756347656,69.74012756347656,69.74012756347656,0
2022-11-06,69.74012756347656,69.74012756347656,69.74012756347656,69.74012756347656,0
2022-11-07,69.74012756347656,69.74012756347656,69.74012756347656,69.74012756347656,0
2022-11-08,69.74012756347656,69.74012756347656,69.74012756347656,69.74012756347656,0
2022-11-09,69.74012756347656,69.74012756347656,69.74012756347656,69.74012756347656,0
2022-11-10,69.74012756347656,69.74012756347656,69.74012756347656,69.74012756347656,0
2022-11-13,69.74012756347656,69.74012756347656,69.74012756347656,69.74012756347656,0
2022-11-14,69.74012756347656,69.74012756347656,69.74012756347656,69.74012756347656,0
2022-11-15,69.74012756347656,69.74012756347656,69.74012756347656,69.74012756347656,0
2022-11-16,69.74012756347656,69.74012756347656,69.74012756347656,69.74012756347656,0
2022-11-17,69.74012756347656,69.74012756347656,69.74012756347656,69.74012756347656,0
2022-11-20,69.74012756347656,69.74012756347656,69.74012756347656,69.74012756347656,0
2022-11-21,69.74012756347656,69.74012756347656,69.74012756347656,69.74012756347656,0
2022-11-22,69.74012756347656,69.74012756347656,69.74012756347656,69.74012756347656,0
2022-11-23,69.74012756347656,69.74012756347656,69.74012756347656,69.74012756347656,0
2022-11-24,69.74012756347656,69.74012756347656,69.74012756347656,69.74012756347656,0
2022-11-27,69.74012756347656,69.74012756347656,69.74012756347656,69.74012756347656,0
2022-11-28,69.74012756347656,69.74012756347656,69.74012756347656,69.74012756347656,0
2022-11-29,69.74012756347656,69.74012756347656,69.74012756347656,69.74012756347656,0
2022-11-30,69.74012756347656,69.74012756347656,69.74012756347656,69.74012756347656,0
2022-12-01,69.74012756347656,69.74012756347656,69.74012756347656,69.74012756347656,0
2022-12-04,69.74012756347656,69.74012756347656,69.74012756347656,69.74012756347656,0
2022-12-05,69.74012756347656,69.74012756347656,69.74012756347656,69.74012756347656,0
2022-12-06,69.74012756347656,69.74012756347656,69.74012756347656,69.74012756347656,0
2022-12-07,69.74012756347656,69.74012756347656,69.74012756347656,69.74012756347656,0
2022-12-08,69.74012756347656,69.74012756347656,69.74012756347656,69.74012756347656,0
2022-12-11,69.74012756347656,69.74012756347656,69.74012756347656,69.74012756347656,0
2022-12-12,69.74012756347656,69.74012756347656,69.74012756347656,69.74012756347656,0
2022-12-13,69.74012756347656,69.74012756347656,69.74012756347656,69.74012756347656,0
2022-12-14,69.74012756347656,69.74012756347656,69.74012756347656,69.74012756347656,0
2022-12-15,69.74012756347656,69.74012756347656,69.74012756347656,69.74012756347656,0
2022-12-18,69.74012756347656,69.74012756347656,69.74012756347656,69.74012756347656,0
2022-12-19,69.74012756347656,69.74012756347656,69.74012756347656,69.74012756347656,0
2022-12-20,69.74012756347656,69.74012756347656,69.74012756347656,69.74012756347656,0
2022-12-21,69.74012756347656,69.74012756347656,69.74012756347656,69.74012756347656,0
2022-12-22,69.74012756347656,69.74012756347656,69.74012756347656,69.74012756347656,0
2022-12-25,69.74012756347656,69.74012756347656,69.74012756347656,69.74012756347656,0
2022-12-26,69.74012756347656,69.74012756347656,69.74012756347656,69.74012756347656,0
2022-12-27,69.74012756347656,69.74012756347656,69.74012756347656,69.74012756347656,0
2022-12-28,69.74012756347656,69.74012756347656,69.74012756347656,69.74012756347656,0
2022-12-29,69.74012756347656,69.74012756347656,69.74012756347656,69.74012756347656,0
2023-01-02,69.74012756347656,69.74012756347656,69.74012756347656,69.74012756347656,0
2023-01-03,69.74012756347656,69.74012756347656,69.74012756347656,69.74012756347656,0
2023-01-04,69.74012756347656,69.74012756347656,69.74012756347656,69.74012756347656,0
2023-01-05,69.74012756347656,69.74012756347656,69.74012756347656,69.74012756347656,0
2023-01-09,69.74012756347656,69.74012756347656,69.74012756347656,69.74012756347656,0
2023-01-10,69.74012756347656,69.74012756347656,69.74012756347656,69.74012756347656,0
2023-01-11,69.74012756347656,69.74012756347656,69.74012756347656,69.74012756347656,0
2023-01-12,69.74012756347656,69.74012756347656,69.74012756347656,69.74012756347656,0
2023-01-15,69.74012756347656,69.74012756347656,69.74012756347656,69.74012756347656,0
2023-01-16,69.74012756347656,69.74012756347656,69.74012756347656,69.74012756347656,0
2023-01-17,69.74012756347656,69.74012756347656,69.74012756347656,69.74012756347656,0
2023-01-18,69.74012756347656,69.74012756347656,69.74012756347656,69.74012756347656,0
2023-01-19,69.74012756347656,69.74012756347656,69.74012756347656,69.74012756347656,0
2023-01-22,69.74012756347656,69.74012756347656,69.74012756347656,69.74012756347656,0
2023-01-23,69.74012756347656,69.74012756347656,69.74012756347656,69.74012756347656,0
2023-01-24,69.74012756347656,69.74012756347656,69.74012756347656,69.74012756347656,0
2023-01-25,69.74012756347656,69.74012756347656,69.74012756347656,69.74012756347656,0
2023-01-29,69.74012756347656,69.74012756347656,69.74012756347656,69.74012756347656,0
2023-01-30,69.74012756347656,69.74012756347656,69.74012756347656,69.74012756347656,0
2023-01-31,69.74012756347656,69.74012756347656,69.74012756347656,69.74012756347656,0
2023-02-01,69.92219543457031,69.92219543457031,69.92219543457031,69.92219543457031,0
2023-02-02,69.92219543457031,69.92219543457031,69.92219543457031,69.92219543457031,0
2023-02-05,69.92219543457031,69.92219543457031,69.92219543457031,69.92219543457031,0
2023-02-06,69.92219543457031,69.92219543457031,69.92219543457031,69.92219543457031,0
2023-02-07,69.92219543457031,69.92219543457031,69.92219543457031,69.92219543457031,0
2023-02-08,69.92219543457031,69.92219543457031,69.92219543457031,69.92219543457031,0
2023-02-09,69.92219543457031,69.92219543457031,69.92219543457031,69.92219543457031,0
2023-02-12,69.92219543457031,69.92219543457031,69.92219543457031,69.92219543457031,0
2023-02-13,69.92219543457031,69.92219543457031,69.92219543457031,69.92219543457031,0
2023-02-14,69.92219543457031,69.92219543457031,69.92219543457031,69.92219543457031,0
2023-02-15,69.92219543457031,69.92219543457031,69.92219543457031,69.92219543457031,0
2023-02-16,69.92219543457031,69.92219543457031,69.92219543457031,69.92219543457031,0
2023-02-19,69.92219543457031,69.92219543457031,69.92219543457031,69.92219543457031,0
2023-02-20,69.92219543457031,69.92219543457031,69.92219543457031,69.92219543457031,0
2023-02-21,69.92219543457031,69.92219543457031,69.92219543457031,69.92219543457031,0
2023-02-22,69.92219543457031,69.92219543457031,69.92219543457031,69.92219543457031,0
2023-02-23,69.92219543457031,69.92219543457031,69.92219543457031,69.92219543457031,0
2023-02-26,69.92219543457031,69.92219543457031,69.92219543457031,69.92219543457031,0
2023-02-27,69.92219543457031,69.92219543457031,69.92219543457031,69.92219543457031,0
2023-02-28,69.92219543457031,69.92219543457031,69.92219543457031,69.92219543457031,0
2023-03-01,69.92219543457031,69.92219543457031,69.92219543457031,69.92219543457031,0
2023-03-02,69.92219543457031,69.92219543457031,69.92219543457031,69.92219543457031,0
2023-03-05,69.92219543457031,69.92219543457031,69.92219543457031,69.92219543457031,0
2023-03-06,69.92219543457031,69.92219543457031,69.92219543457031,69.92219543457031,0
2023-03-07,69.92219543457031,69.92219543457031,69.92219543457031,69.92219543457031,0
2023-03-08,69.92219543457031,69.92219543457031,69.92219543457031,69.92219543457031,0
2023-03-09,69.92219543457031,69.92219543457031,69.92219543457031,69.92219543457031,0
2023-03-12,69.92219543457031,69.92219543457031,69.92219543457031,69.92219543457031,0
2023-03-13,69.92219543457031,69.92219543457031,69.92219543457031,69.92219543457031,0
2023-03-14,69.92219543457031,69.92219543457031,69.92219543457031,69.92219543457031,0
2023-03-15,69.92219543457031,69.92219543457031,69.92219543457031,69.92219543457031,0
2023-03-16,69.92219543457031,69.92219543457031,69.92219543457031,69.92219543457031,0
2023-03-19,69.92219543457031,69.92219543457031,69.92219543457031,69.92219543457031,0
2023-03-20,69.92219543457031,69.92219543457031,69.92219543457031,69.92219543457031,0
2023-03-21,69.92219543457031,69.92219543457031,69.92219543457031,69.92219543457031,0
2023-03-22,69.92219543457031,69.92219543457031,69.92219543457031,69.92219543457031,0
2023-03-23,69.92219543457031,69.92219543457031,69.92219543457031,69.92219543457031,0
2023-03-26,69.92219543457031,69.92219543457031,69.92219543457031,69.92219543457031,0
2023-03-27,69.92219543457031,69.92219543457031,69.92219543457031,69.92219543457031,0
2023-03-28,69.92219543457031,69.92219543457031,69.92219543457031,69.92219543457031,0
2023-03-29,69.92219543457031,69.92219543457031,69.92219543457031,69.92219543457031,0
2023-03-30,69.92219543457031,69.92219543457031,69.92219543457031,69.92219543457031,0
2023-04-02,69.92219543457031,69.92219543457031,69.92219543457031,69.92219543457031,0
2023-04-03,69.92219543457031,69.92219543457031,69.92219543457031,69.92219543457031,0
2023-04-04,69.92219543457031,69.92219543457031,69.92219543457031,69.92219543457031,0
2023-04-05,69.92219543457031,69.92219543457031,69.92219543457031,69.92219543457031,0
2023-04-06,69.92219543457031,69.92219543457031,69.92219543457031,69.92219543457031,0
2023-04-09,69.92219543457031,69.92219543457031,69.92219543457031,69.92219543457031,0
2023-04-10,69.92219543457031,69.92219543457031,69.92219543457031,69.92219543457031,0
2023-04-11,69.92219543457031,69.92219543457031,69.92219543457031,69.92219543457031,0
2023-04-12,69.92219543457031,69.92219543457031,69.92219543457031,69.92219543457031,0
2023-04-13,69.92219543457031,69.92219543457031,69.92219543457031,69.92219543457031,0
2023-04-18,69.92219543457031,69.92219543457031,69.92219543457031,69.92219543457031,0
2023-04-19,69.92219543457031,69.92219543457031,69.92219543457031,69.92219543457031,0
2023-04-26,69.92219543457031,69.92219543457031,69.92219543457031,69.92219543457031,0
2023-04-27,69.92219543457031,69.92219543457031,69.92219543457031,69.92219543457031,0
2023-04-30,69.92219543457031,69.92219543457031,69.92219543457031,69.92219543457031,0
2023-05-01,69.92219543457031,69.92219543457031,69.92219543457031,69.92219543457031,0
2023-05-02,69.92219543457031,69.92219543457031,69.92219543457031,69.92219543457031,0
2023-05-03,69.92219543457031,69.92219543457031,69.92219543457031,69.92219543457031,0
2023-05-07,69.92219543457031,69.92219543457031,69.92219543457031,69.92219543457031,0
2023-05-08,69.92219543457031,69.92219543457031,69.92219543457031,69.92219543457031,0
2023-05-09,69.92219543457031,69.92219543457031,69.92219543457031,69.92219543457031,0
2023-05-10,69.92219543457031,69.92219543457031,69.92219543457031,69.92219543457031,0
2023-05-11,69.92219543457031,69.92219543457031,69.92219543457031,69.92219543457031,0
2023-05-14,69.92219543457031,69.92219543457031,69.92219543457031,69.92219543457031,0
2023-05-15,69.92219543457031,69.92219543457031,69.92219543457031,69.92219543457031,0
2023-05-16,69.92219543457031,69.92219543457031,69.92219543457031,69.92219543457031,0
2023-05-17,69.92219543457031,69.92219543457031,69.92219543457031,69.92219543457031,0
2023-05-18,69.92219543457031,69.92219543457031,69.92219543457031,69.92219543457031,0
2023-05-21,69.92219543457031,69.92219543457031,69.92219543457031,69.92219543457031,0
2023-05-22,69.92219543457031,69.92219543457031,69.92219543457031,69.92219543457031,0
2023-05-23,69.92219543457031,69.92219543457031,69.92219543457031,69.92219543457031,0
2023-05-24,69.92219543457031,69.92219543457031,69.92219543457031,69.92219543457031,0
2023-05-25,69.92219543457031,69.92219543457031,69.92219543457031,69.92219543457031,0
2023-05-28,69.92219543457031,69.92219543457031,69.92219543457031,69.92219543457031,0
2023-05-29,69.92219543457031,69.92219543457031,69.92219543457031,69.92219543457031,0
2023-05-30,69.92219543457031,69.92219543457031,69.92219543457031,69.92219543457031,0
2023-05-31,69.92219543457031,69.92219543457031,69.92219543457031,69.92219543457031,0
2023-06-01,69.92219543457031,69.92219543457031,69.92219543457031,69.92219543457031,0
2023-06-04,69.92219543457031,69.92219543457031,69.92219543457031,69.92219543457031,0
2023-06-05,69.92219543457031,69.92219543457031,69.92219543457031,69.92219543457031,0
2023-06-06,69.92219543457031,69.92219543457031,69.92219543457031,69.92219543457031,0
2023-06-07,69.92219543457031,69.92219543457031,69.92219543457031,69.92219543457031,0
2023-06-08,69.92219543457031,69.92219543457031,69.92219543457031,69.92219543457031,0
2023-06-11,69.92219543457031,69.92219543457031,69.92219543457031,69.92219543457031,0
2023-06-12,69.92219543457031,69.92219543457031,69.92219543457031,69.92219543457031,0
2023-06-13,69.92219543457031,69.92219543457031,69.92219543457031,69.92219543457031,0
2023-06-14,69.92219543457031,69.92219543457031,69.92219543457031,69.92219543457031,0
2023-06-15,69.92219543457031,69.92219543457031,69.92219543457031,69.92219543457031,0
2023-06-18,69.92219543457031,69.92219543457031,69.92219543457031,69.92219543457031,0
2023-06-19,69.92219543457031,69.92219543457031,69.92219543457031,69.92219543457031,0
2023-06-20,69.92219543457031,69.92219543457031,69.92219543457031,69.92219543457031,0
2023-06-21,69.92219543457031,69.92219543457031,69.92219543457031,69.92219543457031,0
2023-06-22,69.92219543457031,69.92219543457031,69.92219543457031,69.92219543457031,0
2023-06-25,69.92219543457031,69.92219543457031,69.92219543457031,69.92219543457031,0
2023-06-26,69.92219543457031,69.92219543457031,69.92219543457031,69.92219543457031,0
2023-07-04,69.92219543457031,69.92219543457031,69.92219543457031,69.92219543457031,0
2023-07-05,69.92219543457031,69.92219543457031,69.92219543457031,69.92219543457031,0
2023-07-06,69.92219543457031,69.92219543457031,69.92219543457031,69.92219543457031,0
2023-07-09,69.92219543457031,69.92219543457031,69.92219543457031,69.92219543457031,0
2023-07-10,69.92219543457031,69.92219543457031,69.92219543457031,69.92219543457031,0
2023-07-11,69.92219543457031,69.92219543457031,69.92219543457031,69.92219543457031,0
2023-07-12,69.92219543457031,69.92219543457031,69.92219543457031,69.92219543457031,0
2023-07-13,69.92219543457031,69.92219543457031,69.92219543457031,69.92219543457031,0
2023-07-16,69.92219543457031,69.92219543457031,69.92219543457031,69.92219543457031,0
2023-07-17,69.92219543457031,69.92219543457031,69.92219543457031,69.92219543457031,0
2023-07-18,69.92219543457031,69.92219543457031,69.92219543457031,69.92219543457031,0
2023-07-19,69.92219543457031,69.92219543457031,69.92219543457031,69.92219543457031,0
2023-07-24,69.92219543457031,69.92219543457031,69.92219543457031,69.92219543457031,0
2023-07-25,69.92219543457031,69.92219543457031,69.92219543457031,69.92219543457031,0
2023-07-26,69.92219543457031,69.92219543457031,69.92219543457031,69.92219543457031,0
2023-07-27,69.92219543457031,69.92219543457031,69.92219543457031,69.92219543457031,0
2023-07-30,69.92219543457031,69.92219543457031,69.92219543457031,69.92219543457031,0
2023-07-31,69.92219543457031,69.92219543457031,69.92219543457031,69.92219543457031,0
2023-08-01,69.92219543457031,69.92219543457031,69.92219543457031,69.92219543457031,0
2023-08-02,69.92219543457031,69.92219543457031,69.92219543457031,69.92219543457031,0
2023-08-03,69.92219543457031,69.92219543457031,69.92219543457031,69.92219543457031,0
2023-08-06,69.92219543457031,69.92219543457031,69.92219543457031,69.92219543457031,0
2023-08-07,69.92219543457031,69.92219543457031,69.92219543457031,69.92219543457031,0
2023-08-08,69.92219543457031,69.92219543457031,69.92219543457031,69.92219543457031,0
2023-08-09,69.92219543457031,69.92219543457031,69.92219543457031,69.92219543457031,0
2023-08-10,69.92219543457031,69.92219543457031,69.92219543457031,69.92219543457031,0
2023-08-13,69.92219543457031,69.92219543457031,69.92219543457031,69.92219543457031,0
2023-08-14,69.92219543457031,69.92219543457031,69.92219543457031,69.92219543457031,0
2023-08-15,69.92219543457031,69.92219543457031,69.92219543457031,69.92219543457031,0
2023-08-16,69.92219543457031,69.92219543457031,69.92219543457031,69.92219543457031,0
2023-08-17,69.92219543457031,69.92219543457031,69.92219543457031,69.92219543457031,0
2023-08-20,69.92219543457031,69.92219543457031,69.92219543457031,69.92219543457031,0
2023-08-21,69.92219543457031,69.92219543457031,69.92219543457031,69.92219543457031,0
2023-08-22,69.92219543457031,69.92219543457031,69.92219543457031,69.92219543457031,0
2023-08-23,69.92219543457031,69.92219543457031,69.92219543457031,69.92219543457031,0
2023-08-24,69.92219543457031,69.92219543457031,69.92219543457031,69.92219543457031,0
2023-08-27,69.92219543457031,69.92219543457031,69.92219543457031,69.92219543457031,0
2023-08-28,69.92219543457031,69.92219543457031,69.92219543457031,69.92219543457031,0
2023-08-29,69.92219543457031,69.92219543457031,69.92219543457031,69.92219543457031,0
2023-08-30,69.92219543457031,69.92219543457031,69.92219543457031,69.92219543457031,0
2023-08-31,69.92219543457031,69.92219543457031,69.92219543457031,69.92219543457031,0
2023-09-03,69.92219543457031,69.92219543457031,69.92219543457031,69.92219543457031,0
2023-09-04,69.92219543457031,69.92219543457031,69.92219543457031,69.92219543457031,0
2023-09-05,69.92219543457031,69.92219543457031,69.92219543457031,69.92219543457031,0
2023-09-06,69.92219543457031,69.92219543457031,69.92219543457031,69.92219543457031,0
2023-09-07,69.92219543457031,69.92219543457031,69.92219543457031,69.92219543457031,0
2023-09-10,69.92219543457031,69.92219543457031,69.92219543457031,69.92219543457031,0
2023-09-11,69.92219543457031,69.92219543457031,69.92219543457031,69.92219543457031,0
2023-09-12,69.92219543457031,69.92219543457031,69.92219543457031,69.92219543457031,0
2023-09-13,69.92219543457031,69.92219543457031,69.92219543457031,69.92219543457031,0
2023-09-14,69.92219543457031,69.92219543457031,69.92219543457031,69.92219543457031,0
2023-09-17,69.92219543457031,69.92219543457031,69.92219543457031,69.92219543457031,0
2023-09-18,69.92219543457031,69.92219543457031,69.92219543457031,69.92219543457031,0
2023-09-19,69.92219543457031,69.92219543457031,69.92219543457031,69.92219543457031,0
2023-09-20,69.92219543457031,69.92219543457031,69.92219543457031,69.92219543457031,0
2023-09-21,69.92219543457031,69.92219543457031,69.92219543457031,69.92219543457031,0
2023-09-24,69.92219543457031,69.92219543457031,69.92219543457031,69.92219543457031,0
2023-09-25,69.92219543457031,69.92219543457031,69.92219543457031,69.92219543457031,0
2023-09-26,69.92219543457031,69.92219543457031,69.92219543457031,69.92219543457031,0
2023-09-27,69.92219543457031,69.92219543457031,69.92219543457031,69.92219543457031,0
2023-10-01,69.92219543457031,69.92219543457031,69.92219543457031,69.92219543457031,0
2023-10-02,69.92219543457031,69.92219543457031,69.92219543457031,69.92219543457031,0
2023-10-03,69.92219543457031,69.92219543457031,69.92219543457031,69.92219543457031,0
2023-10-04,69.92219543457031,69.92219543457031,69.92219543457031,69.92219543457031,0
2023-10-08,69.92219543457031,69.92219543457031,69.92219543457031,69.92219543457031,0
2023-10-09,69.92219543457031,69.92219543457031,69.92219543457031,69.92219543457031,0
2023-10-10,69.92219543457031,69.92219543457031,69.92219543457031,69.92219543457031,0
2023-10-11,69.92219543457031,69.92219543457031,69.92219543457031,69.92219543457031,0
2023-10-12,69.92219543457031,69.92219543457031,69.92219543457031,69.92219543457031,0
2023-10-15,69.92219543457031,69.92219543457031,69.92219543457031,69.92219543457031,0
2023-10-16,69.92219543457031,69.92219543457031,69.92219543457031,69.92219543457031,0
2023-10-17,69.92219543457031,69.92219543457031,69.92219543457031,69.92219543457031,0
2023-10-18,69.92219543457031,69.92219543457031,69.92219543457031,69.92219543457031,0
2023-10-19,69.92219543457031,69.92219543457031,69.92219543457031,69.92219543457031,0
2023-10-22,69.92219543457031,69.92219543457031,69.92219543457031,69.92219543457031,0
2023-10-23,69.92219543457031,69.92219543457031,69.92219543457031,69.92219543457031,0
2023-10-24,69.92219543457031,69.92219543457031,69.92219543457031,69.92219543457031,0
2023-10-25,70.19387817382812,70.19387817382812,70.19387817382812,70.19387817382812,0
2023-10-26,70.19387817382812,70.19387817382812,70.19387817382812,70.19387817382812,0
2023-10-29,70.19387817382812,70.19387817382812,70.19387817382812,70.19387817382812,0
2023-10-30,70.19387817382812,70.19387817382812,70.19387817382812,70.19387817382812,0
2023-10-31,70.19387817382812,70.19387817382812,70.19387817382812,70.19387817382812,0
2023-11-01,70.19387817382812,70.19387817382812,70.19387817382812,70.19387817382812,0
2023-11-02,70.19387817382812,70.19387817382812,70.19387817382812,70.19387817382812,0
2023-11-05,70.19387817382812,70.19387817382812,70.19387817382812,70.19387817382812,0
2023-11-06,70.19387817382812,70.19387817382812,70.19387817382812,70.19387817382812,0
2023-11-07,70.19387817382812,70.19387817382812,70.19387817382812,70.19387817382812,0
2023-11-08,70.19387817382812,70.19387817382812,70.19387817382812,70.19387817382812,0
2023-11-09,70.19387817382812,70.19387817382812,70.19387817382812,70.19387817382812,0
2023-11-12,70.19387817382812,70.19387817382812,70.19387817382812,70.19387817382812,0
2023-11-13,70.19387817382812,70.19387817382812,70.19387817382812,70.19387817382812,0
2023-11-14,70.19387817382812,70.19387817382812,70.19387817382812,70.19387817382812,0
2023-11-15,70.19387817382812,70.19387817382812,70.19387817382812,70.19387817382812,0
2023-11-16,70.19387817382812,70.19387817382812,70.19387817382812,70.19387817382812,0
2023-11-19,70.19387817382812,70.19387817382812,70.19387817382812,70.19387817382812,0
2023-11-20,70.19387817382812,70.19387817382812,70.19387817382812,70.19387817382812,0
2023-11-21,70.19387817382812,70.19387817382812,70.19387817382812,70.19387817382812,0
2023-11-22,70.19387817382812,70.19387817382812,70.19387817382812,70.19387817382812,0
2023-11-23,70.19387817382812,70.19387817382812,70.19387817382812,70.19387817382812,0
2023-11-26,70.19387817382812,70.19387817382812,70.19387817382812,70.19387817382812,0
2023-11-27,70.19387817382812,70.19387817382812,70.19387817382812,70.19387817382812,0
2023-11-28,70.19387817382812,70.19387817382812,70.19387817382812,70.19387817382812,0
2023-11-29,70.19387817382812,70.19387817382812,70.19387817382812,70.19387817382812,0
2023-11-30,70.19387817382812,70.19387817382812,70.19387817382812,70.19387817382812,0
2023-12-03,70.19387817382812,70.19387817382812,70.19387817382812,70.19387817382812,0
2023-12-04,70.19387817382812,70.19387817382812,70.19387817382812,70.19387817382812,0
2023-12-05,70.19387817382812,70.19387817382812,70.19387817382812,70.19387817382812,0
2023-12-06,70.19387817382812,70.19387817382812,70.19387817382812,70.19387817382812,0
2023-12-07,70.19387817382812,70.19387817382812,70.19387817382812,70.19387817382812,0
2023-12-10,70.19387817382812,70.19387817382812,70.19387817382812,70.19387817382812,0
2023-12-11,70.19387817382812,70.19387817382812,70.19387817382812,70.19387817382812,0
2023-12-12,70.19387817382812,70.19387817382812,70.19387817382812,70.19387817382812,0
2023-12-13,70.19387817382812,70.19387817382812,70.19387817382812,70.19387817382812,0
2023-12-14,70.19387817382812,70.19387817382812,70.19387817382812,70.19387817382812,0
2023-12-17,70.19387817382812,70.19387817382812,70.19387817382812,70.19387817382812,0
2023-12-18,70.19387817382812,70.19387817382812,70.19387817382812,70.19387817382812,0
2023-12-19,70.19387817382812,70.19387817382812,70.19387817382812,70.19387817382812,0
2023-12-20,70.19387817382812,70.19387817382812,70.19387817382812,70.19387817382812,0
2023-12-21,70.19387817382812,70.19387817382812,70.19387817382812,70.19387817382812,0
2023-12-24,70.19387817382812,70.19387817382812,70.19387817382812,70.19387817382812,0
2023-12-25,70.19387817382812,70.19387817382812,70.19387817382812,70.19387817382812,0
2023-12-26,70.19387817382812,70.19387817382812,70.19387817382812,70.19387817382812,0
2023-12-27,70.19387817382812,70.19387817382812,70.19387817382812,70.19387817382812,0
2023-12-28,70.19387817382812,70.19387817382812,70.19387817382812,70.19387817382812,0
2023-12-31,70.19387817382812,70.19387817382812,70.19387817382812,70.19387817382812,0
2024-01-02,70.19387817382812,70.19387817382812,70.19387817382812,70.19387817382812,0
2024-01-03,70.19387817382812,70.19387817382812,70.19387817382812,70.19387817382812,0
2024-01-04,70.19387817382812,70.19387817382812,70.19387817382812,70.19387817382812,0
2024-01-08,70.19387817382812,70.19387817382812,70.19387817382812,70.19387817382812,0
2024-01-09,70.19387817382812,70.19387817382812,70.19387817382812,70.19387817382812,0
2024-01-10,70.19387817382812,70.19387817382812,70.19387817382812,70.19387817382812,0
2024-01-11,70.19387817382812,70.19387817382812,70.19387817382812,70.19387817382812,0
2024-01-14,70.19387817382812,70.19387817382812,70.19387817382812,70.19387817382812,0
2024-01-15,70.19387817382812,70.19387817382812,70.19387817382812,70.19387817382812,0
2024-01-16,70.19387817382812,70.19387817382812,70.19387817382812,70.19387817382812,0
2024-01-17,70.19387817382812,70.19387817382812,70.19387817382812,70.19387817382812,0
2024-01-18,70.19387817382812,70.19387817382812,70.19387817382812,70.19387817382812,0
2024-01-21,70.19387817382812,70.19387817382812,70.19387817382812,70.19387817382812,0
2024-01-22,70.19387817382812,70.19387817382812,70.19387817382812,70.19387817382812,0
2024-01-23,70.19387817382812,70.19387817382812,70.19387817382812,70.19387817382812,0
2024-01-24,70.19387817382812,70.19387817382812,70.19387817382812,70.19387817382812,0
2024-01-28,70.19387817382812,70.19387817382812,70.19387817382812,70.19387817382812,0
2024-01-29,70.19387817382812,70.19387817382812,70.19387817382812,70.19387817382812,0
2024-01-30,70.19387817382812,70.19387817382812,70.19387817382812,70.19387817382812,0
2024-01-31,70.19387817382812,70.19387817382812,70.19387817382812,70.19387817382812,0
2024-02-01,70.19387817382812,70.19387817382812,70.19387817382812,70.19387817382812,0
2024-02-04,70.19387817382812,70.19387817382812,70.19387817382812,70.19387817382812,0
2024-02-05,70.19387817382812,70.19387817382812,70.19387817382812,70.19387817382812,0
2024-02-06,70.19387817382812,70.19387817382812,70.19387817382812,70.19387817382812,0
2024-02-07,70.19387817382812,70.19387817382812,70.19387817382812,70.19387817382812,0
2024-02-08,70.19387817382812,70.19387817382812,70.19387817382812,70.19387817382812,0
2024-02-11,70.19387817382812,70.19387817382812,70.19387817382812,70.19387817382812,0
2024-02-12,70.19387817382812,70.19387817382812,70.19387817382812,70.19387817382812,0
2024-02-13,70.19387817382812,70.19387817382812,70.19387817382812,70.19387817382812,0
2024-02-14,70.19387817382812,70.19387817382812,70.19387817382812,70.19387817382812,0
2024-02-15,70.19387817382812,70.19387817382812,70.19387817382812,70.19387817382812,0
2024-02-18,70.38208770751953,70.38208770751953,70.38208770751953,70.38208770751953,0
2024-02-19,70.38208770751953,70.38208770751953,70.38208770751953,70.38208770751953,0
2024-02-20,70.38208770751953,70.38208770751953,70.38208770751953,70.38208770751953,0
2024-02-21,70.38208770751953,70.38208770751953,70.38208770751953,70.38208770751953,0
2024-02-22,70.38208770751953,70.38208770751953,70.38208770751953,70.38208770751953,0
2024-02-25,70.38208770751953,70.38208770751953,70.38208770751953,70.38208770751953,0
2024-02-26,70.38208770751953,70.38208770751953,70.38208770751953,70.38208770751953,0
2024-02-27,70.38208770751953,70.38208770751953,70.38208770751953,70.38208770751953,0
2024-02-28,70.38208770751953,70.38208770751953,70.38208770751953,70.38208770751953,0
2024-02-29,70.38208770751953,70.38208770751953,70.38208770751953,70.38208770751953,0
2024-03-03,70.38208770751953,70.38208770751953,70.38208770751953,70.38208770751953,0
2024-03-04,70.38208770751953,70.38208770751953,70.38208770751953,70.38208770751953,0
2024-03-05,70.38208770751953,70.38208770751953,70.38208770751953,70.38208770751953,0
2024-03-06,70.38208770751953,70.38208770751953,70.38208770751953,70.38208770751953,0
2024-03-07,70.38208770751953,70.38208770751953,70.38208770751953,70.38208770751953,0
2024-03-10,70.38208770751953,70.38208770751953,70.38208770751953,70.38208770751953,0
2024-03-11,70.38208770751953,70.38208770751953,70.38208770751953,70.38208770751953,0
2024-03-12,70.38208770751953,70.38208770751953,70.38208770751953,70.38208770751953,0
2024-03-13,70.38208770751953,70.38208770751953,70.38208770751953,70.38208770751953,0
2024-03-14,70.38208770751953,70.38208770751953,70.38208770751953,70.38208770751953,0
2024-03-17,70.38208770751953,70.38208770751953,70.38208770751953,70.38208770751953,0
2024-03-18,70.38208770751953,70.38208770751953,70.38208770751953,70.38208770751953,0
2024-03-19,70.38208770751953,70.38208770751953,70.38208770751953,70.38208770751953,0
2024-03-20,70.38208770751953,70.38208770751953,70.38208770751953,70.38208770751953,0
2024-03-21,70.38208770751953,70.38208770751953,70.38208770751953,70.38208770751953,0
2024-03-24,70.38208770751953,70.38208770751953,70.38208770751953,70.38208770751953,0
2024-03-25,70.38208770751953,70.38208770751953,70.38208770751953,70.38208770751953,0
2024-03-26,70.38208770751953,70.38208770751953,70.38208770751953,70.38208770751953,0
2024-03-27,70.38208770751953,70.38208770751953,70.38208770751953,70.38208770751953,0
2024-03-28,70.38208770751953,70.38208770751953,70.38208770751953,70.38208770751953,0
2024-03-31,70.38208770751953,70.38208770751953,70.38208770751953,70.38208770751953,0
2024-04-01,70.38208770751953,70.38208770751953,70.38208770751953,70.38208770751953,0
2024-04-02,70.38208770751953,70.38208770751953,70.38208770751953,70.38208770751953,0
2024-04-03,70.38208770751953,70.38208770751953,70.38208770751953,70.38208770751953,0
2024-04-04,70.38208770751953,70.38208770751953,70.38208770751953,70.38208770751953,0
2024-04-07,70.38208770751953,70.38208770751953,70.38208770751953,70.38208770751953,0
2024-04-08,70.38208770751953,70.38208770751953,70.38208770751953,70.38208770751953,0
2024-04-15,70.38208770751953,70.38208770751953,70.38208770751953,70.38208770751953,0
2024-04-16,70.38208770751953,70.38208770751953,70.38208770751953,70.38208770751953,0
2024-04-17,70.38208770751953,70.38208770751953,70.38208770751953,70.38208770751953,0
2024-04-18,70.38208770751953,70.38208770751953,70.38208770751953,70.38208770751953,0
2024-04-21,70.38208770751953,70.38208770751953,70.38208770751953,70.38208770751953,0
2024-04-22,70.38208770751953,70.38208770751953,70.38208770751953,70.38208770751953,0
2024-04-23,70.38208770751953,70.38208770751953,70.38208770751953,70.38208770751953,0
2024-04-24,70.38208770751953,70.38208770751953,70.38208770751953,70.38208770751953,0
2024-04-28,70.38208770751953,70.38208770751953,70.38208770751953,70.38208770751953,0
2024-04-29,70.38208770751953,70.38208770751953,70.38208770751953,70.38208770751953,0
2024-04-30,70.38208770751953,70.38208770751953,70.38208770751953,70.38208770751953,0
2024-05-01,70.38208770751953,70.38208770751953,70.38208770751953,70.38208770751953,0
2024-05-02,70.38208770751953,70.38208770751953,70.38208770751953,70.38208770751953,0
2024-05-07,70.38208770751953,70.38208770751953,70.38208770751953,70.38208770751953,0
2024-05-08,70.38208770751953,70.38208770751953,70.38208770751953,70.38208770751953,0
2024-05-09,70.38208770751953,70.38208770751953,70.38208770751953,70.38208770751953,0
2024-05-12,70.38208770751953,70.38208770751953,70.38208770751953,70.38208770751953,0
2024-05-13,70.38208770751953,70.38208770751953,70.38208770751953,70.38208770751953,0
2024-05-14,70.38208770751953,70.38208770751953,70.38208770751953,70.38208770751953,0
2024-05-15,70.38208770751953,70.38208770751953,70.38208770751953,70.38208770751953,0
2024-05-16,70.38208770751953,70.38208770751953,70.38208770751953,70.38208770751953,0
2024-05-19,70.38208770751953,70.38208770751953,70.38208770751953,70.38208770751953,0
2024-05-20,70.38208770751953,70.38208770751953,70.38208770751953,70.38208770751953,0
2024-05-21,70.38208770751953,70.38208770751953,70.38208770751953,70.38208770751953,0
2024-05-22,70.38208770751953,70.38208770751953,70.38208770751953,70.38208770751953,0
2024-05-23,70.38208770751953,70.38208770751953,70.38208770751953,70.38208770751953,0
2024-05-26,70.38208770751953,70.38208770751953,70.38208770751953,70.38208770751953,0
2024-05-27,70.38208770751953,70.38208770751953,70.38208770751953,70.38208770751953,0
2024-05-28,70.38208770751953,70.38208770751953,70.38208770751953,70.38208770751953,0
2024-05-29,70.38208770751953,70.38208770751953,70.38208770751953,70.38208770751953,0
2024-05-30,70.38208770751953,70.38208770751953,70.38208770751953,70.38208770751953,0
2024-06-02,70.38208770751953,70.38208770751953,70.38208770751953,70.38208770751953,0
2024-06-03,70.38208770751953,70.38208770751953,70.38208770751953,70.38208770751953,0
2024-06-04,70.38208770751953,70.38208770751953,70.38208770751953,70.38208770751953,0
2024-06-05,70.38208770751953,70.38208770751953,70.38208770751953,70.38208770751953,0
2024-06-06,70.38208770751953,70.38208770751953,70.38208770751953,70.38208770751953,0
2024-06-09,70.38208770751953,70.38208770751953,70.38208770751953,70.38208770751953,0
2024-06-10,70.38208770751953,70.38208770751953,70.38208770751953,70.38208770751953,0
2024-06-11,70.38208770751953,70.38208770751953,70.38208770751953,70.38208770751953,0
2024-06-12,70.38208770751953,70.38208770751953,70.38208770751953,70.38208770751953,0
2024-06-13,70.38208770751953,70.38208770751953,70.38208770751953,70.38208770751953,0
2024-06-23,70.38208770751953,70.38208770751953,70.38208770751953,70.38208770751953,0
2024-06-24,70.38208770751953,70.38208770751953,70.38208770751953,70.38208770751953,0
2024-06-25,70.38208770751953,70.38208770751953,70.38208770751953,70.38208770751953,0
2024-06-26,70.38208770751953,70.38208770751953,70.38208770751953,70.38208770751953,0
2024-06-27,70.38208770751953,70.38208770751953,70.38208770751953,70.38208770751953,0
2024-07-01,70.38208770751953,70.38208770751953,70.38208770751953,70.38208770751953,0
2024-07-02,70.38208770751953,70.38208770751953,70.38208770751953,70.38208770751953,0
2024-07-03,70.38208770751953,70.38208770751953,70.38208770751953,70.38208770751953,0
2024-07-04,70.38208770751953,70.38208770751953,70.38208770751953,70.38208770751953,0
2024-07-07,70.38208770751953,70.38208770751953,70.38208770751953,70.38208770751953,0
2024-07-08,70.38208770751953,70.38208770751953,70.38208770751953,70.38208770751953,0
2024-07-09,70.38208770751953,70.38208770751953,70.38208770751953,70.38208770751953,0
2024-07-10,70.38208770751953,70.38208770751953,70.38208770751953,70.38208770751953,0
2024-07-14,70.38208770751953,70.38208770751953,70.38208770751953,70.38208770751953,0
2024-07-15,70.38208770751953,70.38208770751953,70.38208770751953,70.38208770751953,0
2024-07-16,70.38208770751953,70.38208770751953,70.38208770751953,70.38208770751953,0
2024-07-17,70.38208770751953,70.38208770751953,70.38208770751953,70.38208770751953,0
2024-07-18,70.38208770751953,70.38208770751953,70.38208770751953,70.38208770751953,0
2024-07-21,70.38208770751953,70.38208770751953,70.38208770751953,70.38208770751953,0
2024-07-22,70.38208770751953,70.38208770751953,70.38208770751953,70.38208770751953,0
2024-07-23,70.38208770751953,70.38208770751953,70.38208770751953,70.38208770751953,0
2024-07-24,70.38208770751953,70.38208770751953,70.38208770751953,70.38208770751953,0
2024-07-28,70.38208770751953,70.38208770751953,70.38208770751953,70.38208770751953,0
2024-07-29,70.38208770751953,70.38208770751953,70.38208770751953,70.38208770751953,0
2024-07-30,70.38208770751953,70.38208770751953,70.38208770751953,70.38208770751953,0
2024-07-31,70.38208770751953,70.38208770751953,70.38208770751953,70.38208770751953,0
2024-08-01,70.38208770751953,70.38208770751953,70.38208770751953,70.38208770751953,0
2024-08-04,70.38208770751953,70.38208770751953,70.38208770751953,70.38208770751953,0
2024-08-05,70.38208770751953,70.38208770751953,70.38208770751953,70.38208770751953,0
2024-08-06,70.38208770751953,70.38208770751953,70.38208770751953,70.38208770751953,0
2024-08-07,70.38208770751953,70.38208770751953,70.38208770751953,70.38208770751953,0
2024-08-08,70.38208770751953,70.38208770751953,70.38208770751953,70.38208770751953,0
2024-08-11,70.38208770751953,70.38208770751953,70.38208770751953,70.38208770751953,0
2024-08-12,70.38208770751953,70.38208770751953,70.38208770751953,70.38208770751953,0
2024-08-13,70.38208770751953,70.38208770751953,70.38208770751953,70.38208770751953,0
2024-08-14,70.38208770751953,70.38208770751953,70.38208770751953,70.38208770751953,0
2024-08-15,70.58078002929688,70.58078002929688,70.58078002929688,70.58078002929688,0
2024-08-18,70.58078002929688,70.58078002929688,70.58078002929688,70.58078002929688,0
2024-08-19,70.58078002929688,70.58078002929688,70.58078002929688,70.58078002929688,0
2024-08-20,70.58078002929688,70.58078002929688,70.58078002929688,70.58078002929688,0
2024-08-21,70.58078002929688,70.58078002929688,70.58078002929688,70.58078002929688,0
2024-08-22,70.58078002929688,70.58078002929688,70.58078002929688,70.58078002929688,0
2024-08-25,70.58078002929688,70.58078002929688,70.58078002929688,70.58078002929688,0
2024-08-26,70.58078002929688,70.58078002929688,70.58078002929688,70.58078002929688,0
2024-08-27,70.58078002929688,70.58078002929688,70.58078002929688,70.58078002929688,0
2024-08-28,70.58078002929688,70.58078002929688,70.58078002929688,70.58078002929688,0
2024-08-29,70.58078002929688,70.58078002929688,70.58078002929688,70.58078002929688,0
2024-09-01,70.58078002929688,70.58078002929688,70.58078002929688,70.58078002929688,0
2024-09-02,70.58078002929688,70.58078002929688,70.58078002929688,70.58078002929688,0
2024-09-03,70.58078002929688,70.58078002929688,70.58078002929688,70.58078002929688,0
2024-09-04,70.58078002929688,70.58078002929688,70.58078002929688,70.58078002929688,0
2024-09-05,70.58078002929688,70.58078002929688,70.58078002929688,70.58078002929688,0
2024-09-08,70.58078002929688,70.58078002929688,70.58078002929688,70.58078002929688,0
2024-09-09,70.58078002929688,70.58078002929688,70.58078002929688,70.58078002929688,0
2024-09-10,70.58078002929688,70.58078002929688,70.58078002929688,70.58078002929688,0
2024-09-11,70.58078002929688,70.58078002929688,70.58078002929688,70.58078002929688,0
2024-09-12,70.58078002929688,70.58078002929688,70.58078002929688,70.58078002929688,0
2024-09-16,70.58078002929688,70.58078002929688,70.58078002929688,70.58078002929688,0
2024-09-17,70.58078002929688,70.58078002929688,70.58078002929688,70.58078002929688,0
2024-09-18,70.58078002929688,70.58078002929688,70.58078002929688,70.58078002929688,0
2024-09-19,70.58078002929688,70.58078002929688,70.58078002929688,70.58078002929688,0
2024-09-22,70.58078002929688,70.58078002929688,70.58078002929688,70.58078002929688,0
2024-09-23,70.58078002929688,70.58078002929688,70.58078002929688,70.58078002929688,0
2024-09-24,70.58078002929688,70.58078002929688,70.58078002929688,70.58078002929688,0
2024-09-25,70.58078002929688,70.58078002929688,70.58078002929688,70.58078002929688,0
2024-09-26,70.58078002929688,70.58078002929688,70.58078002929688,70.58078002929688,0
2024-09-29,70.58078002929688,70.58078002929688,70.58078002929688,70.58078002929688,0
2024-09-30,70.58078002929688,70.58078002929688,70.58078002929688,70.58078002929688,0
2024-10-01,70.58078002929688,70.58078002929688,70.58078002929688,70.58078002929688,0
2024-10-02,70.58078002929688,70.58078002929688,70.58078002929688,70.58078002929688,0
2024-10-03,70.58078002929688,70.58078002929688,70.58078002929688,70.58078002929688,0
2024-10-07,70.58078002929688,70.58078002929688,70.58078002929688,70.58078002929688,0
2024-10-08,70.58078002929688,70.58078002929688,70.58078002929688,70.58078002929688,0
2024-10-09,70.58078002929688,70.58078002929688,70.58078002929688,70.58078002929688,0
2024-10-10,70.58078002929688,70.58078002929688,70.58078002929688,70.58078002929688,0
2024-10-13,70.58078002929688,70.58078002929688,70.58078002929688,70.58078002929688,0
2024-10-14,70.58078002929688,70.58078002929688,70.58078002929688,70.58078002929688,0
2024-10-15,70.58078002929688,70.58078002929688,70.58078002929688,70.58078002929688,0
2024-10-16,70.58078002929688,70.58078002929688,70.58078002929688,70.58078002929688,0
2024-10-17,70.58078002929688,70.58078002929688,70.58078002929688,70.58078002929688,0
2024-10-20,70.58078002929688,70.58078002929688,70.58078002929688,70.58078002929688,0
2024-10-21,70.58078002929688,70.58078002929688,70.58078002929688,70.58078002929688,0
2024-10-22,70.58078002929688,70.58078002929688,70.58078002929688,70.58078002929688,0
2024-10-23,70.58078002929688,70.58078002929688,70.58078002929688,70.58078002929688,0
2024-10-24,70.58078002929688,70.58078002929688,70.58078002929688,70.58078002929688,0
2024-10-27,70.58078002929688,70.58078002929688,70.58078002929688,70.58078002929688,0
2024-10-28,70.58078002929688,70.58078002929688,70.58078002929688,70.58078002929688,0
2024-10-29,70.58078002929688,70.58078002929688,70.58078002929688,70.58078002929688,0
2024-10-30,70.58078002929688,70.58078002929688,70.58078002929688,70.58078002929688,0
2024-10-31,70.58078002929688,70.58078002929688,70.58078002929688,70.58078002929688,0
2024-11-03,70.58078002929688,70.58078002929688,70.58078002929688,70.58078002929688,0
2024-11-04,70.58078002929688,70.58078002929688,70.58078002929688,70.58078002929688,0
2024-11-05,70.58078002929688,70.58078002929688,70.58078002929688,70.58078002929688,0
2024-11-06,70.58078002929688,70.58078002929688,70.58078002929688,70.58078002929688,0
2024-11-07,70.58078002929688,70.58078002929688,70.58078002929688,70.58078002929688,0
2024-11-10,70.58078002929688,70.58078002929688,70.58078002929688,70.58078002929688,0
2024-11-11,70.58078002929688,70.58078002929688,70.58078002929688,70.58078002929688,0
2024-11-12,70.58078002929688,70.58078002929688,70.58078002929688,70.58078002929688,0
2024-11-13,70.58078002929688,70.58078002929688,70.58078002929688,70.58078002929688,0
2024-11-14,70.58078002929688,70.58078002929688,70.58078002929688,70.58078002929688,0
2024-11-17,70.58078002929688,70.58078002929688,70.58078002929688,70.58078002929688,0
2024-11-18,70.58078002929688,70.58078002929688,70.58078002929688,70.58078002929688,0
2024-11-19,70.58078002929688,70.58078002929688,70.58078002929688,70.58078002929688,0
2024-11-20,70.58078002929688,70.58078002929688,70.58078002929688,70.58078002929688,0
2024-11-21,70.58078002929688,70.58078002929688,70.58078002929688,70.58078002929688,0
2024-11-24,70.58078002929688,70.58078002929688,70.58078002929688,70.58078002929688,0
2024-11-25,70.58078002929688,70.58078002929688,70.58078002929688,70.58078002929688,0
2024-11-26,70.58078002929688,70.58078002929688,70.58078002929688,70.58078002929688,0
2024-11-27,70.58078002929688,70.58078002929688,70.58078002929688,70.58078002929688,0
2024-11-28,70.58078002929688,70.58078002929688,70.58078002929688,70.58078002929688,0
2024-12-01,70.58078002929688,70.58078002929688,70.58078002929688,70.58078002929688,0
2024-12-02,70.58078002929688,70.58078002929688,70.58078002929688,70.58078002929688,0
2024-12-03,70.58078002929688,70.58078002929688,70.58078002929688,70.58078002929688,0
2024-12-04,70.58078002929688,70.58078002929688,70.58078002929688,70.58078002929688,0
2024-12-05,70.58078002929688,70.58078002929688,70.58078002929688,70.58078002929688,0
2024-12-08,70.58078002929688,70.58078002929688,70.58078002929688,70.58078002929688,0
2024-12-09,70.58078002929688,70.58078002929688,70.58078002929688,70.58078002929688,0
2024-12-10,70.58078002929688,70.58078002929688,70.58078002929688,70.58078002929688,0
2024-12-11,70.58078002929688,70.58078002929688,70.58078002929688,70.58078002929688,0
2024-12-12,70.58078002929688,70.58078002929688,70.58078002929688,70.58078002929688,0
2024-12-15,70.58078002929688,70.58078002929688,70.58078002929688,70.58078002929688,0
2024-12-16,70.58078002929688,70.58078002929688,70.58078002929688,70.58078002929688,0
2024-12-17,70.58078002929688,70.58078002929688,70.58078002929688,70.58078002929688,0
2024-12-18,70.58078002929688,70.58078002929688,70.58078002929688,70.58078002929688,0
2024-12-19,70.58078002929688,70.58078002929688,70.58078002929688,70.58078002929688,0
2024-12-22,70.58078002929688,70.58078002929688,70.58078002929688,70.58078002929688,0
2024-12-23,70.58078002929688,70.58078002929688,70.58078002929688,70.58078002929688,0
2024-12-24,70.58078002929688,70.58078002929688,70.58078002929688,70.58078002929688,0
2024-12-25,70.58078002929688,70.58078002929688,70.58078002929688,70.58078002929688,0
2024-12-26,70.58078002929688,70.58078002929688,70.58078002929688,70.58078002929688,0
2024-12-29,70.58078002929688,70.58078002929688,70.58078002929688,70.58078002929688,0
2024-12-30,70.58078002929688,70.58078002929688,70.58078002929688,70.58078002929688,0
2024-12-31,70.58078002929688,70.58078002929688,70.58078002929688,70.58078002929688,0
2025-01-02,70.58078002929688,70.58078002929688,70.58078002929688,70.58078002929688,0
2025-01-05,70.58078002929688,70.58078002929688,70.58078002929688,70.58078002929688,0
2025-01-06,70.58078002929688,70.58078002929688,70.58078002929688,70.58078002929688,0
2025-01-08,70.58078002929688,70.58078002929688,70.58078002929688,70.58078002929688,0
2025-01-09,70.58078002929688,70.58078002929688,70.58078002929688,70.58078002929688,0
2025-01-12,70.58078002929688,70.58078002929688,70.58078002929688,70.58078002929688,0
2025-01-13,70.80000305175781,70.80000305175781,70.80000305175781,70.80000305175781,0
2025-01-14,70.80000305175781,70.80000305175781,70.80000305175781,70.80000305175781,0
2025-01-15,70.80000305175781,70.80000305175781,70.80000305175781,70.80000305175781,0
2025-01-16,70.80000305175781,70.80000305175781,70.80000305175781,70.80000305175781,0
2025-01-19,70.80000305175781,70.80000305175781,70.80000305175781,70.80000305175781,0
2025-01-20,70.80000305175781,70.80000305175781,70.80000305175781,70.80000305175781,0
2025-01-21,70.80000305175781,70.80000305175781,70.80000305175781,70.80000305175781,0
2025-01-22,70.80000305175781,70.80000305175781,70.80000305175781,70.80000305175781,0
2025-01-23,70.80000305175781,70.80000305175781,70.80000305175781,70.80000305175781,0
2025-01-26,70.80000305175781,70.80000305175781,70.80000305175781,70.80000305175781,0
2025-01-27,70.80000305175781,70.80000305175781,70.80000305175781,70.80000305175781,0
2025-01-28,70.80000305175781,70.80000305175781,70.80000305175781,70.80000305175781,0
2025-01-29,70.80000305175781,70.80000305175781,70.80000305175781,70.80000305175781,0
2025-01-30,70.80000305175781,70.80000305175781,70.80000305175781,70.80000305175781,0
2025-02-02,70.80000305175781,70.80000305175781,70.80000305175781,70.80000305175781,0
2025-02-03,70.80000305175781,70.80000305175781,70.80000305175781,70.80000305175781,0
2025-02-04,70.80000305175781,70.80000305175781,70.80000305175781,70.80000305175781,0
2025-02-05,70.80000305175781,70.80000305175781,70.80000305175781,70.80000305175781,0
2025-02-06,70.80000305175781,70.80000305175781,70.80000305175781,70.80000305175781,0
2025-02-09,70.80000305175781,70.80000305175781,70.80000305175781,70.80000305175781,0
2025-02-10,70.80000305175781,70.80000305175781,70.80000305175781,70.80000305175781,0
2025-02-11,70.80000305175781,70.80000305175781,70.80000305175781,70.80000305175781,0
2025-02-12,70.80000305175781,70.80000305175781,70.80000305175781,70.80000305175781,0
2025-02-13,70.80000305175781,70.80000305175781,70.80000305175781,70.80000305175781,0
2025-02-16,70.80000305175781,70.80000305175781,70.80000305175781,70.80000305175781,0
2025-02-17,70.80000305175781,70.80000305175781,70.80000305175781,70.80000305175781,0
2025-02-18,70.80000305175781,70.80000305175781,70.80000305175781,70.80000305175781,0
2025-02-19,70.80000305175781,70.80000305175781,70.80000305175781,70.80000305175781,0
2025-02-20,70.80000305175781,70.80000305175781,70.80000305175781,70.80000305175781,0
2025-02-23,70.80000305175781,70.80000305175781,70.80000305175781,70.80000305175781,0
2025-02-24,70.80000305175781,70.80000305175781,70.80000305175781,70.80000305175781,0
2025-02-25,70.80000305175781,70.80000305175781,70.80000305175781,70.80000305175781,0
2025-02-26,70.80000305175781,70.80000305175781,70.80000305175781,70.80000305175781,0
2025-02-27,70.80000305175781,70.80000305175781,70.80000305175781,70.80000305175781,0
2025-03-02,70.80000305175781,70.80000305175781,70.80000305175781,70.80000305175781,0
2025-03-03,70.80000305175781,70.80000305175781,70.80000305175781,70.80000305175781,0
2025-03-04,70.80000305175781,70.80000305175781,70.80000305175781,70.80000305175781,0
2025-03-05,70.80000305175781,70.80000305175781,70.80000305175781,70.80000305175781,0
2025-03-06,70.80000305175781,70.80000305175781,70.80000305175781,70.80000305175781,0
2025-03-09,70.80000305175781,70.80000305175781,70.80000305175781,70.80000305175781,0
2025-03-10,70.80000305175781,70.80000305175781,70.80000305175781,70.80000305175781,0
2025-03-11,70.80000305175781,70.80000305175781,70.80000305175781,70.80000305175781,0
2025-03-12,70.80000305175781,70.80000305175781,70.80000305175781,70.80000305175781,0
2025-03-13,70.80000305175781,70.80000305175781,70.80000305175781,70.80000305175781,0
2025-03-16,70.80000305175781,70.80000305175781,70.80000305175781,70.80000305175781,0
2025-03-17,70.80000305175781,70.80000305175781,70.80000305175781,70.80000305175781,0
2025-03-18,70.80000305175781,70.80000305175781,70.80000305175781,70.80000305175781,0
2025-03-19,70.80000305175781,70.80000305175781,70.80000305175781,70.80000305175781,0
2025-03-20,70.80000305175781,70.80000305175781,70.80000305175781,70.80000305175781,0
2025-03-23,70.80000305175781,70.80000305175781,70.80000305175781,70.80000305175781,0
2025-03-24,70.80000305175781,70.80000305175781,70.80000305175781,70.80000305175781,0
2025-03-25,70.80000305175781,70.80000305175781,70.80000305175781,70.80000305175781,0
2025-03-26,70.80000305175781,70.80000305175781,70.80000305175781,70.80000305175781,0
2025-03-27,70.80000305175781,70.80000305175781,70.80000305175781,70.80000305175781,0
2025-04-03,70.80000305175781,70.80000305175781,70.80000305175781,70.80000305175781,0
2025-04-06,70.80000305175781,70.80000305175781,70.80000305175781,70.80000305175781,0
2025-04-07,70.80000305175781,70.80000305175781,70.80000305175781,70.80000305175781,0
2025-04-08,70.80000305175781,70.80000305175781,70.80000305175781,70.80000305175781,0
2025-04-09,70.80000305175781,70.80000305175781,70.80000305175781,70.80000305175781,0
2025-04-10,70.80000305175781,70.80000305175781,70.80000305175781,70.80000305175781,0
2025-04-13,70.80000305175781,70.80000305175781,70.80000305175781,70.80000305175781,0
2025-04-14,70.80000305175781,70.80000305175781,70.80000305175781,70.80000305175781,0
2025-04-15,70.80000305175781,70.80000305175781,70.80000305175781,70.80000305175781,0
2025-04-16,70.80000305175781,70.80000305175781,70.80000305175781,70.80000305175781,0
2025-04-17,70.80000305175781,70.80000305175781,70.80000305175781,70.80000305175781,0
2025-04-22,70.80000305175781,70.80000305175781,70.80000305175781,70.80000305175781,0
2025-04-23,70.80000305175781,70.80000305175781,70.80000305175781,70.80000305175781,0
2025-04-27,70.80000305175781,70.80000305175781,70.80000305175781,70.80000305175781,0
2025-04-28,70.80000305175781,70.80000305175781,70.80000305175781,70.80000305175781,0
2025-04-29,70.80000305175781,70.80000305175781,70.80000305175781,70.80000305175781,0
2025-04-30,70.80000305175781,70.80000305175781,70.80000305175781,70.80000305175781,0
2025-05-04,70.80000305175781,70.80000305175781,70.80000305175781,70.80000305175781,0
2025-05-05,70.80000305175781,70.80000305175781,70.80000305175781,70.80000305175781,0
2025-05-06,70.80000305175781,70.80000305175781,70.80000305175781,70.80000305175781,0
2025-05-07,70.80000305175781,70.80000305175781,70.80000305175781,70.80000305175781,0
2025-05-08,70.80000305175781,70.80000305175781,70.80000305175781,70.80000305175781,0
2025-05-11,70.80000305175781,70.80000305175781,70.80000305175781,70.80000305175781,0
2025-05-12,70.80000305175781,70.80000305175781,70.80000305175781,70.80000305175781,0
2025-05-13,70.80000305175781,70.80000305175781,70.80000305175781,70.80000305175781,0
2025-05-14,70.80000305175781,70.80000305175781,70.80000305175781,70.80000305175781,0
2025-05-15,70.80000305175781,70.80000305175781,70.80000305175781,70.80000305175781,0
2025-05-18,70.80000305175781,70.80000305175781,70.80000305175781,70.80000305175781,0
2025-05-19,70.80000305175781,70.80000305175781,70.80000305175781,70.80000305175781,0
2025-05-20,70.80000305175781,70.80000305175781,70.80000305175781,70.80000305175781,0
2025-05-21,70.80000305175781,70.80000305175781,70.80000305175781,70.80000305175781,0
2025-05-22,70.80000305175781,70.80000305175781,70.80000305175781,70.80000305175781,0
2025-05-25,70.80000305175781,70.80000305175781,70.80000305175781,70.80000305175781,0
2025-05-26,70.80000305175781,70.80000305175781,70.80000305175781,70.80000305175781,0
2025-05-27,70.80000305175781,70.80000305175781,70.80000305175781,70.80000305175781,0
2025-05-28,70.80000305175781,70.80000305175781,70.80000305175781,70.80000305175781,0
2025-05-29,70.80000305175781,70.80000305175781,70.80000305175781,70.80000305175781,0
2025-06-01,70.80000305175781,70.80000305175781,70.80000305175781,70.80000305175781,0
2025-06-02,70.80000305175781,70.80000305175781,70.80000305175781,70.80000305175781,0
2025-06-03,70.80000305175781,70.80000305175781,70.80000305175781,70.80000305175781,0
2025-06-04,70.80000305175781,70.80000305175781,70.80000305175781,70.80000305175781,0
2025-06-10,70.80000305175781,70.80000305175781,70.80000305175781,70.80000305175781,0
2025-06-11,70.80000305175781,70.80000305175781,70.80000305175781,70.80000305175781,0
2025-06-12,70.80000305175781,70.80000305175781,70.80000305175781,70.80000305175781,0
2025-06-15,70.80000305175781,70.80000305175781,70.80000305175781,70.80000305175781,0
2025-06-16,70.80000305175781,70.80000305175781,70.80000305175781,70.80000305175781,0
2025-06-17,70.80000305175781,70.80000305175781,70.80000305175781,70.80000305175781,0
2025-06-18,70.80000305175781,70.80000305175781,70.80000305175781,70.80000305175781,0
2025-06-19,70.80000305175781,70.80000305175781,70.80000305175781,70.80000305175781,0
2025-06-22,70.80000305175781,70.80000305175781,70.80000305175781,70.80000305175781,0
2025-06-23,70.80000305175781,70.80000305175781,70.80000305175781,70.80000305175781,0
2025-06-24,70.80000305175781,70.80000305175781,70.80000305175781,70.80000305175781,0
2025-06-25,70.80000305175781,70.80000305175781,70.80000305175781,70.80000305175781,0
2025-06-29,70.80000305175781,70.80000305175781,70.80000305175781,70.80000305175781,0
2025-06-30,70.80000305175781,70.80000305175781,70.80000305175781,70.80000305175781,0
2025-07-01,70.80000305175781,70.80000305175781,70.80000305175781,70.80000305175781,0
2025-07-02,70.80000305175781,70.80000305175781,70.80000305175781,70.80000305175781,0
2025-07-06,70.80000305175781,70.80000305175781,70.80000305175781,70.80000305175781,0
2025-07-07,70.80000305175781,70.80000305175781,70.80000305175781,70.80000305175781,0
2025-07-09,70.80000305175781,70.80000305175781,70.80000305175781,70.80000305175781,0
2025-07-10,70.80000305175781,70.80000305175781,70.80000305175781,70.80000305175781,0
2025-07-13,70.80000305175781,70.80000305175781,70.80000305175781,70.80000305175781,0
2025-07-14,70.80000305175781,70.80000305175781,70.80000305175781,70.80000305175781,0
2025-07-15,70.80000305175781,70.80000305175781,70.80000305175781,70.80000305175781,0
2025-07-16,70.80000305175781,70.80000305175781,70.80000305175781,70.80000305175781,0
2025-07-17,70.80000305175781,70.80000305175781,70.80000305175781,70.80000305175781,0
2025-07-20,70.80000305175781,70.80000305175781,70.80000305175781,70.80000305175781,0
2025-07-21,70.80000305175781,70.80000305175781,70.80000305175781,70.80000305175781,0
2025-07-22,70.80000305175781,70.80000305175781,70.80000305175781,70.80000305175781,0
2025-07-23,70.80000305175781,70.80000305175781,70.80000305175781,70.80000305175781,0
2025-07-27,70.80000305175781,70.80000305175781,70.80000305175781,70.80000305175781,0
2025-07-28,70.80000305175781,70.80000305175781,70.80000305175781,70.80000305175781,0
2025-07-29,70.80000305175781,70.80000305175781,70.80000305175781,70.80000305175781,0
2025-07-30,70.80000305175781,70.80000305175781,70.80000305175781,70.80000305175781,0
2025-07-31,70.80000305175781,70.80000305175781,70.80000305175781,70.80000305175781,0
2025-08-03,70.80000305175781,70.80000305175781,70.80000305175781,70.80000305175781,0
2025-08-04,70.80000305175781,70.80000305175781,70.80000305175781,70.80000305175781,0
2025-08-05,70.80000305175781,70.80000305175781,70.80000305175781,70.80000305175781,0
2025-08-06,70.80000305175781,70.80000305175781,70.80000305175781,70.80000305175781,0
2025-08-07,71.05000305175781,71.05000305175781,71.05000305175781,71.05000305175781,0
2025-08-10,71.05000305175781,71.05000305175781,71.05000305175781,71.05000305175781,0
2025-08-11,71.05000305175781,71.05000305175781,71.05000305175781,71.05000305175781,0
2025-08-12,71.05000305175781,71.05000305175781,71.05000305175781,71.05000305175781,0
2025-08-13,71.05000305175781,71.05000305175781,71.05000305175781,71.05000305175781,0
2025-08-14,71.05000305175781,71.05000305175781,71.05000305175781,71.05000305175781,0
2025-08-17,71.05000305175781,71.05000305175781,71.05000305175781,71.05000305175781,0
2025-08-18,71.05000305175781,71.05000305175781,71.05000305175781,71.05000305175781,0
2025-08-19,71.05000305175781,71.05000305175781,71.05000305175781,71.05000305175781,0
2025-08-20,71.05000305175781,71.05000305175781,71.05000305175781,71.05000305175781,0
2025-08-21,71.05000305175781,71.05000305175781,71.05000305175781,71.05000305175781,0
2025-08-24,71.05000305175781,71.05000305175781,71.05000305175781,71.05000305175781,0
2025-08-25,71.05000305175781,71.05000305175781,71.05000305175781,71.05000305175781,0
2025-08-26,71.05000305175781,71.05000305175781,71.05000305175781,71.05000305175781,0
2025-08-27,71.05000305175781,71.05000305175781,71.05000305175781,71.05000305175781,0
2025-08-28,71.05000305175781,71.05000305175781,71.05000305175781,71.05000305175781,0
2025-08-31,71.05000305175781,71.05000305175781,71.05000305175781,71.05000305175781,0
2025-09-01,71.05000305175781,71.05000305175781,71.05000305175781,71.05000305175781,0
2025-09-02,71.05000305175781,71.05000305175781,71.05000305175781,71.05000305175781,0
2025-09-03,71.05000305175781,71.05000305175781,71.05000305175781,71.05000305175781,0
2025-09-07,71.05000305175781,71.05000305175781,71.05000305175781,71.05000305175781,0
2025-09-08,71.05000305175781,71.05000305175781,71.05000305175781,71.05000305175781,0
2025-09-09,71.05000305175781,71.05000305175781,71.05000305175781,71.05000305175781,0
2025-09-10,71.05000305175781,71.05000305175781,71.05000305175781,71.05000305175781,0
2025-09-11,71.05000305175781,71.05000305175781,71.05000305175781,71.05000305175781,0
2025-09-14,71.05000305175781,71.05000305175781,71.05000305175781,71.05000305175781,0
2025-09-15,71.05000305175781,71.05000305175781,71.05000305175781,71.05000305175781,0
2025-09-16,71.05000305175781,71.05000305175781,71.05000305175781,71.05000305175781,0
2025-09-17,71.05000305175781,71.05000305175781,71.05000305175781,71.05000305175781,0
2025-09-18,71.05000305175781,71.05000305175781,71.05000305175781,71.05000305175781,0
2025-09-21,71.05000305175781,71.05000305175781,71.05000305175781,71.05000305175781,0
2025-09-22,71.05000305175781,71.05000305175781,71.05000305175781,71.05000305175781,0
2025-09-23,71.05000305175781,71.05000305175781,71.05000305175781,71.05000305175781,0
2025-09-24,71.05000305175781,71.05000305175781,71.05000305175781,71.05000305175781,0
2025-09-25,71.05000305175781,71.05000305175781,71.05000305175781,71.05000305175781,0
2025-09-28,71.05000305175781,71.05000305175781,71.05000305175781,71.05000305175781,0
2025-09-29,71.05000305175781,71.05000305175781,71.05000305175781,71.05000305175781,0
2025-09-30,71.05000305175781,71.05000305175781,71.05000305175781,71.05000305175781,0
2025-10-01,71.05000305175781,71.05000305175781,71.05000305175781,71.05000305175781,0
2025-10-02,71.05000305175781,71.05000305175781,71.05000305175781,71.05000305175781,0
2025-10-05,71.05000305175781,71.05000305175781,71.05000305175781,71.05000305175781,0
2025-10-06,71.05000305175781,71.05000305175781,71.05000305175781,71.05000305175781,0
2025-10-07,71.05000305175781,71.05000305175781,71.05000305175781,71.05000305175781,0
2025-10-08,71.05000305175781,71.05000305175781,71.05000305175781,71.05000305175781,0
2025-10-12,71.05000305175781,71.05000305175781,71.05000305175781,71.05000305175781,0
2025-10-13,71.05000305175781,71.05000305175781,71.05000305175781,71.05000305175781,0
2025-10-14,71.05000305175781,71.05000305175781,71.05000305175781,71.05000305175781,0
2025-10-15,71.05000305175781,71.05000305175781,71.05000305175781,71.05000305175781,0
2025-10-16,71.05000305175781,71.05000305175781,71.05000305175781,71.05000305175781,0
2025-10-19,71.05000305175781,71.05000305175781,71.05000305175781,71.05000305175781,0
2025-10-20,71.05000305175781,71.05000305175781,71.05000305175781,71.05000305175781,0
2025-10-21,71.05000305175781,71.05000305175781,71.05000305175781,71.05000305175781,0
2025-10-22,71.05000305175781,71.05000305175781,71.05000305175781,71.05000305175781,0
2025-10-23,71.05000305175781,71.05000305175781,71.05000305175781,71.05000305175781,0
2025-10-26,71.05000305175781,71.05000305175781,71.05000305175781,71.05000305175781,0
2025-10-27,71.05000305175781,71.05000305175781,71.05000305175781,71.05000305175781,0
2025-10-28,71.05000305175781,71.05000305175781,71.05000305175781,71.05000305175781,0
2025-10-29,71.05000305175781,71.05000305175781,71.05000305175781,71.05000305175781,0
2025-10-30,71.05000305175781,71.05000305175781,71.05000305175781,71.05000305175781,0
2025-11-02,71.05000305175781,71.05000305175781,71.05000305175781,71.05000305175781,0
2025-11-03,71.05000305175781,71.05000305175781,71.05000305175781,71.05000305175781,0
2025-11-04,71.05000305175781,71.05000305175781,71.05000305175781,71.05000305175781,0
2025-11-05,71.05000305175781,71.05000305175781,71.05000305175781,71.05000305175781,0
2025-11-06,71.05000305175781,71.05000305175781,71.05000305175781,71.05000305175781,0
2025-11-09,71.05000305175781,71.05000305175781,71.05000305175781,71.05000305175781,0
2025-11-10,71.05000305175781,71.05000305175781,71.05000305175781,71.05000305175781,0
2025-11-11,71.05000305175781,71.05000305175781,71.05000305175781,71.05000305175781,0
2025-11-12,71.05000305175781,71.05000305175781,71.05000305175781,71.05000305175781,0
2025-11-13,71.05000305175781,71.05000305175781,71.05000305175781,71.05000305175781,0
2025-11-16,71.05000305175781,71.05000305175781,71.05000305175781,71.05000305175781,0
2025-11-17,71.05000305175781,71.05000305175781,71.05000305175781,71.05000305175781,0
2025-11-18,71.05000305175781,71.05000305175781,71.05000305175781,71.05000305175781,0
2025-11-19,71.05000305175781,71.05000305175781,71.05000305175781,71.05000305175781,0
2025-11-20,71.05000305175781,71.05000305175781,71.05000305175781,71.05000305175781,0
2025-11-23,71.05000305175781,71.05000305175781,71.05000305175781,71.05000305175781,0
2025-11-24,71.05000305175781,71.05000305175781,71.05000305175781,71.05000305175781,0
2025-11-25,71.05000305175781,71.05000305175781,71.05000305175781,71.05000305175781,0
2025-11-26,71.05000305175781,71.05000305175781,71.05000305175781,71.05000305175781,0
2025-11-27,71.05000305175781,71.05000305175781,71.05000305175781,71.05000305175781,0
2025-11-30,71.05000305175781,71.05000305175781,71.05000305175781,71.05000305175781,0
2025-12-01,71.05000305175781,71.05000305175781,71.05000305175781,71.05000305175781,0
2025-12-02,71.05000305175781,71.05000305175781,71.05000305175781,71.05000305175781,0
2025-12-03,71.05000305175781,71.05000305175781,71.05000305175781,71.05000305175781,0
2025-12-04,71.05000305175781,71.05000305175781,71.05000305175781,71.05000305175781,0
2025-12-07,71.05000305175781,71.05000305175781,71.05000305175781,71.05000305175781,0
2025-12-08,71.05000305175781,71.05000305175781,71.05000305175781,71.05000305175781,0
2025-12-09,71.05000305175781,71.05000305175781,71.05000305175781,71.05000305175781,0
2025-12-10,71.05000305175781,71.05000305175781,71.05000305175781,71.05000305175781,0
2025-12-11,71.05000305175781,71.05000305175781,71.05000305175781,71.05000305175781,0
2025-12-14,71.05000305175781,71.05000305175781,71.05000305175781,71.05000305175781,0
2025-12-15,71.05000305175781,71.05000305175781,71.05000305175781,71.05000305175781,0
2025-12-16,71.05000305175781,71.05000305175781,71.05000305175781,71.05000305175781,0
2025-12-17,71.05000305175781,71.05000305175781,71.05000305175781,71.05000305175781,0
2025-12-18,71.05000305175781,71.05000305175781,71.05000305175781,71.05000305175781,0
2025-12-21,71.05000305175781,71.05000305175781,71.05000305175781,71.05000305175781,0
2025-12-22,71.05000305175781,71.05000305175781,71.05000305175781,71.05000305175781,0
2025-12-23,71.05000305175781,71.05000305175781,71.05000305175781,71.05000305175781,0
2025-12-24,71.05000305175781,71.05000305175781,71.05000305175781,71.05000305175781,0
2025-12-25,71.05000305175781,71.05000305175781,71.05000305175781,71.05000305175781,0
2025-12-28,71.05000305175781,71.05000305175781,71.05000305175781,71.05000305175781,0
2025-12-29,71.05000305175781,71.05000305175781,71.05000305175781,71.05000305175781,0
2025-12-30,71.05000305175781,71.05000305175781,71.05000305175781,71.05000305175781,0
2025-12-31,71.05000305175781,71.05000305175781,71.05000305175781,71.05000305175781,0
2026-01-04,71.05000305175781,71.05000305175781,71.05000305175781,71.05000305175781,0
2026-01-05,71.05000305175781,71.05000305175781,71.05000305175781,71.05000305175781,0
2026-01-06,71.05000305175781,71.05000305175781,71.05000305175781,71.05000305175781,0
2026-01-08,71.05000305175781,71.05000305175781,71.05000305175781,71.05000305175781,0
2026-01-11,71.05000305175781,71.05000305175781,71.05000305175781,71.05000305175781,0
2026-01-12,71.05000305175781,71.05000305175781,71.05000305175781,71.05000305175781,0
2026-01-13,71.05000305175781,71.05000305175781,71.05000305175781,71.05000305175781,0
2026-01-14,71.05000305175781,71.05000305175781,71.05000305175781,71.05000305175781,0
2026-01-15,71.05000305175781,71.05000305175781,71.05000305175781,71.05000305175781,0
2026-01-18,71.05000305175781,71.05000305175781,71.05000305175781,71.05000305175781,0
2026-01-19,71.05000305175781,71.05000305175781,71.05000305175781,71.05000305175781,0
2026-01-20,71.05000305175781,71.05000305175781,71.05000305175781,71.05000305175781,0
2026-01-21,71.05000305175781,71.05000305175781,71.05000305175781,71.05000305175781,0
2026-01-22,71.05000305175781,71.05000305175781,71.05000305175781,71.05000305175781,0
2026-01-25,71.05000305175781,71.05000305175781,71.05000305175781,71.05000305175781,0
2026-01-26,71.05000305175781,71.05000305175781,71.05000305175781,71.05000305175781,0
2026-01-27,71.05000305175781,71.05000305175781,71.05000305175781,71.05000305175781,0
2026-01-28,71.05000305175781,71.05000305175781,71.05000305175781,71.05000305175781,0
2026-02-01,71.05000305175781,71.05000305175781,71.05000305175781,71.05000305175781,0
2026-02-02,71.05000305175781,71.05000305175781,71.05000305175781,71.05000305175781,0
2026-02-03,71.05000305175781,71.05000305175781,71.05000305175781,71.05000305175781,0
2026-02-04,71.05000305175781,71.05000305175781,71.05000305175781,71.05000305175781,0
2026-02-05,71.05000305175781,71.05000305175781,71.05000305175781,71.05000305175781,0
2026-02-08,71.05000305175781,71.05000305175781,71.05000305175781,71.05000305175781,0
2026-02-09,71.05000305175781,71.05000305175781,71.05000305175781,71.05000305175781,0
2026-02-10,71.05000305175781,71.05000305175781,71.05000305175781,71.05000305175781,0
2026-02-11,71.05000305175781,71.05000305175781,71.05000305175781,71.05000305175781,0
2026-02-12,71.05000305175781,71.05000305175781,71.05000305175781,71.05000305175781,0
2026-02-15,71.05000305175781,71.05000305175781,71.05000305175781,71.05000305175781,0
2026-02-16,71.05000305175781,71.05000305175781,71.05000305175781,71.05000305175781,0
2026-02-17,71.05000305175781,71.05000305175781,71.05000305175781,71.05000305175781,0
2026-02-18,71.05000305175781,71.05000305175781,71.05000305175781,71.05000305175781,0
2026-02-19,71.05000305175781,71.05000305175781,71.05000305175781,71.05000305175781,0
2026-02-22,71.05000305175781,71.05000305175781,71.05000305175781,71.05000305175781,0
2026-02-23,71.05000305175781,71.05000305175781,71.05000305175781,71.05000305175781,0
2026-02-24,71.05000305175781,71.05000305175781,71.05000305175781,71.05000305175781,0
2026-02-25,71.05000305175781,71.05000305175781,71.05000305175781,71.05000305175781,0
2026-02-26,71.05000305175781,71.05000305175781,71.05000305175781,71.05000305175781,0
2026-03-01,71.05000305175781,71.05000305175781,71.05000305175781,71.05000305175781,0
2026-03-02,71.05000305175781,71.05000305175781,71.05000305175781,71.05000305175781,0
2026-03-03,71.05000305175781,71.05000305175781,71.05000305175781,71.05000305175781,0
2026-03-04,71.05000305175781,71.05000305175781,71.05000305175781,71.05000305175781,0
2026-03-05,71.05000305175781,71.05000305175781,71.05000305175781,71.05000305175781,0
2026-03-08,71.05000305175781,71.05000305175781,71.05000305175781,71.05000305175781,0
2026-03-09,71.05000305175781,71.05000305175781,71.05000305175781,71.05000305175781,0
2026-03-10,71.05000305175781,71.05000305175781,71.05000305175781,71.05000305175781,0
2026-03-11,71.05000305175781,71.05000305175781,71.05000305175781,71.05000305175781,0
2026-03-12,71.05000305175781,71.05000305175781,71.05000305175781,71.05000305175781,0
2026-03-15,71.05000305175781,71.05000305175781,71.05000305175781,71.05000305175781,0
2026-03-16,71.05000305175781,71.05000305175781,71.05000305175781,71.05000305175781,0
2026-03-17,71.05000305175781,71.05000305175781,71.05000305175781,71.05000305175781,0
2026-03-18,71.05000305175781,71.05000305175781,71.05000305175781,71.05000305175781,0
2026-03-19,71.05000305175781,71.05000305175781,71.05000305175781,71.05000305175781,0
2026-03-24,71.05000305175781,71.05000305175781,71.05000305175781,71.05000305175781,0
2026-03-25,71.05000305175781,71.05000305175781,71.05000305175781,71.05000305175781,0
2026-03-26,71.05000305175781,71.05000305175781,71.05000305175781,71.05000305175781,0
2026-03-29,71.05000305175781,71.05000305175781,71.05000305175781,71.05000305175781,0
2026-03-30,71.05000305175781,71.05000305175781,71.05000305175781,71.05000305175781,0
2026-03-31,71.05000305175781,71.05000305175781,71.05000305175781,71.05000305175781,0
2026-04-01,71.05000305175781,71.05000305175781,71.05000305175781,71.05000305175781,0
2026-04-02,71.05000305175781,71.05000305175781,71.05000305175781,71.05000305175781,0
2026-04-05,71.05000305175781,71.05000305175781,71.05000305175781,71.05000305175781,0
2026-04-06,71.05000305175781,71.05000305175781,71.05000305175781,71.05000305175781,0
2026-04-07,71.05000305175781,71.05000305175781,71.05000305175781,71.05000305175781,0
2026-04-08,71.05000305175781,71.05000305175781,71.05000305175781,71.05000305175781,0
2026-04-09,71.05000305175781,71.05000305175781,71.05000305175781,71.05000305175781,0
2026-04-14,71.05000305175781,71.05000305175781,71.05000305175781,71.05000305175781,0
2026-04-15,71.05000305175781,71.05000305175781,71.05000305175781,71.05000305175781,0
2026-04-16,71.05000305175781,71.05000305175781,71.05000305175781,71.05000305175781,0
2026-04-19,71.05000305175781,71.05000305175781,71.05000305175781,71.05000305175781,0
2026-04-20,71.05000305175781,71.05000305175781,71.05000305175781,71.05000305175781,0
2026-04-21,71.05000305175781,71.05000305175781,71.05000305175781,71.05000305175781,0
2026-04-22,71.05000305175781,71.05000305175781,71.05000305175781,71.05000305175781,0
2026-04-23,71.05000305175781,71.05000305175781,71.05000305175781,71.05000305175781,0
2026-04-26,71.05000305175781,71.05000305175781,71.05000305175781,71.05000305175781,0
2026-04-27,71.05000305175781,71.05000305175781,71.05000305175781,71.05000305175781,0
2026-04-28,71.05000305175781,71.05000305175781,71.05000305175781,71.05000305175781,0
2026-04-29,71.05000305175781,71.05000305175781,71.05000305175781,71.05000305175781,0
2026-04-30,71.05000305175781,71.05000305175781,71.05000305175781,71.05000305175781,0
2026-05-03,71.05000305175781,71.05000305175781,71.05000305175781,71.05000305175781,0
2026-05-04,71.05000305175781,71.05000305175781,71.05000305175781,71.05000305175781,0
2026-05-05,71.05000305175781,71.05000305175781,71.05000305175781,71.05000305175781,0
2026-05-06,71.05000305175781,71.05000305175781,71.05000305175781,71.05000305175781,0
2026-05-07,71.05000305175781,71.05000305175781,71.05000305175781,71.05000305175781,0
2026-05-10,71.05000305175781,71.05000305175781,71.05000305175781,71.05000305175781,0
2026-05-11,71.05000305175781,71.05000305175781,71.05000305175781,71.05000305175781,0
2026-05-12,71.05000305175781,71.05000305175781,71.05000305175781,71.05000305175781,0
2026-05-13,71.05000305175781,71.05000305175781,71.05000305175781,71.05000305175781,0
2026-05-14,71.05000305175781,71.05000305175781,71.05000305175781,71.05000305175781,0
2026-05-17,71.05000305175781,71.05000305175781,71.05000305175781,71.05000305175781,0
2026-05-18,71.05000305175781,71.05000305175781,71.05000305175781,71.05000305175781,0
2026-05-19,71.05000305175781,71.05000305175781,71.05000305175781,71.05000305175781,0
2026-05-20,71.05000305175781,71.05000305175781,71.05000305175781,71.05000305175781,0
2026-05-21,71.05000305175781,71.05000305175781,71.05000305175781,71.05000305175781,0
2026-05-24,71.05000305175781,71.05000305175781,71.05000305175781,71.05000305175781,0
2026-05-25,71.05000305175781,71.05000305175781,71.05000305175781,71.05000305175781,0
2026-05-26,71.05000305175781,71.05000305175781,71.05000305175781,71.05000305175781,0
2026-05-27,71.05000305175781,71.05000305175781,71.05000305175781,71.05000305175781,0
2026-05-28,71.05000305175781,71.05000305175781,71.05000305175781,71.05000305175781,0
2026-06-01,71.05000305175781,71.05000305175781,71.05000305175781,71.05000305175781,0
2026-06-02,71.05000305175781,71.05000305175781,71.05000305175781,71.05000305175781,0
2026-06-03,71.05000305175781,71.05000305175781,71.05000305175781,71.05000305175781,0
2026-06-04,71.05000305175781,71.05000305175781,71.05000305175781,71.05000305175781,0
2026-06-07,71.05000305175781,71.05000305175781,71.05000305175781,71.05000305175781,0
2026-06-08,71.05000305175781,71.05000305175781,71.05000305175781,71.05000305175781,0
2026-06-09,71.05000305175781,71.05000305175781,71.05000305175781,71.05000305175781,0
2026-06-10,71.05000305175781,71.05000305175781,71.05000305175781,71.05000305175781,0
2026-06-11,71.05000305175781,71.05000305175781,71.05000305175781,71.05000305175781,0
2026-06-14,71.05000305175781,71.05000305175781,71.05000305175781,71.05000305175781,0
2026-06-15,71.05000305175781,71.05000305175781,71.05000305175781,71.05000305175781,0
2026-06-16,71.05000305175781,71.05000305175781,71.05000305175781,71.05000305175781,0
2026-06-17,71.05000305175781,71.05000305175781,71.05000305175781,71.05000305175781,0
2026-06-18,71.05000305175781,71.05000305175781,71.05000305175781,71.05000305175781,0
2026-06-21,71.05000305175781,71.05000305175781,71.05000305175781,71.05000305175781,0
2026-06-22,71.05000305175781,71.05000305175781,71.05000305175781,71.05000305175781,0
2026-06-23,71.05000305175781,71.05000305175781,71.05000305175781,71.05000305175781,0
2026-06-24,71.05000305175781,71.05000305175781,71.05000305175781,71.05000305175781,0
2026-06-25,71.05000305175781,71.05000305175781,71.05000305175781,71.05000305175781,0
2026-06-28,71.05000305175781,71.05000305175781,71.05000305175781,71.05000305175781,0
2026-06-29,71.05000305175781,71.05000305175781,71.05000305175781,71.05000305175781,0
2026-06-30,71.05000305175781,71.05000305175781,71.05000305175781,71.05000305175781,0
2026-07-01,71.05000305175781,71.05000305175781,71.05000305175781,71.05000305175781,0
2026-07-02,71.05000305175781,71.05000305175781,71.05000305175781,71.05000305175781,0
2026-07-05,71.05000305175781,71.05000305175781,71.05000305175781,71.05000305175781,0
2026-07-06,71.05000305175781,71.05000305175781,71.05000305175781,71.05000305175781,0
2026-07-07,71.05000305175781,71.05000305175781,71.05000305175781,71.05000305175781,0
2026-07-08,71.05000305175781,71.05000305175781,71.05000305175781,71.05000305175781,0
2026-07-09,71.05000305175781,71.05000305175781,71.05000305175781,71.05000305175781,0
2026-07-12,71.05000305175781,71.05000305175781,71.05000305175781,71.05000305175781,0
2026-07-13,71.05000305175781,71.05000305175781,71.05000305175781,71.05000305175781,0
2026-07-14,71.05000305175781,71.05000305175781,71.05000305175781,71.05000305175781,0
2026-07-15,71.05000305175781,71.05000305175781,71.05000305175781,71.05000305175781,0
2026-07-16,71.05000305175781,71.05000305175781,71.05000305175781,71.05000305175781,0
2026-07-19,71.05000305175781,71.05000305175781,71.05000305175781,71.05000305175781,0
2026-07-20,71.05000305175781,71.05000305175781,71.05000305175781,71.05000305175781,0
2026-07-21,71.05000305175781,71.05000305175781,71.05000305175781,71.05000305175781,0
2026-07-22,71.05000305175781,71.05000305175781,71.05000305175781,71.05000305175781,0
2026-07-23,71.05000305175781,71.05000305175781,71.05000305175781,71.05000305175781,0
2026-07-26,71.05000305175781,71.05000305175781,71.05000305175781,71.05000305175781,0
2026-07-27,71.05000305175781,71.05000305175781,71.05000305175781,71.05000305175781,0
2026-07-28,71.05000305175781,71.05000305175781,71.05000305175781,71.05000305175781,0
2026-07-29,71.05000305175781,71.05000305175781,71.05000305175781,71.05000305175781,0
2026-07-30,71.05000305175781,71.05000305175781,71.05000305175781,71.05000305175781,0
2026-08-02,71.05000305175781,71.05000305175781,71.05000305175781,71.05000305175781,0
2026-08-03,71.05000305175781,71.05000305175781,71.05000305175781,71.05000305175781,0
2026-08-04,71.05000305175781,71.05000305175781,71.05000305175781,71.05000305175781,0
2026-08-05,71.05000305175781,71.05000305175781,71.05000305175781,71.05000305175781,0
2026-08-06,71.05000305175781,71.05000305175781,71.05000305175781,71.05000305175781,0
2026-08-09,71.05000305175781,71.05000305175781,71.05000305175781,71.05000305175781,0
2026-08-10,71.05000305175781,71.05000305175781,71.05000305175781,71.05000305175781,0
2026-08-11,71.05000305175781,71.05000305175781,71.05000305175781,71.05000305175781,0
2026-08-12,71.05000305175781,71.05000305175781,71.05000305175781,71.05000305175781,0
2026-08-13,71.05000305175781,71.05000305175781,71.05000305175781,71.05000305175781,0
2026-08-16,71.05000305175781,71.05000305175781,71.05000305175781,71.05000305175781,0
2026-08-17,71.05000305175781,71.05000305175781,71.05000305175781,71.05000305175781,0
2026-08-18,71.05000305175781,71.05000305175781,71.05000305175781,71.05000305175781,0
2026-08-19,71.05000305175781,71.05000305175781,71.05000305175781,71.05000305175781,0
2026-08-20,71.05000305175781,71.05000305175781,71.05000305175781,71.05000305175781,0
2026-08-23,71.05000305175781,71.05000305175781,71.05000305175781,71.05000305175781,0
2026-08-24,71.05000305175781,71.05000305175781,71.05000305175781,71.05000305175781,0
