Date,Open,High,Low,Close,Volume
2021-01-17,4.75145498483182,4.820174073349081,4.722003612528936,4.77108907699585,673962
2021-01-18,4.771089090007213,4.761271809841585,4.633649976370514,4.712186813354492,958087
2021-01-19,4.712186802554572,4.790723171244868,4.633649965750594,4.741637706756592,642253
2021-01-20,4.741637802103525,5.1637714944728375,4.820174172373064,5.026332378387451,4602696
2021-01-21,5.02633236448952,5.173588292394586,5.006698271976424,5.085234642028809,1256652
2021-01-24,5.0852344719271665,5.3993804097421805,4.908527645220164,5.18340539932251,4945093
2021-01-25,5.18340539932251,5.18340539932251,5.18340539932251,5.18340539932251,0
2021-01-26,5.320844373974797,5.330661186458026,5.104868881979304,5.163771629333496,2295765
2021-01-27,5.163771297237839,5.320844031777381,5.104868553671838,5.212856292724609,1202728
2021-01-31,5.212856316892722,5.252124500709665,5.006698117796936,5.0950517654418945,1652044
2021-02-01,5.0950519223422015,5.15395419988149,5.036149644802913,5.085234642028809,457906
2021-02-02,5.085234792304113,5.203039818977672,5.055783886721001,5.134320259094238,587299
2021-02-03,5.134319935624839,5.301209950460512,5.1048685637835005,5.18340539932251,1955759
2021-02-04,5.183405427336997,5.193222239261384,4.918344951787097,5.006698131561279,1713351
2021-02-07,5.006697975242816,5.153953894420417,4.908527518495635,5.016515254974365,2520547
2021-02-08,5.016515597818198,5.075417875892065,4.741637832026454,4.8790764808654785,1173955
2021-02-09,4.879076159456598,4.947795713406061,4.810357073620799,4.898710250854492,212838
2021-02-10,4.898710570707954,5.006698314504092,4.83980829266834,4.908527851104736,199308
2021-02-11,4.908527698267453,4.908527698267453,4.81035723792484,4.859442234039307,359778
2021-02-14,4.859442402724276,4.977247427338437,4.761271938973889,4.820174217224121,341900
2021-02-15,4.820173905494354,4.908527551212553,4.761271631053443,4.810357093811035,338307
2021-02-16,4.810357261323907,4.908527722144052,4.75145498483182,4.77108907699585,1350192
2021-02-17,4.771089090007213,4.780905902059159,4.653284068588088,4.712186813354492,1403905
2021-02-18,4.712186952630463,4.908527880609358,4.68273557937678,4.7907233238220215,319587
2021-02-21,4.790723156413627,4.908527709084368,4.712186787966465,4.829991340637207,786206
2021-02-22,4.829991186340027,4.859442089510043,4.741637540602644,4.780905723571777,158444
2021-02-23,4.780905839936277,5.124502683335973,4.810357211936789,5.006698131561279,3108466
2021-02-24,5.006698419930877,5.183405725884363,5.0165157005343834,5.134320259094238,3140635
2021-02-25,5.134320010813576,5.64480687466767,5.183405475230072,5.585904598236084,5325222
2021-02-28,5.585904431932637,5.772428535802975,5.301209870265718,5.6251726150512695,2344480
2021-03-01,5.625172982558823,5.527002518348503,5.311027028972102,5.428832054138184,857202
2021-03-02,5.428831688917114,5.811696707637217,5.409197597395921,5.684074878692627,4406522
2021-03-03,5.684075074281942,5.595721425339486,5.399380503371452,5.497550964355469,610652
2021-03-04,5.497550964355469,5.497550964355469,5.497550964355469,5.497550964355469,0
2021-03-07,5.615355487725311,5.733160508394407,5.615355487725311,5.674258232116699,151793
2021-03-08,5.6742580892570995,5.62517262620465,5.448465801820436,5.566270351409912,287929
2021-03-09,5.56627036268258,5.615355357720766,5.448465812854529,5.507368087768555,748403
2021-03-10,5.507368398864946,5.615355674917068,5.4386488401932995,5.517185211181641,66964
2021-03-11,5.517185211181641,5.615355674917068,5.517185211181641,5.517185211181641,493039
2021-03-14,5.517184991516011,5.949135482867561,5.527002271555528,5.8509650230407715,2558199
2021-03-15,5.850964878494457,6.116025347535388,5.4582825807747195,5.772428512573242,4164048
2021-03-16,5.7724286448828614,5.900050476486883,5.693892277161519,5.880415916442871,1207190
2021-03-17,5.880416098680366,5.939318844410481,5.7037092658310975,5.782245635986328,666328
2021-03-18,5.782245504568991,5.742977320383852,5.595721395632742,5.674258232116699,188527
2021-03-21,5.674258275750406,5.860781918007297,5.222673686035052,5.438648700714111,304735
2021-03-22,5.43864891971975,5.497551198822302,4.937979313291201,5.193222522735596,470466
2021-03-23,5.193222328436732,5.7037091963399025,5.006698217533731,5.350295066833496,324845
2021-03-24,5.350295080238503,5.576087376306411,5.203039621679435,5.291392803192139,156574
2021-03-25,5.291392957098442,5.448466168571091,5.252124771258705,5.3110270500183105,1089072
2021-03-28,5.311026739912875,5.350294923459783,5.114685822178335,5.271758556365967,162624
2021-03-29,5.271758861022321,5.448466165309043,5.301210234441341,5.340478420257568,233215
2021-03-30,5.340478423454964,5.39938070221457,5.281576144695358,5.3110270500183105,817577
2021-03-31,5.311027077514839,5.301210265060931,5.153954333342685,5.2226738929748535,234596
2021-04-01,5.222673741092603,5.330661015513695,5.05578372120622,5.173588275909424,479912
2021-04-04,5.173588445280856,5.2619420982576,5.104868885397422,5.134320259094238,129501
2021-04-05,5.134320104771231,5.222673755092315,5.026332361946982,5.114686012268066,400109
2021-04-06,5.114685845358379,5.3012099521083655,5.055783569771068,5.153954029083252,25103
2021-04-07,5.153954030703747,5.252124490046797,5.104868566975384,5.124502658843994,126567
2021-04-08,5.124502981961588,5.2128566349981735,5.1048688888549805,5.1048688888549805,461415
2021-04-11,5.104868718275711,5.281576018444205,5.016515536305152,5.173588275909424,121700
2021-04-12,5.173588396481754,5.3797466060737955,5.271758861022321,5.340478420257568,89087
2021-04-13,5.340478420257568,5.320844327349454,5.12450293015462,5.340478420257568,5500
2021-04-14,5.34047813751238,5.379746321249601,5.006698107632333,5.124502658843994,186050
2021-04-15,5.124502981961588,5.153954355678351,5.085234795748374,5.1048688888549805,240394
2021-04-18,5.1048688888549805,5.311027100531211,5.311027100531211,5.1048688888549805,5608
2021-04-19,5.104868885397422,5.271758910747402,5.114686166000929,5.134320259094238,41050
2021-04-20,5.134320240321165,5.261942079017892,5.1245029597535545,5.2226738929748535,29000
2021-04-21,5.222673700942967,5.399380531639328,5.261941885542159,5.350295066833496,353340
2021-04-22,5.350294887795712,5.6251726389054575,5.350294887795712,5.477916717529297,1089097
2021-04-25,5.477916832820196,5.811696865882569,5.468100020849133,5.703709125518799,282638
2021-04-26,5.70370897021382,5.782245336298593,5.625172604129047,5.684074878692627,118156
2021-04-27,5.684075184505984,5.880416110281408,5.634989719005282,5.7527947425842285,1009018
2021-04-28,5.752794421092939,5.841147598697472,5.203039391530773,5.772428512573242,1600811
2021-05-04,5.772428643209617,6.047305930154641,5.684074995491878,5.909867286682129,3294359
2021-05-05,5.909867261343783,6.106208179748425,5.772428618460535,6.057123184204102,2359076
2021-05-06,6.057123050883396,6.0276716797141034,5.8018793944617455,5.890233039855957,260036
2021-05-09,5.890233208757947,5.890233208757947,5.69389228904482,5.821513652801514,167072
2021-05-10,5.821513485870052,6.017854868066783,5.772428491406117,5.890233039855957,709691
2021-05-11,5.890233040790665,5.988403497847776,5.7920625837335535,5.860781669616699,28833
2021-05-17,5.860781860021629,5.821513675923041,5.674258219610174,5.733160495758057,954061
2021-05-18,5.733160622483938,6.086574287183095,5.72334334218545,5.870599269866943,532067
2021-05-19,5.8705989810712085,6.017854901508658,5.644806694564098,5.713526248931885,548855
2021-05-20,5.713526571569004,5.870599312578067,5.664441105946825,5.693892478942871,570444
2021-05-23,5.693892467521692,5.83133111562894,5.644807001997973,5.723343372344971,102541
2021-05-24,5.723343217574604,5.811696865882569,5.654624129436125,5.703709125518799,96578
2021-05-25,5.70370897021382,5.7626112447774,5.625172604129047,5.684074878692627,112602
2021-05-26,5.684075198572958,5.792062942073535,5.546636550190027,5.693892478942871,463340
2021-05-27,5.693892180855345,5.742977175794126,5.497550796759217,5.566270351409912,953325
2021-05-30,5.566270648262498,5.69389248451408,5.595721553173667,5.6349897384643555,494336
2021-05-31,5.634989594538898,5.713526431228027,5.3012100280932435,5.585904598236084,1217261
2021-06-01,5.585904598236084,5.674258246940304,5.497550949531864,5.585904598236084,765785
2021-06-02,5.585904796874694,5.595721609238877,5.350295214656231,5.428832054138184,82078
2021-06-03,5.428831873648236,5.7429773486770035,5.350295036777362,5.527002334594727,950031
2021-06-06,5.527002460253794,5.73316066698537,5.585904738160859,5.664441108703613,148452
2021-06-07,5.664440955960651,5.742977324385653,5.5760873074256825,5.615355491638184,332169
2021-06-08,5.615355671942447,5.595721579205762,5.497551115522339,5.546636581420898,243880
2021-06-09,5.546636248814004,5.733160352684342,5.477916694299564,5.6251726150512695,112149
2021-06-10,5.625172784582332,5.723343245337567,5.497550951543685,5.556453227996826,164210
2021-06-13,5.556453061685263,5.693892170742551,5.556453061685263,5.595721244812012,162094
2021-06-14,5.5957214122989205,5.5957214122989205,5.546636415978144,5.556453227996826,107125
2021-06-15,5.556453072773208,5.615355347580871,5.497550797965546,5.536818981170654,194602
2021-06-16,5.536818991168732,5.546636271044571,5.497550807892716,5.507368087768555,146176
2021-06-17,5.507368244510712,5.6153555175362895,5.448465967920302,5.497550964355469,277939
2021-06-20,5.497550821991503,5.458282638614781,5.330660808583598,5.389563083648682,151211
2021-06-21,5.389563208683782,5.64480687466767,5.497550949531864,5.585904598236084,428300
2021-06-22,5.585904430790142,5.79206262617763,5.4484657899030395,5.654623985290527,2495315
2021-06-23,5.654624310833243,5.723343401176192,5.517185193919957,5.605538845062256,569662
2021-06-24,5.605538703351918,5.615355515389726,5.458282777875342,5.527002334594727,254043
2021-06-27,5.527002503357158,5.497551130117097,5.3993806661730535,5.487734317779541,151442
2021-06-28,5.4877341631890815,5.5957214364286605,5.360112329600107,5.468100070953369,395359
2021-06-29,5.468100058026832,5.595721423200428,5.36992912896666,5.527002334594727,938459
2021-06-30,5.527002347660507,5.664440993310497,5.350295049425409,5.468100070953369,6681109
2021-07-04,5.468099915805828,5.497550819266939,5.350294897620374,5.448465824127197,347981
2021-07-05,5.448466007699219,5.507368284719671,5.252124616184026,5.3208441734313965,1213551
2021-07-06,5.320844030210511,5.320844030210511,5.1539540157545565,5.242307662963867,487391
2021-07-07,5.242307989377908,5.30121026848046,5.153954336667228,5.193222522735596,765436
2021-07-08,5.193222368359958,5.25212464571156,5.15395418345889,5.173588275909424,559369
2021-07-11,5.17358827343015,5.261941923472056,5.104868715829369,5.203039646148682,807247
2021-07-12,5.2030394793405454,5.2619417547755285,5.183405387528884,5.242307662963867,46257
2021-07-13,5.242307652762622,5.330660831686329,5.222673560989168,5.271758556365967,608436
2021-07-14,5.271758543426072,5.448465837067091,5.291392635151333,5.360112190246582,1656267
2021-07-15,5.360112191659817,5.4288317467731835,5.301209916468504,5.330660820007324,357115
2021-07-18,5.330661158282495,5.438648903709465,5.212856600424183,5.252124786376953,280657
2021-07-25,5.252124756472117,5.556453429930138,5.183405665502896,5.369929313659668,5474732
2021-07-26,5.369929310562177,5.4975511481652575,5.340478405339127,5.399380683898926,148608
2021-07-27,5.39938070221457,5.419014795134438,5.301210237615226,5.3110270500183105,412302
2021-07-28,5.3110267268765945,5.487734020517613,5.3012099150708,5.360112190246582,818814
2021-07-29,5.36011236046974,5.36011236046974,5.252124618494562,5.291392803192139,620469
2021-08-01,5.291392774830638,5.507368257623382,5.252124590343536,5.438648700714111,937084
2021-08-02,5.438648534244143,5.595721267384758,5.350294887795712,5.477916717529297,283467
2021-08-03,5.477916991056776,5.31102696970476,4.937979209868499,4.967430114746094,4583783
2021-08-04,4.967429959930966,5.045966327975143,4.741637667747119,4.947795867919922,2447008
2021-08-05,4.947796008117912,5.134320121564914,4.9379791958910655,5.026332378387451,1438369
2021-08-08,5.026332378387451,5.026332378387451,5.026332378387451,5.026332378387451,0
2021-08-09,5.026332378387451,5.026332378387451,5.026332378387451,5.026332378387451,0
2021-08-10,5.085234682301567,5.05578377735553,4.928161940952853,4.937979221343994,3149176
2021-08-11,4.937979043749546,5.104868591373524,4.957613135711995,5.006698131561279,1305337
2021-08-15,5.006698131561279,5.0557835955242405,4.947795855673932,5.006698131561279,1608694
2021-08-16,5.006698423321944,5.153954355678351,5.045966609535158,5.1048688888549805,2038907
2021-08-17,5.104868565370323,5.252124488395436,5.055783569771068,5.153954029083252,2328921
2021-08-18,5.153954197274395,5.232490567287052,5.055783734758573,5.114686012268066,419465
2021-08-19,5.1146858573503655,5.104868577339293,5.006698117796936,5.0950517654418945,918456
2021-08-22,5.095051620372109,5.055783437673237,4.977247072275493,5.016515254974365,330065
2021-08-23,5.016515265504962,5.144136625487366,4.800539792094131,4.957612991333008,3830741
2021-08-24,4.9576131624955995,5.0066981586100665,4.81035723792484,4.859442234039307,2347210
2021-08-25,4.859442234039307,4.9576131624955995,4.790723145856317,4.859442234039307,1860826
2021-08-26,4.8594420662660855,5.055783448286266,4.8594420662660855,4.957612991333008,1648180
2021-08-29,4.957613133978207,5.065600405677072,4.996881317889372,5.036149501800537,369010
2021-08-30,5.036149336777187,5.055783428089404,4.967429783127596,5.045966148376465,672509
2021-08-31,5.045966470954836,5.055783751295374,4.977247381025835,5.026332378387451,283243
2021-09-01,5.026332057064248,5.095051610713839,4.977247062840535,5.045966148376465,347299
2021-09-02,5.045966482458875,5.08523466768317,4.957613299761056,4.996881484985352,460849
2021-09-05,4.996881384566151,5.006698196618096,4.672918628919345,4.712186813354492,968841
2021-09-06,4.712186817696658,4.849625463346319,4.564930891872322,4.653284072875977,1937339
2021-09-07,4.653284241958983,4.71218698891997,4.555113777213504,4.614016056060791,394260
2021-09-08,4.614016034912351,4.751455153039767,4.614016034912351,4.731821060180664,393811
2021-09-09,4.731820894727146,4.78090589110174,4.663101338066296,4.741637706756592,179643
2021-09-12,4.74163753957314,4.859442088454961,4.6729184534489105,4.810357093811035,264200
2021-09-13,4.810357390502814,4.90852785395926,4.810357390502814,4.8790764808654785,455566
2021-09-14,4.879076159456598,4.98706389620185,4.879076159456598,4.898710250854492,992341
2021-09-15,4.8987102724791765,4.977247106531109,4.771088911886327,4.780905723571777,548242
2021-09-16,4.780905722533747,4.918344831009538,4.761271631053443,4.810357093811035,1311152
2021-09-19,4.8103572766447344,4.8594422731543,4.682735443115234,4.682735443115234,242013
2021-09-20,4.682735456319659,4.712186828799392,4.574747714712217,4.623833179473877,481926
2021-09-21,4.623833179473877,4.623833179473877,4.623833179473877,4.623833179473877,0
2021-09-22,4.535479366990713,4.682735287864681,4.574747550141948,4.6631011962890625,156535
2021-09-23,4.663101325558579,4.849625434754564,4.663101325558579,4.800539970397949,214798
2021-09-26,4.8005398140140505,4.859442088454961,4.790723002330732,4.810357093811035,156889
2021-09-27,4.810357431617073,4.829991524476176,4.731821060180664,4.731821060180664,79313
2021-09-28,4.731821078566157,4.761271983912393,4.614016052840113,4.643467426300049,157000
2021-09-29,4.643467426300049,4.643467426300049,4.643467426300049,4.643467426300049,0
2021-09-30,4.672918433835537,4.908527530610272,4.663101154079758,4.898710250854492,549287
2021-10-03,4.898710442005196,4.859442257677139,4.761271796856994,4.77108907699585,266088
2021-10-04,4.771089267767257,4.71218698891997,4.5943819631116956,4.614016056060791,110194
2021-10-05,4.614015888404645,4.712186817696658,4.614015888404645,4.653284072875977,369442
2021-10-06,4.653283894865262,4.888893460793726,4.545296625756979,4.780905723571777,3477024
2021-10-10,4.780905902059159,4.859442270929453,4.682735440971291,4.712186813354492,807578
2021-10-11,4.712186660485961,4.712186660485961,4.614015734469183,4.633649826049805,417576
2021-10-12,4.633649812906432,4.810357104744467,4.64346709272573,4.751454830169678,733908
2021-10-13,4.751455015680319,4.8103572925548255,4.5452968125627065,4.594381809234619,1295038
2021-10-14,4.594381959904722,4.790723357372329,4.466760589881533,4.643467426300049,1815236
2021-10-17,4.64346741132519,4.7514551561784355,4.604199225581046,4.702369689941406,247782
2021-10-18,4.702369689941406,4.702369689941406,4.702369689941406,4.702369689941406,0
2021-10-19,4.810357401987051,5.0459665148450155,4.810357401987051,4.849625587463379,3125696
2021-10-20,4.849625573065123,4.93797922418139,4.614015992792974,4.908527851104736,1970551
2021-10-24,4.908527894453568,5.428832057235675,4.957613360643584,5.399380683898926,9006191
2021-10-25,5.399380542791999,5.399380542791999,5.1343200621431215,5.3208441734313965,1955302
2021-10-26,5.320844186960257,5.4975510184709115,5.203039632619821,5.261941909790039,1318250
2021-10-27,5.261941756325053,5.320844031777381,5.104868553671838,5.212856292724609,930035
2021-10-28,5.212856567736046,5.399380683898926,5.153954289176247,5.399380683898926,1044921
2021-10-31,5.3993805589998765,5.3993805589998765,5.222673727408081,5.232490539550781,133273
2021-11-01,5.232490361355137,5.369929003468199,5.261941733007629,5.330660820007324,472993
2021-11-02,5.3306611397466614,5.389563418471002,5.271758861022321,5.340478420257568,340807
2021-11-03,5.340478423454964,5.428832075651222,5.183405680096015,5.3110270500183105,1285009
2021-11-04,5.311026854428995,5.497550964355469,5.173588209051371,5.497550964355469,429064
2021-11-07,5.497550964355469,5.497550964355469,5.497550964355469,5.497550964355469,0
2021-11-08,5.497550964355469,5.497550964355469,5.497550964355469,5.497550964355469,0
2021-11-09,5.497550964355469,5.497550964355469,5.497550964355469,5.497550964355469,0
2021-11-10,5.301210094570185,5.311026906708377,5.212856444758014,5.261941909790039,261011
2021-11-11,5.261941857993828,5.497550964355469,5.232490485641781,5.497550964355469,130215
2021-11-14,5.497550821991503,5.477916730303142,5.350294900271959,5.389563083648682,298082
2021-11-15,5.38956326493608,5.448466010096131,5.2619418987258,5.291392803192139,390486
2021-11-16,5.291392625206876,5.419014455238059,5.261941721731169,5.389563083648682,366151
2021-11-17,5.389563403415443,5.4386488696054585,5.32084431248586,5.399380683898926,144931
2021-11-18,5.399380516227009,5.546636442110483,5.33066095931774,5.438648700714111,452777
2021-11-21,5.438648727472301,5.546636469399973,5.301210081091246,5.3208441734313965,112264
2021-11-22,5.320844160198788,5.399380529364076,5.301210067907466,5.379746437072754,128199
2021-11-23,5.379746411174648,5.5859046132979255,5.438648687765059,5.497550964355469,616168
2021-11-24,5.497550962253938,5.644806887730514,5.37974640911815,5.527002334594727,1503094
2021-11-25,5.527002457563894,5.742977476451356,5.644807013320692,5.693892478942871,363586
2021-11-28,5.693892478942871,5.693892478942871,5.693892478942871,5.693892478942871,0
2021-11-29,5.360112466365547,5.585904766894267,5.389563371413726,5.546636581420898,1314466
2021-11-30,5.546636552889482,5.73316066698537,5.4091979044396625,5.664441108703613,280924
2021-12-01,5.664441108703613,5.664441108703613,5.664441108703613,5.664441108703613,0
2021-12-02,5.664441108703613,5.615355643057545,5.448466089711039,5.664441108703613,20298
2021-12-05,5.664441108703613,5.576087457786168,5.448466089711039,5.664441108703613,23267
2021-12-06,5.664441105946825,5.693892478942871,5.497551084567848,5.693892478942871,610834
2021-12-07,5.693892313547735,5.811696865882569,5.644806849351382,5.703709125518799,1298877
2021-12-08,5.703709017355082,5.634989462406103,5.39938036220447,5.4190144538879395,457368
2021-12-09,5.419014714063317,5.742977476451356,5.369929248441138,5.693892478942871,2662062
2021-12-12,5.69389215741447,5.792062615001547,5.595721231713726,5.713526248931885,791963
2021-12-13,5.713526571569004,5.821513846955888,5.654624293690605,5.693892478942871,186325
2021-12-14,5.693892299364918,5.821513663352924,5.625172743283931,5.792062759399414,424672
2021-12-15,5.792062759399414,5.782245479339125,5.693892299364918,5.792062759399414,28057
2021-12-16,5.792062897437816,6.017855194955154,5.742977432193907,5.900050640106201,1721240
2021-12-19,5.900050366214814,5.890233086376293,5.261941688234649,5.595721244812012,1061163
2021-12-20,5.595721244812012,5.595721244812012,5.595721244812012,5.595721244812012,0
2021-12-21,5.399380338767988,5.595721254750447,5.428831710222191,5.566270351409912,259740
2021-12-22,5.566270493479944,5.674258234083343,5.54663640138057,5.644806861877441,304326
2021-12-23,5.644807013320692,5.693892478942871,5.448466087059362,5.693892478942871,1539581
2021-12-26,5.693892125772891,5.939318502433556,5.6448066631952925,5.890233039855957,551280
2021-12-27,5.8902333649141125,5.978587015184205,5.792062902454949,5.8411478996276855,3805279
2021-12-28,5.841147769909437,5.792062773826763,5.654624129436125,5.703709125518799,458623
2021-12-29,5.703709100973637,5.870599116786634,5.654624105102195,5.821513652801514,553736
2021-12-30,5.821513485870052,5.890233039855957,5.6546239429562775,5.890233039855957,1783587
2022-01-02,5.89023323215241,5.958952788381779,5.693892311659468,5.733160495758057,985305
2022-01-03,5.733160351511729,5.79206262617763,5.595721242510959,5.654623985290527,1477720
2022-01-04,5.654624310833243,5.68407521580488,5.556453379291269,5.605538845062256,1055116
2022-01-05,5.605538814195815,5.792062927739313,5.556453348695112,5.7527947425842285,5007314
2022-01-09,5.7527947425842285,5.7527947425842285,5.7527947425842285,5.7527947425842285,0
2022-01-10,5.644806861877441,5.7233432302749385,5.605538677678693,5.644806861877441,757770
2022-01-11,5.644806706610586,5.664440798169902,5.497550785858881,5.6251726150512695,961974
2022-01-12,5.625172613900743,5.723343071677245,5.595721242510959,5.654623985290527,479818
2022-01-13,5.654624009110452,5.664440820872622,5.497550807892716,5.507368087768555,567354
2022-01-16,5.507368244510712,5.576087333142683,5.448465967920302,5.497550964355469,1046327
2022-01-17,5.497550977444764,5.595721438662518,5.4091977964056275,5.438648700714111,125788
2022-01-18,5.4386488665023665,5.497551145028559,5.330661121814167,5.428832054138184,263167
2022-01-19,5.428831732448566,5.556453094302831,5.399380360873786,5.448465824127197,487977
2022-01-20,5.448465825469979,5.497550820621817,5.40919764210304,5.4190144538879395,250948
2022-01-23,5.419014465422364,5.477916740598147,5.330660818601855,5.360112190246582,170355
2022-01-24,5.360112347040137,5.399380531639328,5.30121007014135,5.350295066833496,459023
2022-01-25,5.3502952207950765,5.438648872742588,5.330661127930484,5.369929313659668,1323532
2022-01-26,5.369929214809203,5.330661029802874,5.06560054695331,5.114686012268066,1961394
2022-01-30,5.114685845358379,5.29139267212031,5.104868565370323,5.153954029083252,668365
2022-01-31,5.153954017272281,5.261941756325053,5.203039480872724,5.212856292724609,569781
2022-02-01,5.21285653954497,5.792062977754532,5.21285653954497,5.517185211181641,1202041
2022-02-02,5.517185208259024,5.595721579205762,5.477917022785655,5.546636581420898,266984
2022-02-03,5.546636428904319,5.527002336707516,5.399380503371452,5.497550964355469,496209
2022-02-06,5.497550964355469,5.546636428904319,5.428831875723498,5.497550964355469,42603
2022-02-07,5.497550820621817,5.576087187355695,5.3012099037871225,5.4190144538879395,680737
2022-02-08,5.419014465422364,5.448465837067091,5.320844006796061,5.360112190246582,259717
2022-02-09,5.360112318977845,5.595721425339486,5.360112318977845,5.497550964355469,673496
2022-02-10,5.497550988529293,5.585904637860258,5.409197807312012,5.409197807312012,543634
2022-02-13,5.409197982731354,5.39938070221457,5.301210237615226,5.3110270500183105,63070
2022-02-14,5.311026776435079,5.301209964537681,5.055783581624952,5.0950517654418945,408091
2022-02-15,5.095052076358529,5.183405729395115,5.006698423321944,5.1048688888549805,545227
2022-02-16,5.1048688888549805,5.203039822501722,5.055783890145315,5.1048688888549805,110333
2022-02-17,5.104868870024916,5.379746640617197,4.987064311819811,5.193222522735596,367149
2022-02-20,5.193222250201078,5.075417698178224,4.967429958100436,4.97724723815918,162142
2022-02-21,4.977247227674444,5.065600407448627,4.839808115823623,5.006698131561279,234988
2022-02-22,5.006698131561279,5.045966315486178,4.712186752124543,5.006698131561279,471154
2022-02-23,5.006698131561279,5.006698131561279,4.918344951787097,5.006698131561279,7769
2022-02-24,5.006698245070308,4.8692595982172335,4.319504542691248,4.476577281951904,817381
2022-02-27,4.476577279538821,4.810357318401481,4.417675002347826,4.506028652191162,524099
2022-02-28,4.506028361316538,4.466760179057394,4.250784708518443,4.290052890777588,1724116
2022-03-01,4.290052890269149,4.447126087400767,4.270418799141904,4.319504261016846,1508417
2022-03-02,4.319504271479675,4.358772453829282,4.152614262437017,4.2311506271362305,741672
2022-03-03,4.231150932893287,4.358772768808717,4.19188274770603,4.299870491027832,464526
2022-03-06,4.299870348328437,4.31950444027047,4.191882608590414,4.221333980560303,380223
2022-03-07,4.221334009606959,4.201699917529825,4.034809900817345,4.044626712799072,212339
2022-03-08,4.044626712799072,4.044626712799072,4.044626712799072,4.044626712799072,0
2022-03-09,3.9857242833283775,4.074077928335385,3.956273380401816,4.0249924659729,146351
2022-03-10,4.024992620721938,4.191882637434419,3.9562735325088085,4.044626712799072,223198
2022-03-13,4.044626557295162,4.172248384946692,4.005358374650639,4.0249924659729,212797
2022-03-14,4.0249925670885665,4.0249925670885665,3.9170050621032715,3.9170050621032715,425503
2022-03-15,3.917005166085616,4.005358581600867,3.750115147166632,3.8090176582336426,464196
2022-03-16,3.8090176516005245,4.005358574625836,3.76974923293862,3.8384687900543213,2956387
2022-03-17,3.8384686527864504,3.9170050191880277,3.642127502725672,3.7010297775268555,1531207
2022-03-20,3.701029725098755,4.14279701390647,3.7501149534044087,4.0249924659729,4056414
2022-03-21,4.024992858766843,4.417675191647104,4.0740783259195155,4.3489556312561035,4116379
2022-03-22,4.348955206847045,4.614015673754407,3.995541563046339,4.0249924659729,5309843
2022-03-23,4.024992618811948,4.152614451309598,3.966090342608496,4.07407808303833,5974165
2022-03-24,4.074078219693104,4.280236427377086,4.1035291247258465,4.182065963745117,4595117
2022-03-27,4.182065981566633,4.250785072345003,4.064260956592559,4.093712329864502,2055851
2022-03-28,4.093712276405799,4.162431366286786,3.89737111681229,3.966090440750122,1611037
2022-03-29,3.966090172236103,4.1820656438180555,3.8581026705019568,4.142796993255615,1962266
2022-03-30,4.1427971586269186,4.221333994773156,4.054443978647129,4.1329803466796875,1256508
2022-03-31,4.13298050370049,4.162431408774764,4.034810039930084,4.123163223266602,973916
2022-04-03,4.123163223266602,4.191882781962733,4.123163223266602,4.123163223266602,320708
2022-04-04,4.123162891056908,4.319504270891883,4.1329801706998035,4.260601997375488,2768550
2022-04-05,4.26060198763511,4.398040625525826,4.2213338053806195,4.319504261016846,2652852
2022-04-06,4.319504586360618,4.388223676425048,4.231150935576416,4.270419120788574,479178
2022-04-07,4.270419118080543,4.319504583621461,4.221334120653319,4.299870491027832,732304
2022-04-10,4.29987019049023,4.319504281711541,4.142796992606075,4.172248363494873,257474
2022-04-11,4.172248481950714,4.172248481950714,3.9464561924382457,3.975907564163208,283208
2022-04-12,3.9759077875770616,4.0740782519872,3.9268223213151425,4.0348100662231445,320097
2022-04-13,4.034809745690862,4.0838947399396845,3.9857242833283775,4.0249924659729,91664
2022-04-14,4.02499264653153,4.02499264653153,3.8777369550087712,3.9268221855163574,624567
2022-04-17,3.9268221080110255,3.975907571606633,3.848285740748993,3.9170050621032715,1007924
2022-04-18,3.91700513941484,4.005358554328495,3.7402980755306885,3.9268221855163574,1184408
2022-04-19,3.9268223243941947,4.064260974676156,3.9268223243941947,4.005358695983887,298879
2022-04-20,4.005358469282377,4.015175749232284,3.907188010351666,3.94645619392395,231481
2022-04-21,3.946456099904222,4.0838947391329015,3.946456099904222,4.054443836212158,400525
2022-04-26,4.054444162284294,4.162431439163271,3.9857246030864637,4.005358695983887,211669
2022-04-27,4.00535853927551,4.123163092050982,3.995541727267727,4.015175819396973,306263
2022-04-28,4.0151757600203295,4.329321229442655,4.074078035537016,4.30968713760376,1128939
2022-05-08,4.309687320508075,4.270419135163731,3.985724557360396,4.211516857147217,385703
2022-05-09,4.211516664115143,4.466760325268145,4.26060212760262,4.427492141723633,3299044
2022-05-10,4.427492156750806,4.417674876774521,4.280236233902254,4.30968713760376,478294
2022-05-11,4.30968698190716,4.437308808306207,4.250784708518443,4.290052890777588,215033
2022-05-12,4.290052910159546,4.368589275032653,4.142796991965642,4.201699733734131,294280
2022-05-15,4.201699888618269,4.2900530683005815,4.201699888618269,4.221333980560303,138425
2022-05-16,4.221334182659258,4.270419180807478,3.9268223213151425,4.0348100662231445,480654
2022-05-17,4.0348100662231445,4.12316325013542,4.0348100662231445,4.0348100662231445,15395
2022-05-18,4.034809734776907,4.142797002700414,4.074077917315211,4.113346099853516,199814
2022-05-19,4.113346437751256,4.142797343017448,3.9268223213151425,4.0348100662231445,183558
2022-05-22,4.034809745690862,4.123162922584208,3.9464561006838546,4.0249924659729,160899
2022-05-23,4.024992770972434,4.123163235022747,4.024992770972434,4.093712329864502,230406
2022-05-24,4.093712177048747,4.103528989030474,4.024992620721938,4.044626712799072,151786
2022-05-25,4.044626736565037,4.103529013142545,3.9366394635631123,3.9562735557556152,75565
2022-05-26,3.9562735644596168,4.015175841166713,3.8777369614599797,3.8973710536956787,255097
2022-05-29,3.8973710536956787,3.9955417489310143,3.7697492201067946,3.8973710536956787,27417
2022-05-30,3.8973710602782905,3.946456290950442,3.809017645068418,3.867919921875,476151
2022-05-31,3.867919908907254,3.946456277719392,3.91700513941484,3.9268221855163574,766463
2022-06-01,3.926822102137808,4.015175749232284,3.8286516432070976,3.94645619392395,186822
2022-06-02,3.94645619392395,4.015175749232284,3.8777368726724526,3.94645619392395,34380
2022-06-05,3.94645619392395,3.94645619392395,3.94645619392395,3.94645619392395,0
2022-06-06,3.8581029526279416,3.9464563695985917,3.8581029526279416,3.877737045288086,109046
2022-06-07,3.8777369550087712,3.9660903699224264,3.8482858167042195,3.9268221855163574,294847
2022-06-08,3.926822253040247,4.0446268082841685,3.877737021688613,3.99554181098938,907608
2022-06-09,3.9955417166630767,4.250784913665821,4.024992620721938,4.044626712799072,3325859
2022-06-12,4.044626547069018,4.103528820886877,3.9857242732511575,4.083894729614258,895863
2022-06-13,4.08389499607212,4.123163181179453,3.9562736285301345,3.966090440750122,608779
2022-06-14,3.966090284216996,4.015175747720709,3.926822100659495,3.975907564163208,625382
2022-06-15,3.975907647948118,4.0151758323331235,3.9366394635631123,3.9562735557556152,506300
2022-06-16,3.9562735325088085,4.211516729511552,4.005358528644804,4.044626712799072,874746
2022-06-19,4.044626652854661,4.044626652854661,3.926822102137808,3.94645619392395,334876
2022-06-20,3.946456290950442,3.9660903832193024,3.8482858296061395,3.867919921875,324428
2022-06-21,3.8679199153421306,3.9955417489310143,3.887554007577829,3.8973710536956787,198242
2022-06-22,3.8973711452092163,3.936639564659511,3.818834774422321,3.8482859134674072,442819
2022-06-23,3.8482857726993185,3.828651680720798,3.6912128028143205,3.74029803276062,160575
2022-06-26,3.740297960727644,3.828651606986253,3.671578640126264,3.7010297775268555,469466
2022-06-27,3.7010298269219026,3.750115056577995,3.4261523067909496,3.435969352722168,1110915
2022-06-28,3.4359693296222584,3.7108468479052186,3.337798870970071,3.553773880004883,564590
2022-06-29,3.5537740247143983,3.681395860215833,3.4850547008596195,3.632310628890991,1228346
2022-07-03,3.6323106606895204,3.563591336233148,3.435969499614467,3.4850547313690186,471275
2022-07-04,3.485054761309292,3.534139993485537,3.2887135985474623,3.3672502040863037,510709
2022-07-05,3.3672501134594204,3.485054667511792,3.3672501134594204,3.416335344314575,716558
2022-07-06,3.4163352549713575,3.4850545763714424,3.3181647958283795,3.4654204845428467,281985
2022-07-07,3.4654204905158235,3.5832252757472816,3.386884123066076,3.435969352722168,437078
2022-07-17,3.4359695291330468,3.6715788776358727,3.347616111215806,3.3672502040863037,159151
2022-07-18,3.367250182205237,3.524322924148531,3.377067228576693,3.45560359954834,267566
2022-07-19,3.455603488470848,3.651944643645591,3.4359693963590576,3.6224935054779053,364658
2022-07-20,3.6224934336895283,3.7304809381643436,3.5341397868805706,3.5832252502441406,4157518
2022-07-21,3.5832254445026845,3.8286518383985713,3.5930424908962464,3.759932279586792,5951901
2022-07-24,3.759932130967552,3.828651687063046,3.7010298549344194,3.7108469009399414,290041
2022-07-25,3.710846828966644,3.8090175211746455,3.651944554075943,3.6715786457061768,274116
2022-07-26,3.6715787933042097,3.7599322091920815,3.681395839513973,3.7206640243530273,286532
2022-07-27,3.720664101353183,3.769749333417833,3.701030008527323,3.7304811477661133,525391
2022-07-28,3.7304811477661133,3.750115240591973,3.6813959157014633,3.7304811477661133,118067
2022-07-31,3.730481057122414,3.80901766057441,3.6813958262504434,3.7795662879943848,213530
2022-08-01,3.7795661496724606,3.8090175211746455,3.6421275082608267,3.6715786457061768,459119
2022-08-02,3.6715788139508647,3.681395860215833,3.602859490096086,3.632310628890991,402064
2022-08-03,3.6323106597465986,3.8973711452092163,3.6323106597465986,3.8482859134674072,2576175
2022-08-04,3.848285643312309,4.093712018848923,3.8188345063347344,4.054443836212158,1070281
2022-08-07,4.054443837013124,4.123162922584208,3.9857242833283775,4.0249924659729,315066
2022-08-08,4.024992644372533,4.103529013142545,3.9268221834100197,3.9562735557556152,436081
2022-08-09,3.9562735557556152,4.083894920950042,3.9464562756025225,3.9562735557556152,305175
2022-08-10,3.956273649985511,4.064260925559458,3.828651813637725,3.877737045288086,841930
2022-08-11,3.8777370354600293,3.995541825179169,3.8875540817652205,3.9366395473480225,238408
2022-08-14,3.9366394528666704,4.123163094131793,3.9366394528666704,3.985724449157715,448676
2022-08-15,3.9857246030864637,4.064260974676156,3.956273697797179,4.005358695983887,556304
2022-08-16,4.005358695983887,4.074078255181717,3.917005277945483,4.005358695983887,58953
2022-08-17,4.005358504414906,4.319504443862346,3.9268221365814644,4.162431240081787,3095169
2022-08-18,4.162431240081787,4.162431240081787,4.162431240081787,4.162431240081787,0
2022-08-21,4.201699998782709,4.564930943290725,4.211516810954274,4.447126388549805,4583945
2022-08-22,4.4471262106494045,4.780905769063012,4.417674839085486,4.545296669006348,2032298
2022-08-23,4.545296669006348,4.545296669006348,4.545296669006348,4.545296669006348,0
2022-08-24,4.800539815056344,4.87907618099461,4.623832991695245,4.780905723571777,616617
2022-08-25,4.78090611209977,5.203039815493821,4.712187020376054,5.163771629333496,4133348
2022-08-28,5.163771335374549,5.153954055336485,4.908527671749034,5.006698131561279,2157214
2022-08-29,5.006698143953055,5.144136788030364,4.908527683897834,4.947795867919922,1301049
2022-08-30,4.94779571158085,5.055783448286266,4.908527528799547,4.957612991333008,2613414
2022-08-31,4.9576130029746315,4.987063906072935,4.820173894803667,4.869259357452393,77245
2022-09-01,4.86925936930916,4.928161643762859,4.712186637432628,4.780905723571777,230129
2022-09-04,4.7809060146287266,4.947796036464479,4.7809060146287266,4.908527851104736,109220
2022-09-05,4.908527658254579,5.104868577339293,4.908527658254579,5.0950517654418945,125391
2022-09-06,5.0950519036656505,5.25212464319465,5.0950519036656505,5.203039646148682,782864
2022-09-07,5.203039818977672,5.242308005164291,5.0165157005343834,5.134320259094238,163473
2022-09-08,5.134320104771231,5.203039662589151,5.016515549752245,5.114686012268066,324224
2022-09-11,5.11468596980297,5.595721466193506,5.055783692782518,5.3208441734313965,985011
2022-09-12,5.320843994159263,5.5368190026242,5.399380360873786,5.448465824127197,612615
2022-09-13,5.448465824127197,5.477916727588308,5.252124439227221,5.448465824127197,49365
2022-09-14,5.448465889715339,5.2521245024518235,5.055783583301983,5.065600395202637,1036896
2022-09-15,5.065600250146107,5.203039357729019,4.957612981762814,4.987063884735107,157861
2022-09-18,4.9870642673489955,5.252124755003726,4.722003779694264,4.731821060180664,248271
2022-09-19,4.731820844086992,5.065600407448627,4.731820844086992,5.006698131561279,1312847
2022-09-20,5.006698142108054,5.095051790182033,4.869259498081392,4.97724723815918,247746
2022-09-21,4.97724723815918,5.095051790182033,4.90852768208901,4.97724723815918,58112
2022-09-22,4.977247250677394,4.996881342730584,4.76127176997862,4.918344974517822,62380
2022-09-25,4.918345149088204,4.957613334588359,4.761271938973889,4.820174217224121,202791
2022-09-26,4.820173873366342,5.163771174151966,4.810357061748455,5.016515254974365,868203
2022-09-27,5.016515254974365,5.153953894420417,4.937978889576621,5.016515254974365,18955
2022-09-28,5.016515434783774,5.055783618890155,4.908527694434388,4.918344974517822,99076
2022-09-29,4.918344951787097,5.104868591373524,4.937979043749546,5.006698131561279,74526
2022-10-02,5.006698131561279,5.095051779449139,4.908527671749034,5.006698131561279,278658
2022-10-03,5.006698131561279,5.036149503561791,4.761271747973828,5.006698131561279,36377
2022-10-04,5.006698106058138,5.163771309071308,4.91834492673401,5.153954029083252,122380
2022-10-05,5.153954029083252,5.173588120945689,4.9968812941837575,5.153954029083252,44891
2022-10-09,5.153954029083252,5.2423076765210554,5.026332197920575,5.153954029083252,32695
2022-10-10,5.153954005725243,5.644806768175266,5.124502634008225,5.271758556365967,1165810
2022-10-11,5.271758543426072,5.399380373697103,5.203039456444496,5.360112190246582,165769
2022-10-12,5.360112567354582,5.369929379851033,5.006698423321944,5.1048688888549805,894353
2022-10-13,5.104868731959639,5.301210125104973,5.006698269443818,5.114686012268066,162262
2022-10-16,5.114685932460961,5.55645324094588,4.99688137928014,5.497550964355469,495731
2022-10-17,5.4975511012343015,5.762611586547504,5.4975511012343015,5.605538845062256,1074389
2022-10-18,5.6055386796418984,5.693892328176867,5.595721399531933,5.615355491638184,361819
2022-10-19,5.615355491638184,5.634989583744434,5.3208441100444235,5.615355491638184,156077
2022-10-20,5.615355491638184,5.6448068638544,5.311026829934458,5.615355491638184,269796
2022-10-23,5.615355615349617,5.792062916312577,5.605538803137058,5.782245635986328,2148471
2022-10-24,5.782245519674704,5.8411477961062905,5.517185041675726,5.585904598236084,1191391
2022-10-25,5.585904537487833,6.017855028068898,5.703709089069848,5.880415916442871,6194165
2022-10-26,5.880415916442871,5.880415916442871,5.880415916442871,5.880415916442871,0
2022-10-27,6.302549902248253,6.420354459571059,6.008038040827536,6.037489414215088,2326830
2022-10-30,6.037488959475089,6.125842136755637,5.703708937420212,5.890233039855957,730548
2022-10-31,5.89023336235023,5.988403824766663,5.772428807450511,5.870599269866943,1000308
2022-11-01,5.870599283815396,6.047306116584828,5.7527947286357755,5.811697006225586,1429399
2022-11-02,5.8116970523184905,5.8411479572901275,5.4975511012343015,5.605538845062256,443520
2022-11-03,5.605538787285731,5.958952920098578,5.595721506987243,5.870599269866943,1699367
2022-11-06,5.870599104534541,5.919684568417219,5.792062736813198,5.880415916442871,574064
2022-11-07,5.880416026678722,6.430171547261343,5.792062845392756,6.135659694671631,4603147
2022-11-08,6.1356595654005694,6.292732300478448,5.900050462783752,5.968769550323486,966423
2022-11-09,5.9687694054891836,6.076757142291703,5.860781668686665,5.890233039855957,535041
2022-11-10,5.890233335185963,6.03748926218835,5.831331058007746,5.988403797149658,1059265
2022-11-13,5.988403918714795,6.233830312663055,6.076757570332552,6.155293941497803,1361029
2022-11-14,6.155293786970033,6.273098340760444,6.008037860675176,6.135659694671631,2121648
2022-11-15,6.13565968154381,6.282915607523598,6.13565968154381,6.194561958312988,643146
2022-11-16,6.194562097984156,6.332000746877788,6.135659819886886,6.273098468780518,1606583
2022-11-17,6.273098314169521,6.3123664985998715,6.224013317688424,6.253464221954346,1270597
2022-11-20,6.253464402416424,6.371268959107071,6.096391660162227,6.1847453117370605,1621653
2022-11-21,6.184745186717298,6.332000645547106,5.919684705464482,6.017855167388916,713857
2022-11-22,6.017855143113631,6.1945619738648,5.988403770598261,6.106208324432373,444786
2022-11-23,6.106208505263209,6.233830343086432,5.988403947940402,6.037489414215088,381795
2022-11-24,6.037489069132408,6.194561803251732,6.037489069132408,6.174927711486816,215479
2022-11-27,6.1749278927364,6.194561985077625,5.9393187846416975,6.076757431030273,760053
2022-11-28,6.076757585017685,6.165111236848957,6.076757585017685,6.096391677856445,1780598
2022-11-29,6.096391321847577,6.332000422153922,6.0374890467709905,6.292732238769531,2156047
2022-11-30,6.292732527679029,6.577427104343486,6.282915715439061,6.449805736541748,1769231
2022-12-01,6.449805382302091,6.871938583937321,6.5283417483631885,6.646146297454834,2305325
2022-12-04,6.646146549613962,7.107547951785611,6.685414734134372,6.979926586151123,3713425
2022-12-05,6.979926617642673,7.1173652640841905,6.773768413923553,6.803219318389893,543877
2022-12-06,6.803219287695598,7.058462955191941,6.72468291865478,6.979926586151123,811638
2022-12-07,6.979926772612782,7.294072257168131,6.783585376651991,6.852304935455322,1150030
2022-12-08,6.85230495029566,7.06827997139521,6.773768578986733,6.793402671813965,967812
2022-12-11,6.7934026541449875,7.038829047903904,6.7934026541449875,6.88175630569458,719061
2022-12-12,6.881756101414675,7.06827974319458,6.685414711367575,7.06827974319458,1145114
2022-12-13,7.068279853383875,7.362791708988907,6.979926671193317,7.294072151184082,1933070
2022-12-14,7.294072162520042,7.411877185813354,7.0682798643689235,7.264621257781982,1715586
2022-12-15,7.264621105066374,7.411877030002158,7.117365180130592,7.215535640716553,936341
2022-12-18,7.215535520877303,7.352974163414999,6.891572772267326,7.019194602966309,124112
2022-12-19,7.019194943239542,7.21553587066866,6.871939013610857,6.91120719909668,491711
2022-12-20,6.911206887555683,7.107547806134213,6.793402336408565,6.901390075683594,587563
2022-12-21,6.901390383866702,7.068279938054105,6.773768547034839,6.9406585693359375,155641
2022-12-22,6.9406583779947,7.107547927581264,6.891572913454504,7.06827974319458,328950
2022-12-25,7.0682797967338935,7.117365261645891,6.773768411602965,6.83267068862915,314111
2022-12-26,6.8326705217194625,6.97010916475652,6.675597786819968,6.871938705444336,255994
2022-12-27,6.871938729752961,6.960292377503304,6.6952319023659514,6.754134178161621,522381
2022-12-28,6.754134471531775,6.871939028240032,6.705049005513153,6.852304935455322,299897
2022-12-29,6.852304611982125,7.058462810546418,6.773768244550713,6.901390075683594,613053
2023-01-02,6.9013903441715705,7.18608492124288,6.891573063803881,7.087913990020752,577243
2023-01-03,7.087913805947808,7.264621103067601,7.048645621724227,7.2449870109558105,476594
2023-01-04,7.2449870109558105,7.333340191402026,6.9308410690534865,7.2449870109558105,897904
2023-01-05,7.244987036763474,7.362791589853852,6.999560650435012,7.127182483673096,501010
2023-01-09,7.127182341874192,7.3137059798328,6.9995605111752095,7.019194602966309,203515
2023-01-10,7.0191948422813875,7.117365304583945,6.5774270597493425,6.655963897705078,500769
2023-01-11,6.655963693403595,7.176267361693536,6.538158674142802,6.901390075683594,1161766
2023-01-12,6.901390126987166,7.058462863017637,6.567610094808736,6.636329650878906,784448
2023-01-15,6.636329603095094,6.911206889169209,6.646146414969476,6.871938705444336,919331
2023-01-16,6.87193873150594,6.921024195405025,6.675597812136955,6.724682807922363,645628
2023-01-17,6.724683115902488,6.911207231902379,6.724683115902488,6.763951301574707,422843
2023-01-18,6.763951160817279,6.911207088080563,6.675597978950259,6.685414791107178,335945
2023-01-19,6.685414481587195,6.773768127477323,6.577426744178556,6.616694927215576,354199
2023-01-22,6.616695068212583,6.822853267606855,6.6265123482378705,6.724682807922363,220713
2023-01-23,6.724682704050711,7.36279138431399,6.724682704050711,7.313705921173096,3800595
2023-01-24,7.313706229900596,7.559132619737713,7.264621232801386,7.3529744148254395,1888019
2023-01-25,7.352974678589247,8.815715789794922,7.460962425063117,8.815715789794922,4505344
2023-01-29,8.815715166633924,9.512726126953435,8.54083788173009,8.79608154296875,4182365
2023-01-30,8.796081386610089,8.933520494732567,8.383764998469982,8.805898666381836,1411383
2023-01-31,8.805899015552495,8.933520848963676,7.755473912121039,7.824193000793457,1754143
2023-02-01,7.824192948499993,8.413216178927698,7.510047475265847,8.089253425598145,1935882
2023-02-02,8.089253582028917,9.424373741547441,8.305229067167627,8.89425277709961,5400772
2023-02-05,8.894252723600394,9.31638547482604,8.442668131696138,9.129861831665039,5515458
2023-02-06,9.129861775331698,9.817055471060456,9.051325406461403,9.424373626708984,3669895
2023-02-07,9.424373530768076,9.699250819015832,8.874618018045206,9.021873474121094,2087768
2023-02-08,9.021873361340933,9.178947031746327,8.78626426007386,8.854984283447266,1243709
2023-02-09,8.854984260403018,9.355653365235769,8.835349700568187,8.97278881072998,2095967
2023-02-12,8.972789305359116,9.120044767328507,8.835350187620929,8.884435653686523,1796648
2023-02-13,8.884435842989586,8.982605840985116,8.717545816547029,8.756814002990723,1057705
2023-02-14,8.756813555084117,9.591263644615202,8.796081739519263,9.424373626708984,4538179
2023-02-15,9.424373547804967,10.062481773590495,9.52254353995724,9.836689949035645,7861386
2023-02-16,9.836689662019076,9.974127834267534,9.48327507914628,9.62071418762207,3566181
2023-02-19,9.620714074550222,9.925042254861339,9.228031313332004,9.277116775512695,3631272
2023-02-20,9.277117164328311,9.414556276949032,8.835349858641699,8.904068946838379,2223123
2023-02-21,8.904068723801268,9.375287857963533,8.815715077631635,9.26729965209961,3735063
2023-02-22,9.267299558809768,9.375287763586622,8.540837709526059,8.92370319366455,4301215
2023-02-23,8.923703174559595,9.061141345832507,8.74699588437748,8.98260498046875,978290
2023-02-26,8.982604978821586,9.129861366022121,8.884434990248554,9.041507720947266,918240
2023-02-27,9.04150852431775,9.228032174538933,8.93352124642416,8.992423057556152,632592
2023-02-28,8.992422906427379,9.110227462938917,8.874618349915838,8.943337440490723,442134
2023-03-01,8.943337252276665,9.24766638569736,8.88443544337419,9.129861831665039,1825854
2023-03-02,9.129861858764315,9.306568222223612,8.913886374283646,9.012057304382324,933062
2023-03-05,9.012057177108588,9.129861729826871,8.786264415561357,8.84516716003418,713412
2023-03-06,8.84516725869675,9.267300009922396,8.864800882921784,9.129861831665039,1987680
2023-03-07,9.12986152403359,9.326202440805071,9.03169059753418,9.03169059753418,819889
2023-03-08,9.031690956183661,9.208398256408731,8.8746182165291,8.89425277709961,635062
2023-03-09,8.894252466991777,9.031690641283896,8.776446980130896,8.854984283447266,2050642
2023-03-12,8.854984758105974,8.992422939765271,8.069620108890046,8.128521919250488,2393216
2023-03-13,8.128521705481113,8.334679908775763,7.421693914266371,7.647486209869385,2604268
2023-03-14,7.647486209869385,8.148156265903161,7.568949840635934,7.647486209869385,3248409
2023-03-15,7.647486165068685,7.912547111849323,6.871938821261162,7.06827974319458,1634181
2023-03-16,7.068279894667912,7.22535310369441,6.587244391565601,7.11736536026001,656693
2023-03-19,7.117365403947497,7.264621333513977,6.773768547034839,6.9406585693359375,1224782
2023-03-20,6.940658168387609,7.647485934115474,6.881755893586425,7.402059555053711,2516447
2023-03-21,7.402059971133974,7.834010478736868,7.500230434654246,7.667120456695557,875249
2023-03-22,7.667120442335074,7.9518154881811745,7.667120442335074,7.726022720336914,1029328
2023-03-23,7.7260226920473025,7.92236361800118,7.7260226920473025,7.843827247619629,249902
2023-03-26,7.843827247619629,8.00089998838273,7.75547406499723,7.843827247619629,470266
2023-03-27,7.8438270405771275,8.786264396506926,7.784924764345726,8.089253425598145,2613879
2023-03-28,8.089253493188549,8.236509887167989,7.657303463882405,7.7652907371521,2354678
2023-03-29,7.765290888600391,8.04998546570693,7.775108168969296,7.814376354217529,819237
2023-03-30,7.814376212825442,7.95181532682115,7.667120286752145,7.73583984375,1022138
2023-04-02,7.735839857016236,7.883095315228378,7.470779376875223,7.676937580108643,1370390
2023-04-03,7.676937694615679,8.00089998838273,7.647486321665752,7.843827247619629,1364200
2023-04-04,7.843827036854975,8.29541162252845,7.843827036854975,8.14815616607666,3197503
2023-04-05,8.148156141310537,8.511387077517961,8.197241605387726,8.265960693359375,2040564
2023-04-06,8.26596040460434,8.344496769893384,8.010716749301277,8.0499849319458,1633972
2023-04-09,8.0499849319458,8.14815585667077,7.883094921649747,8.0499849319458,331031
2023-04-10,8.049984930355507,8.19724131741387,7.951814941877255,8.108887672424316,1766464
2023-04-11,8.108887784355371,8.55065507917375,8.118705064206907,8.33467960357666,1694357
2023-04-12,8.334680242868057,8.491752987631155,8.256143870486508,8.354314804077148,861253
2023-04-13,8.354314843113796,8.344497562463378,8.148156630592077,8.177607536315918,393637
2023-04-18,8.177607379267124,8.265961030969255,8.148156474108879,8.187424659729004,707019
2023-04-19,8.187423997219252,8.472118553985103,8.226692179661875,8.344496726989746,1595285
2023-04-26,8.344496817446396,8.874617754282133,8.432850462956907,8.74699592590332,2844640
2023-04-27,8.746996541940215,9.031691121842815,8.73717926147489,8.825532913208008,2808073
2023-04-30,8.825532822502678,9.787604764986447,8.94333737819362,9.237849235534668,3689059
2023-05-01,9.237849235534668,9.237849235534668,9.237849235534668,9.237849235534668,0
2023-05-02,8.835349879917482,8.933520808629734,8.462301661529239,8.84516716003418,1166783
2023-05-03,8.8451675631981,9.188763956897422,8.83535028263393,9.110227584838867,971797
2023-05-07,9.110227043711626,9.54217800060415,8.75681339044012,9.49309253692627,2462433
2023-05-08,9.493092569111456,10.484615381102339,9.336019833791584,10.131200790405273,5917174
2023-05-09,10.131201127044442,10.641688470023833,10.013396571640133,10.052664756774902,6866671
2023-05-10,10.05266439584115,10.504248976790873,9.8857743809536,10.307908058166504,3158086
2023-05-11,10.307907966776694,11.034369827359729,10.268639783399973,10.779126167297363,3002436
2023-05-14,10.779126472096785,11.230711061812139,10.582785549661276,10.877297401428223,4646366
2023-05-15,10.877297294806612,11.387784624362395,10.582785445926534,10.651505470275879,5019821
2023-05-16,10.651505681868269,10.877297510884361,10.170469246776488,10.406079292297363,3855487
2023-05-17,10.406079553233022,10.563152296700668,9.875958575916012,9.925043106079102,2037483
2023-05-18,9.925042414062597,10.396261547837522,9.856323327643741,10.31772518157959,2333134
2023-05-21,10.317725341398637,10.543517163830815,10.170468950213548,10.249005317687988,2032845
2023-05-22,10.249005518137967,10.553334650224002,10.082116436161277,10.121384620666504,1645187
2023-05-23,10.121384176324689,10.24900506819343,9.679615949750868,9.915225982666016,4233046
2023-05-24,9.915226247454125,10.307908085753807,9.934859871255433,10.131200790405273,2803270
2023-05-25,10.131200500292215,10.258822328141921,9.817055038648215,9.974127769470215,1302510
2023-05-28,9.974127925944348,10.160652498892164,9.88577427941405,9.964310646057129,1170057
2023-05-29,9.964311343065678,10.504249603676296,9.964311343065678,10.386445045471191,2836042
2023-05-30,10.38644494976556,10.798761367797852,10.376627669282078,10.798761367797852,4166554
2023-05-31,10.798761002614896,11.878637477367333,10.808578282766387,11.054004669189453,7167618
2023-06-01,11.054004983224063,11.42705321353238,10.99510223686911,11.034370422363281,1455276
2023-06-04,11.034370482037048,11.289614157243209,10.720224996384786,10.798761367797852,1332137
2023-06-05,10.798761090334635,10.946016548893702,10.553334701917938,10.582785606384277,662395
2023-06-06,10.582785570998993,11.289613829419347,10.50424920186644,10.818395614624023,1523431
2023-06-07,10.818395996603476,11.093273298272871,10.435530481393409,10.504249572753906,1442449
2023-06-08,10.504248949625723,10.69077352400701,10.31772531147178,10.484615325927734,240786
2023-06-11,10.484615457534568,10.73985818617639,10.504249081479005,10.592602729797363,340703
2023-06-12,10.592603004849868,10.896932141823529,10.631871189985755,10.808578491210938,306132
2023-06-13,10.808578236415018,10.896931884944806,10.41589545808567,10.474798202514648,861871
2023-06-14,10.474798601662107,11.093273228710546,10.474798601662107,10.798761367797852,1129930
2023-06-15,10.798761279997535,10.98528492653017,10.435530331108541,10.455163955688477,1491443
2023-06-18,10.455163462780083,10.730041683759161,10.484615302602563,10.60241985321045,737133
2023-06-19,10.602420166846752,10.77912652987216,10.42571286759397,10.582785606384277,559948
2023-06-20,10.582785702320033,10.985284833175797,10.504249332212927,10.867480278015137,975715
2023-06-21,10.867480329390895,11.044187631080954,10.602420313083194,10.690773963928223,1279122
2023-06-22,10.690774091161735,10.887115019694399,10.651505905455203,10.798761367797852,541691
2023-06-25,10.798761367797852,10.965651391107464,10.61223771974867,10.798761367797852,611896
2023-06-26,10.79876059186064,10.79876059186064,10.602419677435913,10.671138763427734,487785
2023-07-04,10.671138782945018,10.946016063642382,10.60241969682751,10.612236976623535,610577
2023-07-05,10.612237345556125,10.788943706891072,10.2588227504315,10.298090934753418,875865
2023-07-06,10.29809053072689,10.474797821356418,9.885774143409542,9.915225982666016,673231
2023-07-09,9.915226400262007,10.013396393236192,9.326202697507433,9.424373626708984,409943
2023-07-10,9.424373211593217,10.062481414614421,9.424373211593217,9.974127769470215,1243835
2023-07-11,9.97412853618035,10.249005836248635,9.92504306996845,10.101750373840332,852674
2023-07-12,10.101749886589635,10.278457181938169,9.944677151269763,10.131200790405273,165421
2023-07-13,10.131200477808607,10.268639585086508,10.042846832860478,10.150835037231445,137180
2023-07-16,10.150835371423405,10.17046899526531,10.01339625962065,10.072299003601074,44397
2023-07-17,10.072298982773997,10.160652630448265,10.01339623891537,10.131200790405273,240540
2023-07-18,10.131200714551564,10.739858027472643,10.013396163943678,10.60241985321045,488682
2023-07-19,10.60241985321045,10.60241985321045,10.60241985321045,10.60241985321045,0
2023-07-24,10.543517606866658,10.700590348415693,10.376627584913958,10.455163955688477,48782
2023-07-25,10.455164161517494,10.582786000595402,10.190104138992151,10.327543258666992,74280
2023-07-26,10.327542645782467,10.504249004903647,10.111567166603965,10.131200790405273,76686
2023-07-27,10.131200611846134,10.307907904080258,10.052664245570377,10.258822441101074,43772
2023-07-30,10.258822354700152,10.79876057046907,10.062481440664362,10.78894329071045,828179
2023-07-31,10.78894395891251,10.89693217049083,10.504249381871519,10.690773963928223,821402
2023-08-01,10.690773346755133,10.798760615872014,10.219554214860688,10.494431495666504,485185
2023-08-02,10.494431693540676,10.651505364618695,10.209737127567001,10.36681079864502,312834
2023-08-03,10.366810959487298,10.572969161234207,10.209737285972261,10.298090934753418,105514
2023-08-06,10.298090856710935,10.99510182531331,10.268639952749528,10.710407257080078,1632954
2023-08-07,10.710407100573697,10.946016201276827,10.700589820654232,10.720224380493164,501722
2023-08-08,10.720224224129977,11.083455149806118,10.70058966457743,10.73004150390625,1674884
2023-08-09,10.73004150390625,10.975467880949102,10.651505138150723,10.73004150390625,438906
2023-08-10,10.73004215471211,10.828212149747127,10.47479848241177,10.631871223449707,128564
2023-08-13,10.631871252264723,10.759493088760781,10.455163950004431,10.514066696166992,106047
2023-08-14,10.51406685329895,10.70059050251776,10.455164106256092,10.504249572753906,1074445
2023-08-15,10.504249354237277,10.906748485936964,10.43553026430632,10.808578491210938,1619469
2023-08-16,10.808578030163437,11.093272594311616,10.622053456553774,10.661321640014648,1745845
2023-08-17,10.66132166040072,10.83802895442622,10.533699829852008,10.60241985321045,520638
2023-08-20,10.60242018914037,10.700590182977045,10.514066539328198,10.523883819580078,223531
2023-08-21,10.523883335066198,10.680956066955236,10.484615152093939,10.494431495666504,170727
2023-08-22,10.494431649241463,10.690773503203348,10.484615305525244,10.543517112731934,911069
2023-08-23,10.543516980420671,10.651505185990027,10.356993344970391,10.376626968383789,955435
2023-08-24,10.376626988159371,10.504248817385344,10.239188815321658,10.31772518157959,226637
2023-08-27,10.317725140405003,10.602419701010717,10.317725140405003,10.494431495666504,167124
2023-08-28,10.494431696802817,10.592602624228675,10.26863987444163,10.307908058166504,734998
2023-08-29,10.307907767704862,10.494431401085214,10.091932295190253,10.150835037231445,541518
2023-08-30,10.150835216354155,10.406078875991174,9.944677019913074,10.023213386535645,1380079
2023-08-31,10.023213386535645,10.023213386535645,10.023213386535645,10.023213386535645,0
2023-09-03,10.131200814897253,10.30790811067297,9.983945359235724,10.013396263122559,625438
2023-09-04,10.013396623254419,10.11156755471106,9.846506601514562,9.875958442687988,1620553
2023-09-05,9.875958162617788,9.964310874950323,9.581446312827254,9.659982681274414,1979425
2023-09-06,9.659982905427205,10.209737497313983,9.659982905427205,10.052664756774902,1791308
2023-09-07,10.052664154286914,10.111566896572532,9.817055057599093,9.915225982666016,415569
2023-09-10,9.915225982666016,9.915225982666016,9.915225982666016,9.915225982666016,0
2023-09-11,10.307908107068066,10.36681085104849,9.993762635778744,10.072299003601074,1404675
2023-09-12,10.072299312139375,10.464981163279798,10.072299312139375,10.111567497253418,2081758
2023-09-13,10.111567139542135,10.356993521879433,10.042847115853094,10.307908058166504,655201
2023-09-14,10.30790818947397,10.553334574937637,10.11156726834851,10.415895462036133,3300970
2023-09-17,10.41589530548366,10.641688063554762,10.406078961745449,10.425712585449219,1867868
2023-09-18,10.425713011393135,10.749675773673319,10.386444826153943,10.690773963928223,2465593
2023-09-19,10.690773866750519,11.044187530690769,10.30790836197805,10.406079292297363,6478427
2023-09-20,10.406079292297363,10.406079292297363,10.406079292297363,10.406079292297363,0
2023-09-21,10.406079292297363,10.406079292297363,10.406079292297363,10.406079292297363,0
2023-09-24,10.406079292297363,10.406079292297363,10.406079292297363,10.406079292297363,0
2023-09-25,10.278457085327954,11.26016260807717,10.327542548710884,10.661321640014648,7180113
2023-09-26,10.66132231656499,10.995102365277242,10.425713200848366,10.504249572753906,2378106
2023-09-27,10.504249572753906,10.504249572753906,10.504249572753906,10.504249572753906,0
2023-10-01,10.504249572753906,10.504249572753906,10.504249572753906,10.504249572753906,0
2023-10-02,10.592602620936018,10.995101738047698,10.219554407552005,10.36681079864502,4562693
2023-10-03,10.366811233473255,10.494432133721876,9.699251146130246,9.817055702209473,2263723
2023-10-04,9.817055859350315,9.964311322749607,9.444007624347714,9.807238578796387,3882608
2023-10-08,9.807237870237595,9.787604246775643,8.157973241658366,9.326202392578125,2287351
2023-10-09,9.326202598777977,9.5127262388135,9.021873470456764,9.08077621459961,1390356
2023-10-10,9.080776522899322,9.35565382036774,9.031691057151686,9.120044708251953,2945293
2023-10-11,9.120044606296196,9.345837371720162,8.85498459218597,8.89425277709961,2761233
2023-10-12,8.894252910781459,9.090593838300691,8.805899259340956,8.943337440490723,3359526
2023-10-15,8.943337590794554,9.286934921898332,8.953154871392355,8.992423057556152,3850561
2023-10-16,8.992422457739385,9.120044288315885,8.8451670035043,8.854984283447266,5995192
2023-10-17,8.854984891293078,9.659983177327936,8.864801235682535,9.571629524230957,7646757
2023-10-18,9.571628818018553,9.571628818018553,9.080776058120165,9.090593338012695,5723238
2023-10-19,9.090593338012695,9.090593338012695,9.090593338012695,9.090593338012695,0
2023-10-22,8.913885834159748,9.463641324191446,8.923703113820226,9.39492130279541,7488295
2023-10-23,9.394921456980196,9.738518760917371,9.33601965050529,9.44400691986084,5896747
2023-10-24,9.4440069176509,9.82687240455753,9.336019648320619,9.502909660339355,6870861
2023-10-25,9.502910384689377,10.602420530121861,9.55199491507262,10.445347785949707,7003626
2023-10-26,10.445347701096237,10.5042495115686,9.99376309715607,10.101750373840332,4532638
2023-10-29,10.10174990747761,10.406079034959655,10.052664443531816,10.072299003601074,6829696
2023-10-30,10.072299340419294,10.209737520590634,9.817055668347681,9.993762969970703,6800515
2023-10-31,9.993762693265289,10.29809088627055,9.669799940077827,9.718884468078613,8448978
2023-11-01,9.718884550814622,9.895591849049298,9.286934521629972,9.306568145751953,8068985
2023-11-02,9.306568010063836,9.610897137450118,9.25748348236084,9.25748348236084,6362954
2023-11-05,9.257484065095055,9.669800490100455,9.33602043783633,9.453824996948242,4014585
2023-11-06,9.453824972462748,9.689434090076343,9.326203133031864,9.512726783752441,5767317
2023-11-07,9.512726620680883,9.73851939002716,9.375288439209353,9.581446647644043,6992236
2023-11-08,9.581446647644043,9.875958507726082,9.581446647644043,9.581446647644043,4481717
2023-11-09,9.581446187531036,9.777787106081394,9.424373452690748,9.434189796447754,2735347
2023-11-12,9.434189979340623,9.591263653453318,9.208398152687307,9.306568145751953,2199687
2023-11-13,9.306568320144436,9.620714738029136,9.26730013493727,9.296751976013184,5301047
2023-11-14,9.29675146527076,9.659982392538794,9.336019648320619,9.502909660339355,5185464
2023-11-15,9.502910125905196,9.718884675146764,9.473458285004398,9.532361030578613,2744834
2023-11-16,9.5323609210223,10.1606528096076,9.591263665919541,10.062481880187988,8006201
2023-11-19,10.062482194349698,10.249005842597589,9.974128542359024,10.042847633361816,3174648
2023-11-20,10.042847663679837,10.141018596460817,9.826873109525524,9.925043106079102,4039754
2023-11-21,9.925042792478509,10.01339644194421,9.846506423226192,9.944677352905273,1623905
2023-11-22,9.944676995291793,10.249005181143952,9.964310618785156,10.199920654296875,2460225
2023-11-23,10.19992078697994,10.455163513077943,10.15083532326701,10.307908058166504,6156501
2023-11-26,10.307908523339888,10.553334916752743,10.288273962477712,10.337359428405762,3178417
2023-11-27,10.337359288780988,11.966990369234837,10.366811129676451,11.741198539733887,19638722
2023-11-28,11.7411978968953,13.00759796301524,11.682295154556718,11.780466079711914,12158899
2023-11-29,11.780466911854212,12.320405165893009,11.319065028996253,11.613576889038086,8060178
2023-11-30,11.613576213325079,12.811257208489224,11.692112579936433,12.762171745300293,12902875
2023-12-03,12.762172572135027,12.997781687233713,12.408758899487,12.65418529510498,7541637
2023-12-04,12.654184577627793,13.596621920814863,12.48729456317184,13.105769157409668,9807353
2023-12-05,13.105769580711847,13.488634149348508,12.56583133628124,12.614916801452637,3928883
2023-12-06,12.614916545681503,12.948695642379299,12.27131923267564,12.281136512756348,2469276
2023-12-07,12.2811362682564,12.9486953845892,11.633210775466779,12.703269004821777,5551964
2023-12-10,12.703269009914116,12.81125721624057,11.652844403681213,11.829551696777344,4663471
2023-12-11,11.82955227603058,11.947356831787378,11.240528561019206,11.387784957885742,6150493
2023-12-12,11.38778449444676,11.63321087634236,11.054004465272369,11.299430847167969,5227539
2023-12-13,11.299431099243666,11.731381129076134,11.328882003584491,11.633211135864258,2399021
2023-12-14,11.633211270196323,12.074978585319407,11.682295799255371,11.682295799255371,3505439
2023-12-17,11.682295391917913,12.241868178708227,11.711747231799272,12.173148155212402,3998836
2023-12-18,12.173148383059008,12.693452995973473,12.153514758997963,12.624732971191406,7825760
2023-12-19,12.624733265164096,12.801440566965029,12.084795951843262,12.084795951843262,2793562
2023-12-20,12.084795313470618,12.330221692461896,11.976807107528959,12.006258010864258,2283128
2023-12-21,12.006258559427456,12.212416764648546,11.672479455179989,11.682295799255371,2722622
2023-12-24,11.682295799255371,11.682295799255371,11.682295799255371,11.682295799255371,0
2023-12-25,11.171809569589103,11.240528660330863,10.661322220572032,10.916565895080566,13364830
2023-12-26,10.916565617076229,11.191442909270569,10.523883771084318,10.700590133666992,4890159
2023-12-27,10.70059052346901,11.201260597517678,10.710407804033276,11.083456039428711,5657341
2023-12-28,11.083456032784351,11.427053362508415,10.91656600820151,11.142358779907227,1975994
2023-12-31,11.142358028294112,11.309248041619307,10.77912616195527,10.896931648254395,4684469
2024-01-02,10.896932207154016,11.211077690124512,10.84784674138303,11.211077690124512,3973673
2024-01-03,11.211077656136853,11.4761376725328,11.112906724892495,11.387784957885742,2886757
2024-01-04,11.387784810558996,11.692113008270036,11.240528415597554,11.279796600341797,3891403
2024-01-08,11.279796600341797,11.427052995303239,11.054004772119242,11.279796600341797,1875794
2024-01-09,11.279796090030686,11.71174703890277,11.25034518686174,11.485954284667969,7840761
2024-01-10,11.485955087474128,11.633211486065946,11.289614158912434,11.436869621276855,2678719
2024-01-11,11.4368691302044,11.584125522473371,11.368150042215294,11.525222778320312,2490341
2024-01-14,11.525222926235614,11.751015689454931,11.535040206425013,11.633211135864258,2664790
2024-01-15,11.633211063210226,12.045527466316187,11.682295591395928,11.927721977233887,4092722
2024-01-16,11.927722076375465,12.241868489493802,11.927722076375465,12.212416648864746,7150234
2024-01-17,12.212416703012185,12.418574907192788,11.976807594299316,11.976807594299316,5432653
2024-01-18,11.976807105127257,12.232050763921563,12.03570984801338,12.065160751342773,1498108
2024-01-21,12.065160765929605,13.145037209071196,12.074978045793717,12.938879013061523,8916326
2024-01-22,12.938879483485394,13.410097699367004,12.860343114171792,12.909427642822266,3690844
2024-01-23,12.909427812223589,13.046866928439593,12.18296591842624,12.202600479125977,4408427
2024-01-24,12.202600600772188,12.467660619269298,12.114246949197355,12.369490623474121,3167064
2024-01-28,12.369490623474121,12.71308701309833,12.359673343026385,12.369490623474121,2083510
2024-01-29,12.3694903235376,12.850525819083733,12.104429375240318,12.212416648864746,3568274
2024-01-30,12.212416155233635,13.547536250508854,12.192782531835235,13.351195335388184,8516188
2024-01-31,13.351195536101056,13.498450990598464,11.986624517100529,12.173148155212402,11529331
2024-02-01,12.173148680373414,12.713086930536262,11.338699508510272,12.66400146484375,3761897
2024-02-04,12.664000867538467,12.654184523844869,11.790283551576202,12.467659950256348,2257373
2024-02-05,12.467659813004172,13.655523519768389,12.28113617769637,13.351195335388184,6600083
2024-02-06,13.351196047294827,13.498451507430389,12.585465033153243,12.958513259887695,5556718
2024-02-07,12.958512746455888,13.41009732553397,12.762171828645277,13.164670944213867,6152333
2024-02-08,13.164671346378315,13.557354130222858,13.056684072340436,13.547536849975586,3504761
2024-02-11,13.54753677675094,13.920584998084607,13.07631762592991,13.145037651062012,6586728
2024-02-12,13.145037841368614,13.370829671740124,12.879976889651745,12.958513259887695,2358339
2024-02-13,12.958513311420697,13.19412242306551,12.74253782429926,12.781806945800781,2146468
2024-02-14,12.781806585872044,13.253024795892419,12.83089111391198,12.978147506713867,3098216
2024-02-15,12.978147733663848,13.547536882175772,13.086135007958394,13.370829582214355,3838977
2024-02-18,13.370829582214355,13.370829582214355,13.370829582214355,13.370829582214355,0
2024-02-19,13.311928018853898,14.431071776001831,13.351196204434046,14.342718124389648,12096596
2024-02-20,14.34271727960181,14.676497305487086,14.136559083391925,14.627411842346191,5139353
2024-02-21,14.627412703902573,14.676498169934609,14.234730848101087,14.342718124389648,2292034
2024-02-22,14.342718059920244,14.519425362350324,13.920585300887948,13.940218925476074,1402673
2024-02-25,13.940218458486138,15.677837710899562,13.449365689270236,14.72558307647705,8537695
2024-02-26,14.725583228867448,15.314606932513094,14.539059586575169,14.77466869354248,5535916
2024-02-27,14.774669092152354,16.68899477630677,14.774669092152354,15.795642852783203,9598812
2024-02-28,15.795642483559071,16.19814161013576,14.529242358761188,14.53905963897705,4149677
2024-02-29,14.539060042821179,14.971010085816147,13.979487225929814,14.166011810302734,4475544
2024-03-03,14.16601088356337,14.656863641150709,13.704609029287617,13.930400848388672,3153040
2024-03-04,13.930401178407253,15.304789493948192,14.028572106741377,14.72558307647705,4790595
2024-03-05,14.725583153265426,15.157533180487837,14.175827636936809,14.372169494628906,1123687
2024-03-06,14.37216982692871,14.971009885298804,13.508268816282214,13.596622467041016,3879187
2024-03-07,13.596621715566918,13.920584459625777,12.97814713066528,13.292292594909668,2501844
2024-03-10,13.292292952917524,14.872838532750878,13.351195697163469,14.72558307647705,3651248
2024-03-11,14.725583228867448,16.659542485508336,14.54887593052828,14.77466869354248,6648600
2024-03-12,14.774668940341087,15.196801696652054,14.126743417244239,14.352535247802734,1642486
2024-03-13,14.352534726737888,14.715765660249808,13.557353772252359,13.743877410888672,1082579
2024-03-14,13.743877517921439,14.431071206572039,12.821074725086751,13.969669342041016,2310670
2024-03-17,13.969669763945518,14.627412568494744,13.508268821706867,13.5377197265625,929937
2024-03-18,13.537719075948795,13.743877272485166,11.829551696777344,11.829551696777344,3597317
2024-03-19,11.829552024398433,12.644367553221153,11.829552024398433,12.565831184387207,2135530
2024-03-20,12.565831618722235,12.958513476464926,11.839369713784562,12.074978828430176,2399189
2024-03-21,12.07497800686153,12.398940751514019,11.878637091349013,12.241868019104004,2118209
2024-03-24,12.241868543771824,12.516745837270172,11.87863760044931,11.976807594299316,1129861
2024-03-25,11.976807038709541,12.673817988488803,11.878637049413522,12.477477073669434,2972866
2024-03-26,12.477477966673282,12.65418527077119,11.976807895880803,12.074978828430176,2621477
2024-03-27,12.074978287084988,12.290953767274557,11.289613670581662,11.584125518798828,2321573
2024-03-28,11.58412549538474,11.760831854975992,10.79876088046881,10.828211784362793,6103140
2024-03-31,10.828212372797188,11.02455330313903,9.86614134600846,10.386445045471191,3749712
2024-04-01,10.386445000654513,11.279796932025706,10.386445000654513,11.260163307189941,2697335
2024-04-02,11.260162605108343,11.397600779071496,10.671138917123177,10.720224380493164,3841896
2024-04-03,10.72022461297271,11.132541016258381,10.622053684103793,11.112906455993652,1334507
2024-04-04,11.112906455993652,11.338699217901217,10.906748254350816,11.112906455993652,1647724
2024-04-07,11.11290666335215,11.26016305940322,10.906748457862557,10.926383018493652,1352406
2024-04-08,10.92638286173204,11.073638319443043,10.808578308317763,10.936200141906738,818289
2024-04-15,10.936200284565725,11.88845400447646,10.97546846954939,11.682295799255371,5257767
2024-04-16,11.682295673345944,11.829552067618124,11.485954750543739,11.515405654907227,3095518
2024-04-17,11.515405377499599,12.320404545937157,11.505589033766492,12.173148155212402,3637964
2024-04-18,12.17314857966488,12.497111339836966,11.122723929181292,11.682295799255371,2655726
2024-04-21,11.682295156410554,12.664000663208999,11.682295156410554,11.721563339233398,1637203
2024-04-22,11.721563822644713,12.23205115662213,11.603759269317779,11.751015663146973,1649555
2024-04-23,11.751016048243754,11.770649672994647,10.406079516734975,10.739858627319336,3445055
2024-04-24,10.739858104320986,10.946016303416771,10.003578955582798,10.190103530883789,3397010
2024-04-28,10.190103530883789,10.190103530883789,10.190103530883789,10.190103530883789,0
2024-04-29,9.709068317825682,10.55333476172155,9.718884661885173,10.288273811340332,1496344
2024-04-30,10.288273297952392,10.69077334358278,9.62071418762207,9.62071418762207,2971673
2024-05-02,9.993762919553442,10.30790839976298,9.817055618821886,10.170469284057617,2035365
2024-05-07,10.170468839896127,10.347176132910578,9.895591556717134,10.023213386535645,2961015
2024-05-08,10.023214038860083,10.31772590097562,9.915226761782925,9.925043106079102,2059886
2024-05-09,9.92504232985213,10.003578695443709,9.650165050281608,9.797420501708984,2442890
2024-05-12,9.797420803083277,9.86614082726027,9.12986167502036,9.139678955078125,2309382
2024-05-13,9.139678585214178,9.40473858245589,8.56047219242836,9.39492130279541,3124836
2024-05-14,9.39492130279541,9.424373141776847,9.14949492864734,9.39492130279541,1368047
2024-05-15,9.394921433428081,9.650165090785693,9.1396787122978,9.62071418762207,1841645
2024-05-16,9.620714103770002,10.1901032198498,9.532360458821875,10.150835037231445,2211536
2024-05-19,10.150835549278316,10.710407413873632,10.033030995480742,10.700590133666992,1993502
2024-05-20,10.700590221115085,10.739858406035188,10.22937200207387,10.288273811340332,1057721
2024-05-21,10.288274081899965,10.543517758706678,10.131201338088884,10.504249572753906,1548191
2024-05-22,10.504248816792256,11.250345232427813,10.474797913504029,11.191442489624023,6138808
2024-05-23,11.191443033421768,11.43686942394617,10.89693211377439,10.926383018493652,2532085
2024-05-26,10.926383018493652,10.926383018493652,10.926383018493652,10.926383018493652,0
2024-05-27,11.171809380874846,11.240528470455805,10.798761155870226,11.044187545776367,1214358
2024-05-28,11.044186925665505,11.093272388136151,10.386444162749907,10.906747817993164,735511
2024-05-29,10.906748430387072,11.09327301100307,10.798761155870226,11.044187545776367,713684
2024-05-30,11.04418694707064,11.04418694707064,10.720224204854755,10.78894329071045,730676
2024-06-02,10.788943964487643,10.965651266269015,10.356993926633319,10.631871223449707,1128341
2024-06-03,10.631871402733674,11.328882405013667,10.60242049734928,11.201260566711426,3364868
2024-06-04,11.201260104730205,11.338699217901217,11.034370087389464,11.112906455993652,627362
2024-06-05,11.112906377386299,11.19144274543496,10.504249056895507,10.710407257080078,1441312
2024-06-06,10.710407413873632,10.847846528084487,10.671139229274441,10.700590133666992,623511
2024-06-09,10.700589638292081,10.700589638292081,9.915225982666016,9.915225982666016,1326425
2024-06-10,9.915225982666016,10.111566896572532,9.453824132815207,9.915225982666016,927200
2024-06-11,9.915226731850174,10.229372217837104,9.875958546101808,10.042847633361816,767369
2024-06-12,10.04284726854727,10.386444583534574,10.06248182882191,10.298090934753418,1006981
2024-06-13,10.298090778178448,10.406078985592362,10.160652603255066,10.307908058166504,776424
2024-06-23,10.307907966776694,10.78894344719838,10.406078893332172,10.779126167297363,1230491
2024-06-24,10.779126525130161,10.946016544078285,10.602420162182492,10.641688346862793,1702456
2024-06-25,10.641688071740006,11.260162666635672,10.43552987344145,11.240528106689453,3699730
2024-06-26,11.240527884213959,11.819734283980731,11.260162443771566,11.6626615524292,6395824
2024-06-27,11.662661755837256,11.731380843032747,11.319064447405115,11.417235374450684,3207138
2024-07-02,11.407418222623058,12.212416463019604,11.476137310590365,11.584125518798828,10513648
2024-07-03,11.584125395233299,12.565830921333962,11.593942675188869,12.290953636169434,10212386
2024-07-04,12.29095344070744,12.556013441701174,12.222233418338647,12.418574333190918,4929648
2024-07-07,12.418574847524432,12.742537604504905,12.271319389343262,12.271319389343262,6362469
2024-07-08,12.271319518492017,12.66400136859281,12.241868613791302,12.37930679321289,4088532
2024-07-09,12.37930688730005,12.840708766845836,12.281136892142415,12.66400146484375,7428543
2024-07-10,12.664001523215495,12.8799770115216,12.359673319728493,12.42839241027832,5600005
2024-07-14,12.42839243370575,12.536380646176054,12.290954252347023,12.369490623474121,1664512
2024-07-15,12.369490665646346,12.722904336923209,11.976807872444658,12.133880615234375,1699831
2024-07-16,12.133879922763073,12.467659950256348,12.07497811569211,12.467659950256348,1117721
2024-07-17,12.467660651597145,12.958513440527957,12.36949065554742,12.88979434967041,7929001
2024-07-18,12.889793761586281,13.449365615844727,12.909427385409503,13.449365615844727,12583293
2024-07-21,13.449366013104033,13.429732388700884,13.037049602136733,13.07631778717041,3405162
2024-07-22,13.076317559323806,13.351195785997346,12.624732971191406,12.624732971191406,9098506
2024-07-23,12.624732693099316,13.400280019088132,12.654184532883178,13.341378211975098,8982105
2024-07-24,13.3413789839739,13.547537193253554,12.683636170378216,12.771989822387695,11657827
2024-07-28,12.771989518425968,12.899611353154889,12.526563129230514,12.673818588256836,4213570
2024-07-29,12.673818483916278,12.762172133095627,12.369490288106709,12.448026657104492,4408341
2024-07-30,12.44802691376052,12.762172396228774,12.055344124447819,12.66400146484375,11206879
2024-07-31,12.664001177315956,12.84070847530602,12.428392070814118,12.565831184387207,4138516
2024-08-01,12.565831397228676,12.752355042311816,12.320405006408691,12.320405006408691,3670667
2024-08-04,12.320404964852125,12.12406404010387,11.692113069430327,11.800101280212402,3289022
2024-08-05,11.800101437589833,11.770649596314263,10.415895793141939,11.093273162841797,3670481
2024-08-06,11.093273304140089,11.966990676108198,11.112906929013159,11.839369773864746,2505505
2024-08-07,11.83936913340258,11.976807308761414,11.485954542531625,11.819734573364258,3782920
2024-08-08,11.819735061846583,12.025893269632231,11.564491388163896,11.790284156799316,1880518
2024-08-11,11.790283864577528,12.762172133095627,11.859002953393748,12.448026657104492,3986101
2024-08-12,12.448026841982369,12.732721417884456,12.320405006408691,12.320405006408691,4126178
2024-08-13,12.320404542858222,12.497110900965483,12.173148152170267,12.232050895690918,1586813
2024-08-14,12.232050898747774,12.47747728039502,12.124063627864832,12.173148155212402,2679913
2024-08-15,12.173148308086484,12.418574692815866,12.173148308086484,12.222233772277832,1874552
2024-08-18,12.22223346173537,12.526562583007449,12.173147998791183,12.182965278625488,1499314
2024-08-19,12.182965254626676,12.457842535854372,12.222233437659204,12.359672546386719,1501782
2024-08-20,12.359673202781734,13.046866910459984,12.271319552209443,12.958513259887695,10676621
2024-08-21,12.958513232069379,13.400280547755091,12.919245047035703,13.07631778717041,6266494
2024-08-22,13.07631770123931,13.537719574523447,12.958513146912432,13.48863410949707,8878267
2024-08-25,13.488634200335257,14.234730652324055,13.488634200335257,13.832231521606445,13513821
2024-08-26,13.832231714139281,14.126743574152885,13.645707130432129,13.645707130432129,6243782
2024-08-27,13.64570678581737,14.136559561368031,13.704609530823493,13.842048645019531,3123729
2024-08-28,13.842048994592792,14.077658108112718,13.606438944845474,13.645707130432129,3560906
2024-08-29,13.645706996371562,13.871499763447096,13.547537001483082,13.596622467041016,3352425
2024-09-01,13.596622132395591,14.872838588126774,13.54753666804577,14.431071281433105,5107246
2024-09-02,14.431070926009953,15.452044627185732,14.529241852291742,14.627411842346191,6449387
2024-09-03,14.627412016370515,14.912106582501947,14.529242025148124,14.617595672607422,2230665
2024-09-04,14.617596166005525,14.588144325040084,14.185645194119534,14.529242515563965,3048554
2024-09-05,14.529242666736986,15.11826544876372,14.529242666736986,14.578328132629395,4581495
2024-09-08,14.578328139079701,14.725583600594693,13.812597117765057,13.82241439819336,4479840
2024-09-09,13.822414058367132,14.283815928652464,13.665341320285496,13.959853172302246,3479563
2024-09-10,13.959853329186434,14.234730623918434,13.576987823639184,13.95003604888916,1823230
2024-09-11,13.950036205883832,14.08747532291027,13.64570706683507,13.940218925476074,2233811
2024-09-12,13.940218674822871,14.097291413613178,13.380646808825563,13.606438636779785,3478440
2024-09-16,13.606438372569714,13.81259657228565,13.351195645105461,13.390463829040527,2229285
2024-09-17,13.39046356533261,13.54753629797953,13.056683540344238,13.056683540344238,2282361
2024-09-18,13.056683727589709,13.94021832951304,13.095951911314582,13.743877410888672,5187611
2024-09-19,13.743877715418451,13.950035918598823,13.684974970412329,13.842048645019531,1810460
2024-09-22,13.842048136106888,14.20527906431265,13.842048136106888,13.989303588867188,2563527
2024-09-23,13.98930363019658,14.72558276862798,14.018754533590181,14.627411842346191,9400608
2024-09-24,14.61759619973911,14.705948914157183,14.33290162334118,14.352535247802734,1023591
2024-09-25,14.28381564275112,14.823753871269998,14.195461995291822,14.617595672607422,3063114
2024-09-26,14.61759619973911,14.705948914157183,14.33290162334118,14.352535247802734,1023591
2024-09-29,14.352534494516242,14.529241786532753,14.048206309629288,14.107108116149902,5721701
2024-09-30,14.107108941713472,14.352535334442434,13.979487105147125,13.99912166595459,2437241
2024-10-01,13.99912130914945,14.234730415469551,13.93040128430223,14.13655948638916,3955015
2024-10-02,14.136559755806601,14.372169802844372,13.547536978780633,13.655524253845215,4515370
2024-10-03,13.655523915275298,13.96966938856701,13.72424300350102,13.792963027954102,2273798
2024-10-07,13.792963132523067,14.558693197590545,13.743877667892264,14.018754959106445,3889271
2024-10-08,14.018754746552382,14.273998409780628,13.429731988595682,13.508268356323242,2876163
2024-10-09,13.50826830853943,13.999121073214026,13.547536492264303,13.743877410888672,1747395
2024-10-10,13.743878062512461,13.989304456485897,13.35119620664592,13.645707130432129,2478339
2024-10-13,13.645706888915075,13.645706888915075,12.56583133628124,12.614916801452637,3008704
2024-10-14,12.614916340388445,12.909427248197952,12.349855399887076,12.467659950256348,5478029
2024-10-15,12.467660200749997,12.968330252049105,12.624732937731514,12.860342979431152,2087663
2024-10-16,12.860343474397176,13.184306240947002,12.771989822387695,12.771989822387695,1761180
2024-10-17,12.77198936048406,12.889793913493788,12.624732967051374,12.683635711669922,1030236
2024-10-20,12.683635795723385,12.997781272497814,12.271319389343262,12.271319389343262,1376715
2024-10-21,12.271319691451552,12.467660619269298,11.937539646047686,12.369490623474121,2884714
2024-10-22,12.369490018149762,13.154853690987492,12.428391825498919,12.987963676452637,5011027
2024-10-23,12.987963770925562,13.105769258935473,12.546196467684139,12.575648307800293,4329982
2024-10-24,12.575648616560995,12.879976815414373,12.516745871109844,12.614916801452637,3314874
2024-10-27,12.614916747672666,12.91924494522863,12.664001276407427,12.850525856018066,1903391
2024-10-28,12.850526140603657,13.154854344899222,12.870159765286889,12.94869613647461,3231369
2024-10-29,12.94869604238745,13.076317878697026,12.595282374610667,12.66400146484375,2578047
2024-10-30,12.664001177315956,12.801440290889047,12.51674571980915,12.565831184387207,674663
2024-10-31,12.565831408707947,12.98796416466933,12.585465033153243,12.958513259887695,2051249
2024-11-03,12.958512674071958,13.645706350684232,13.007598137307264,13.635890007019043,6958515
2024-11-04,13.635890270316413,14.3329012402799,13.743877542537357,13.8518648147583,9454886
2024-11-05,13.851864682075238,14.13655924813741,13.65552376345087,13.743877410888672,1998962
2024-11-06,13.74387775968281,14.813936963625922,13.940218683289947,14.36235237121582,9389313
2024-11-07,14.362352677430444,15.118265483491312,14.440889048547744,15.098631858825684,9614517
2024-11-10,15.09863170727272,15.314607193791133,14.794302570077345,15.049546241760254,3919455
2024-11-11,15.049545621547965,15.226252915619535,14.833570143930196,14.971009254455566,5790713
2024-11-12,14.97100969341847,15.452045190020625,15.010277878116046,15.118265151977539,10813856
2024-11-13,15.118264624764127,15.206618271309393,14.509607315063477,14.509607315063477,6711982
2024-11-14,14.509607932370473,14.912107062665486,14.51942521267703,14.588144302368164,5542465
2024-11-17,14.58814396405475,14.92192399691794,14.4801566918691,14.72558307647705,2253156
2024-11-18,14.725583440863332,14.902290741746455,14.381986119418903,14.529242515563965,2632099
2024-11-19,14.529242080472144,14.715765719864073,14.087474777720859,14.264181137084961,1675385
2024-11-20,14.264181319702722,14.431071337402969,13.910767660222572,14.13655948638916,2222162
2024-11-21,14.13655994180266,14.921924591064453,14.14637722227244,14.921924591064453,7427184
2024-11-24,14.921924151340207,15.21643600316303,14.725583228867448,14.77466869354248,3872005
2024-11-25,14.77466890624502,14.9219243661627,14.411437960384344,14.529242515563965,1639061
2024-11-26,14.529241872220881,14.843387338789764,14.539059152107994,14.568510055541992,1780818
2024-11-27,14.568510232916484,14.784485711925804,14.43107112150558,14.499791145324707,3503536
2024-11-28,14.499791200157071,15.186984887355578,14.381985712086603,15.020094871520996,5440384
2024-12-01,15.020095396535039,15.70728910775379,15.098631767175617,15.510948181152344,11636525
2024-12-02,15.510947820035085,16.1686896747799,15.41277689090623,15.70728874206543,6378183
2024-12-03,15.707288948893494,15.864361688586047,15.50113074399017,15.52076530456543,1849962
2024-12-04,15.520764427626675,17.67069906909296,15.805458986290745,17.032590866088867,21030098
2024-12-05,17.032591898034383,17.327102818047464,16.738079105566538,17.317285537719727,4361017
2024-12-08,17.317285768551486,18.053564950853232,17.336920329468683,17.768871307373047,6384967
2024-12-09,17.768870386104336,17.90630856048932,16.74789574080244,17.47435760498047,3204072
2024-12-10,17.474357804517904,18.16155242919922,17.19948145260915,18.16155242919922,7516379
2024-12-11,18.16155202765214,19.62429302031983,18.063381101660383,18.65240478515625,18484513
2024-12-12,18.652404475386774,18.986184494742698,18.38734354134743,18.55423355102539,2783913
2024-12-15,18.55423355102539,18.799659925701533,18.308807176349248,18.55423355102539,3149086
2024-12-16,18.554235318633662,19.61447728334259,18.44624897675777,19.143259048461914,4439802
2024-12-17,19.143258772444145,20.026793418219842,19.290514234664297,19.62429428100586,9420687
2024-12-18,19.624293454207724,20.596181710859497,18.16155242919922,18.16155242919922,21690796
2024-12-19,18.161552071379575,18.75057575629363,17.925942971904885,18.41679573059082,11517849
2024-12-22,18.4167963487678,19.07453914238289,18.377527227976575,18.495332717895508,5870161
2024-12-23,18.49533277139472,18.652405510104487,17.86704181655567,18.259723663330078,5457382
2024-12-24,18.25972423097961,18.554235157102344,17.88667506060569,18.456064224243164,2586314
2024-12-25,18.456063134481667,18.652404988606772,18.357894079873805,18.406978607177734,2612598
2024-12-26,18.406978501588956,18.554233955110732,17.994662108255177,18.06338119506836,4441246
2024-12-29,18.06338236526125,18.456064224243164,17.98484599346487,18.456064224243164,4761277
2024-12-30,18.456063237889676,18.456063237889676,17.768870489510896,17.817955017089844,3617948
2024-12-31,17.81795511685856,18.25972335736151,17.837589676981963,18.16155242919922,1630957
2025-01-02,18.161553034591552,18.5444176074866,18.210637564081512,18.357894897460938,3132185
2025-01-05,18.357894949900924,19.045087726997217,18.406979479531095,18.70149040222168,4736563
2025-01-06,18.701489923388277,18.89783178179138,18.57386902614457,18.84874725341797,1999018
2025-01-08,18.848746842731877,18.937100489842706,18.36770948737084,18.406978607177734,1315125
2025-01-09,18.40697818301745,18.573868193441662,18.06338088244353,18.08301544189453,1748624
2025-01-12,18.08301544521046,18.07319816548316,17.670699058937075,17.9652099609375,4991042
2025-01-13,17.965211118541546,18.063382049685632,16.993322832370094,17.081676483154297,4993326
2025-01-14,17.08167694072114,17.454726114570587,16.394484149214236,17.17003059387207,4575456
2025-01-15,17.170030436752132,17.37618958303605,16.639910395152402,17.179847717285156,3494311
2025-01-16,17.179847081938426,18.063381700232885,17.454725309333146,18.033931732177734,4898821
2025-01-19,17.17984781758052,18.259724340605114,17.454726056745542,18.102651596069336,8896341
2025-01-20,17.670700375241857,17.90630948888384,17.484175791438073,17.768871307373047,1642564
2025-01-21,17.76887006811208,17.808137314753054,17.425272765843943,17.49399185180664,1923013
2025-01-22,17.493993350377032,17.670700656535153,17.2485669523696,17.2878360748291,4469108
2025-01-23,17.287835467052602,17.43509092618914,17.091493606567383,17.091493606567383,1399023
2025-01-26,17.091493763514183,17.376189276586558,17.081676483154297,17.081676483154297,1148094
2025-01-27,17.081676013124312,17.474357854440616,17.052226045309787,17.111127853393555,2783108
2025-01-28,17.111128001443543,18.083016269280947,17.091493441094165,17.916126251220703,6446765
2025-01-29,17.916126251220703,18.259723567515884,17.827772602103234,17.916126251220703,3805697
2025-01-30,17.916126153533042,18.033931642532245,17.572528839111328,17.572528839111328,1353768
2025-02-02,17.572528374694212,17.82777203373448,17.317284715653944,17.484174728393555,2022209
2025-02-03,17.48417465963324,17.552893745940235,16.934420096722594,17.02277374267578,2526418
2025-02-04,17.022774309563935,17.49399252203688,17.003139749263884,17.3369197845459,1180224
2025-02-05,17.336919120333434,17.82777187430087,17.376188239429066,17.49399185180664,2284650
2025-02-06,17.49399247059677,17.660882487747045,17.327102453446493,17.572528839111328,1290480
2025-02-09,17.572529368194395,17.76887123161972,17.179847513798528,17.30746841430664,3598643
2025-02-10,17.30746846110817,17.513627605507715,17.07185934783353,17.189664840698242,1804545
2025-02-11,17.18966363954187,17.278017284902848,16.747895412736973,16.796981811523438,3015108
2025-02-12,16.796982073092643,17.1798466273159,16.198141105754992,17.130762100219727,1709964
2025-02-13,17.130762100219727,17.258382994142583,16.993322053932015,17.130762100219727,1377600
2025-02-16,17.130761821241332,17.817954551670066,17.189663627288446,17.72960090637207,2536471
2025-02-17,17.729601208186182,18.10265035522924,17.75905304793843,17.94557762145996,1609149
2025-02-18,17.94557891404537,18.083017097879228,17.778688888337907,17.867042541503906,2006592
2025-02-19,17.867041706311923,19.005819991158557,17.867041706311923,18.84874725341797,10339855
2025-02-20,18.848747986291862,20.321306364206702,18.848747986291862,19.732282638549805,14387286
2025-02-23,19.732281357188167,20.713986878715392,19.48685497680636,19.693012237548828,6021373
2025-02-24,19.693013123381366,21.64660697440268,19.71264768408424,20.80234146118164,13537835
2025-02-25,20.802340739970226,22.353435405080482,20.321305254155842,20.380207061767578,13451656
2025-02-26,20.38020670933324,21.155753092249515,20.370389429491937,20.51764488220215,6428132
2025-02-27,20.517646075175882,21.76441260069311,20.527463355588,21.60733985900879,6469509
2025-03-02,21.607339842652294,22.579228133258866,21.626974403461666,22.304349899291992,5627561
2025-03-03,22.30434853943452,22.579226756642544,21.89203214984982,22.039289474487305,3461624
2025-03-04,22.039289849317164,23.060262624609482,21.79386346735352,22.481056213378906,3433603
2025-03-05,22.48105611484479,23.531480725452443,22.589044321620985,23.070079803466797,3913985
2025-03-06,23.070080837049783,23.41367816017765,22.382886190794054,22.775569915771484,4297505
2025-03-09,22.77556975998314,24.248128101211666,22.382886037691723,23.364591598510742,7098771
2025-03-10,23.36459217914615,23.73764135010272,22.824654856259567,22.981727600097656,3301182
2025-03-11,22.98172745543319,23.246788411162022,22.579228317824867,22.87373924255371,3190154
2025-03-12,22.873737583462763,24.788064072713595,22.971908508736718,24.25794219970703,8498004
2025-03-13,24.257942265397137,25.328001421626176,24.493553235674526,24.837148666381836,4084416
2025-03-16,24.837149695048865,25.229833413471642,23.894713264725578,24.542638778686523,3487322
2025-03-17,24.542638213800547,25.04330825805664,24.051785449524537,25.04330825805664,3035338
2025-03-18,25.043308061249363,26.996901823020657,25.082575308406412,25.170928955078125,6293333
2025-03-19,25.170929462621665,25.475259528385017,24.326663970947266,24.326663970947266,3921209
2025-03-20,24.326664542593022,25.12184552490345,24.336481822924604,24.52300453186035,3734396
2025-03-23,24.523003604803574,24.73898001902415,24.149956328579826,24.346296310424805,1757186
2025-03-24,24.34629672614369,24.513186743411694,23.462762111617984,23.855443954467773,2788314
2025-03-25,23.85544468755872,24.199042012781746,23.364591900798626,23.4627628326416,2236476
2025-03-26,23.4627628326416,23.875079248418274,23.31550737110453,23.4627628326416,1719668
2025-03-27,23.462761638396568,23.855443473326343,23.020995276271083,23.070079803466797,3213046
2025-04-03,23.07008085445482,24.100870952161316,22.589045350694803,24.051786422729492,2176009
2025-04-06,24.051785759303883,23.659103917316394,22.18654560552228,22.579227447509766,4734856
2025-04-07,22.579227907921897,22.962092477609833,21.106669566100905,22.66758155822754,6750560
2025-04-08,22.66758089690478,23.168250943211525,22.687215456945367,22.70684814453125,2181931
2025-04-09,22.706849446358298,22.775570410440256,21.204841093779756,21.352096557617188,3534095
2025-04-10,21.352095329458994,22.57922724494514,21.892032623291016,21.892032623291016,5239328
2025-04-13,21.892032265735743,22.382885023913268,21.685875006079424,22.147275924682617,2769848
2025-04-14,22.1472762864067,22.451606349614654,21.813496255598093,21.892032623291016,3490634
2025-04-15,21.89203341768152,23.060263567902915,21.941119819554974,22.657764434814453,7507014
2025-04-16,22.657763197362623,22.932641415477196,22.21599496690253,22.382884979248047,3411131
2025-04-17,22.382885891841156,22.77556961157378,22.294532242146794,22.677398681640625,2195431
2025-04-22,22.677397757039664,22.87373773644607,22.255264086256616,22.382884979248047,1301178
2025-04-23,22.382886453035777,23.050446546372932,22.441790135945382,22.87373924255371,3430409
2025-04-27,22.87373939470342,23.757275919676573,22.971910327750972,23.678739547729492,6437196
2025-04-28,23.678738069224195,23.884895330542225,23.51184805520045,23.76708984375,5059047
2025-04-29,23.76709072865016,24.051786240065958,23.364591598510742,23.364591598510742,2134502
2025-04-30,23.364590309113435,23.86526034219575,23.266421256412894,23.560932159423828,1973865
2025-05-04,23.560932638135498,24.640809091874313,23.66892084524579,24.346296310424805,5983951
2025-05-05,24.346296509020842,24.788064748571326,24.19904105332225,24.21867561340332,3818283
2025-05-06,24.218676074528737,24.542638832215797,24.199041514073826,24.307029724121094,4043699
2025-05-07,24.30702974742402,24.405200677337948,23.099532365110527,23.374408721923828,4735923
2025-05-08,23.374409312556576,23.36459203207164,22.510509226885127,22.87373924255371,3590096
2025-05-11,22.87373941367878,23.070081279936762,22.225813876464176,22.284717559814453,2707263
2025-05-12,22.28471725748071,22.549776339141715,22.058923552610903,22.186546325683594,1970735
2025-05-13,22.18654490998184,22.971908569335938,22.235629436520973,22.971908569335938,4124737
2025-05-14,22.971908765880904,23.364590598917694,22.70684782641057,22.844287872314453,3185144
2025-05-15,22.844288700790564,23.011178719940506,22.579227751707467,22.677398681640625,1213971
2025-05-18,22.67739889457208,23.070080745537076,22.333801572807168,22.43197250366211,2472423
2025-05-19,22.431971891754383,22.579227347792525,22.098191859425423,22.23563003540039,1842623
2025-05-20,22.235629831415263,22.579227140655306,22.284716231280807,22.481056213378906,930549
2025-05-21,22.481055905178586,22.7264822837776,22.382884979248047,22.382884979248047,7447852
2025-05-22,22.38288569280171,22.471239341710394,22.039290249773202,22.108009338378906,2362547
2025-05-25,22.108009433526284,22.539958527322476,22.108009433526284,22.45160675048828,1652572
2025-05-26,22.451607153383442,23.138799927184404,22.490874402408323,22.775569915771484,9159234
2025-05-27,22.7755692046842,23.109349237021043,22.785384612292887,23.050445556640625,4465777
2025-05-28,23.050444888415885,23.3253231048584,22.94245855575837,23.3253231048584,9579780
2025-05-29,23.325324349754457,23.610017988715498,23.217336138878842,23.364591598510742,6008781
2025-06-01,23.364591812989914,23.560933675937974,22.87373902807454,23.119165420532227,1854529
2025-06-02,23.119164115045084,23.266421440168227,22.255264086256616,22.382884979248047,3852630
2025-06-03,22.38288533382062,22.579227188791997,22.117826263800374,22.245447158813477,5462670
2025-06-04,22.24544715233107,22.382885327298165,22.137458944882813,22.363252639770508,1456065
2025-06-10,22.36325371482951,22.62831279751459,22.2650827826531,22.53014373779297,2234090
2025-06-11,22.530143787854993,22.87373924255371,22.382886453035777,22.87373924255371,5372863
2025-06-12,22.87373921665053,23.001361990355353,22.294532775878906,22.294532775878906,1976856
2025-06-15,22.294531137029306,21.401179276584163,19.192341888624366,19.83045196533203,9505629
2025-06-16,19.830452863797458,20.22313470940187,19.133440949451735,19.19234275817871,6075853
2025-06-17,19.192342272543264,19.57520870071756,18.456063128494986,18.524784088134766,4326874
2025-06-18,18.52478520986532,19.03527069091797,18.03393241744388,19.03527069091797,2502420
2025-06-19,19.035269336823962,19.14325754266036,18.35789387963565,18.65240478515625,2910333
2025-06-22,18.652405958124653,19.143258746496354,17.768871313546548,19.045087814331055,4680269
2025-06-23,19.04508760087445,19.634111314809694,19.04508760087445,19.29051399230957,4167277
2025-06-24,19.29051437167614,21.077218236868312,19.84026897501493,21.008499145507812,13057996
2025-06-25,21.008499145507812,21.40118100503552,20.664901816250516,21.008499145507812,3772147
2025-06-29,21.00849898844925,21.56807086814975,20.91032805618754,21.0183162689209,5569915
2025-06-30,21.018315294406655,21.14593806216608,20.370389792957166,21.07721710205078,4899553
2025-07-01,21.077217512670774,21.077217512670774,20.547097488636602,20.70417022705078,2922652
2025-07-02,20.704169624577354,21.401179646951046,20.625633257655604,21.322643280029297,6816132
2025-07-06,21.322643741989065,21.882217474941342,21.303011054174295,21.41099739074707,5535981
2025-07-07,21.41099696781419,21.69569246873409,21.11648605940815,21.2048397064209,3195607
2025-07-09,21.204840220345172,21.303011149678035,20.861242903907513,21.057584762573242,2294286
2025-07-10,21.057584762573242,21.293193869499277,21.00849836167944,21.057584762573242,1959804
2025-07-13,21.0575854509828,21.489534558241004,20.78270721435547,20.78270721435547,1326837
2025-07-14,20.782706239704254,21.136120831300257,20.723804431923156,20.84160804748535,1698556
2025-07-15,20.841608821006098,21.02813340376612,20.81215885224989,20.910327911376953,2584306
2025-07-16,20.910326708834603,21.057584033966062,20.63545036315918,20.63545036315918,3043800
2025-07-17,20.635450931347705,21.008498213230915,20.605999091019537,20.949596405029297,2713110
2025-07-20,20.949596210975912,21.99020355102085,21.02813257866884,21.892032623291016,7203329
2025-07-21,21.89203200144843,22.25526386199481,21.79386294896179,21.813495635986328,4828235
2025-07-22,21.813497349803182,21.960754685011985,21.283377309397817,21.361913681030273,2025673
2025-07-23,21.361913681030273,21.361913681030273,21.361913681030273,21.361913681030273,0
2025-07-27,22.186545351303945,22.775569043763372,22.186545351303945,22.245447158813477,4351684
2025-07-28,22.24544826786719,22.43197285214377,21.597522735595703,21.597522735595703,3759461
2025-07-29,21.597522311740452,22.28471695245955,21.312826800671044,22.088375091552734,3970079
2025-07-30,22.088374049628364,22.422154073952456,21.430631280807912,21.685874938964844,3526633
2025-07-31,21.685875961903044,22.127644212716,21.548437782741125,22.088375091552734,1577414
2025-08-03,22.088375091552734,22.088375091552734,22.088375091552734,22.088375091552734,0
2025-08-04,22.088375091552734,22.088375091552734,22.088375091552734,22.088375091552734,0
2025-08-05,22.088375091552734,22.088375091552734,22.088375091552734,22.088375091552734,0
2025-08-06,22.088375091552734,22.088375091552734,22.088375091552734,22.088375091552734,0
2025-08-07,22.088375091552734,22.088375091552734,22.088375091552734,22.088375091552734,0
2025-08-10,21.793863080304792,23.011177688530974,21.901849413181818,22.971908569335938,7933210
2025-08-11,22.971909598985345,23.354776038479176,22.520325942729475,22.677398681640625,3697435
2025-08-12,22.677398014610333,23.16825077738348,22.716665261955747,22.834470748901367,3012280
2025-08-13,22.834470489546657,23.06026230846863,22.29453133315603,22.382884979248047,2691033
2025-08-14,22.382885582530967,22.805019264691726,22.304349214160688,22.697032928466797,1980117
2025-08-17,22.697032730172072,23.001360920891265,22.58904452243587,22.82465362548828,1473272
2025-08-18,22.824654333338167,23.502031695905213,22.83447161365998,23.246788024902344,3538424
2025-08-19,23.246787770825897,23.698371425965156,23.168251401564515,23.610017776489258,4290563
2025-08-20,23.610017716083767,23.757275046470003,23.07989769303942,23.266422271728516,1700265
2025-08-21,23.26642305726737,23.560933983073873,23.099533033322405,23.217336654663086,1578438
2025-08-24,23.21733656970722,23.413678434496312,22.765752902129027,22.87373924255371,2833028
2025-08-25,22.873737844722957,23.011177890658175,22.628311464962174,22.726482391357422,1008713
2025-08-26,22.726483513921917,22.9522753450656,22.392703471163966,22.775569915771484,1932387
2025-08-27,22.77556982542702,22.873738883827194,22.38288610200726,22.43197250366211,1762889
2025-08-28,22.431972902088273,22.903191131615824,22.44179018259361,22.755935668945312,1127391
2025-08-31,22.7559345403679,23.06026273112115,21.892032623291016,21.892032623291016,1532079
2025-09-01,21.892033827298494,22.333802090151547,21.88221841919492,22.284717559814453,1382772
2025-09-02,22.284716334210348,22.382885389485477,21.754594447942072,21.892032623291016,1232155
2025-09-03,21.89203323911148,22.039290571075917,21.273559560188936,21.39136505126953,4493373
2025-09-07,21.39136387973107,22.009837524781737,21.40117928703337,21.69569206237793,6511379
2025-09-08,21.695692375348898,22.049105089424007,21.52880236198257,21.676057815551758,3436390
2025-09-09,21.67605910700877,21.99020459266103,21.303011810910405,21.597522735595703,1645460
2025-09-10,21.597522126557312,21.744777584747435,21.352095738755523,21.401180267333984,1412529
2025-09-11,21.401179791161855,21.695692573443992,21.450266191102894,21.548437118530273,486610
2025-09-14,21.548438048990864,21.734960759456758,21.460084397736587,21.60733985900879,522174
2025-09-15,21.607340016079185,21.94112006269841,21.49935180321567,21.597522735595703,2146887
2025-09-16,21.59752255999507,21.734960740736785,20.910327911376953,20.910327911376953,1917118
2025-09-17,20.910328351198814,21.057585687896335,20.390025586044274,20.419475555419922,2909247
2025-09-18,20.419475095749775,20.615816958623334,20.154416015061674,20.33112144470215,1310881
2025-09-21,20.331120818008316,20.615816323153943,20.18386536161959,20.370389938354492,1625096
2025-09-22,20.3703898887804,20.615816272982574,20.00715801628111,20.605998992919922,1284326
2025-09-23,20.989999771118164,20.899999618530273,20.549999237060547,20.549999237060547,797572
2025-09-24,20.549999237060547,21.399999618530273,20.600000381469727,20.899999618530273,2995274
2025-09-25,20.899999618530273,21.1200008392334,20.799999237060547,21.0,1836389
2025-09-28,21.0,21.399999618530273,21.0,21.3799991607666,1045433
2025-09-29,21.3799991607666,21.520000457763672,21.209999084472656,21.450000762939453,1842957
2025-09-30,21.450000762939453,22.0,21.3799991607666,21.5,9779861
2025-10-01,21.5,21.700000762939453,21.25,21.350000381469727,2769029
2025-10-02,21.350000381469727,21.670000076293945,21.200000762939453,21.290000915527344,1334165
2025-10-05,21.290000915527344,21.729999542236328,21.290000915527344,21.690000534057617,962605
2025-10-06,21.690000534057617,21.940000534057617,21.399999618530273,21.5,2436892
2025-10-07,21.5,21.68000030517578,21.209999084472656,21.309999465942383,1204746
2025-10-08,21.309999465942383,21.489999771118164,21.1200008392334,21.399999618530273,2557782
2025-10-12,21.399999618530273,21.899999618530273,21.15999984741211,21.799999237060547,2919718
2025-10-13,21.799999237060547,22.299999237060547,21.729999542236328,22.209999084472656,5680746
2025-10-14,22.209999084472656,22.979999542236328,22.149999618530273,22.969999313354492,10852942
2025-10-15,22.969999313354492,23.25,22.75,22.809999465942383,6144073
2025-10-16,22.809999465942383,22.940000534057617,22.600000381469727,22.799999237060547,3343033
2025-10-19,22.799999237060547,23.190000534057617,22.799999237060547,22.959999084472656,3029638
2025-10-20,22.959999084472656,23.190000534057617,22.690000534057617,22.989999771118164,4134051
2025-10-21,22.989999771118164,23.18000030517578,22.649999618530273,22.65999984741211,2732166
2025-10-22,22.65999984741211,22.709999084472656,22.450000762939453,22.510000228881836,1531699
2025-10-23,22.510000228881836,23.0,22.450000762939453,22.989999771118164,2584622
2025-10-26,22.989999771118164,24.100000381469727,23.0,23.899999618530273,9932146
2025-10-27,23.899999618530273,24.729999542236328,23.950000762939453,24.579999923706055,7328299
2025-10-28,24.579999923706055,24.899999618530273,24.110000610351562,24.549999237060547,4888563
2025-10-29,24.549999237060547,24.899999618530273,24.229999542236328,24.790000915527344,3770577
2025-10-30,24.790000915527344,24.950000762939453,24.649999618530273,24.739999771118164,1758363
2025-11-02,24.739999771118164,25.850000381469727,24.799999237060547,25.010000228881836,7137235
2025-11-03,25.010000228881836,25.299999237060547,24.25,25.280000686645508,3564081
2025-11-04,25.280000686645508,26.489999771118164,25.25,26.399999618530273,10356613
2025-11-05,26.399999618530273,26.790000915527344,25.709999084472656,26.0,4909335
2025-11-06,26.0,26.600000381469727,25.6299991607666,25.75,3099393
2025-11-09,25.75,26.5,25.360000610351562,26.5,2758729
2025-11-10,26.5,27.139999389648438,26.510000228881836,26.799999237060547,7252423
2025-11-11,26.799999237060547,26.889999389648438,25.639999389648438,25.65999984741211,4188242
2025-11-12,25.65999984741211,26.290000915527344,25.5,25.610000610351562,1731809
2025-11-13,25.610000610351562,26.0,24.770000457763672,25.020000457763672,2372908
2025-11-16,25.020000457763672,25.5,24.700000762939453,24.770000457763672,1971813
2025-11-17,24.770000457763672,25.700000762939453,24.799999237060547,25.450000762939453,3480993
2025-11-18,25.450000762939453,25.799999237060547,24.719999313354492,25.18000030517578,2771543
2025-11-19,25.18000030517578,25.399999618530273,24.93000030517578,25.399999618530273,1552194
2025-11-20,25.399999618530273,25.700000762939453,24.899999618530273,24.899999618530273,1475041
2025-11-23,24.899999618530273,25.5,24.850000381469727,25.389999389648438,1966810
2025-11-24,25.389999389648438,25.469999313354492,24.700000762939453,24.989999771118164,3605033
2025-11-25,24.989999771118164,26.0,24.81999969482422,25.899999618530273,6182587
2025-11-26,25.899999618530273,26.0,25.059999465942383,25.059999465942383,1571881
2025-11-27,25.059999465942383,25.399999618530273,24.950000762939453,25.010000228881836,800996
2025-11-30,25.010000228881836,25.360000610351562,24.899999618530273,25.200000762939453,1833565
2025-12-01,25.200000762939453,25.979999542236328,25.030000686645508,25.200000762939453,3977405
2025-12-02,25.200000762939453,25.579999923706055,25.200000762939453,25.200000762939453,558192
2025-12-03,25.200000762939453,25.469999313354492,24.899999618530273,25.040000915527344,2234371
2025-12-04,25.040000915527344,25.290000915527344,24.8700008392334,24.899999618530273,1402760
2025-12-07,24.899999618530273,25.450000762939453,24.950000762939453,25.219999313354492,2386119
2025-12-08,25.219999313354492,25.899999618530273,25.25,25.420000076293945,4970477
2025-12-09,25.420000076293945,25.690000534057617,25.110000610351562,25.610000610351562,1788903
2025-12-10,25.610000610351562,25.729999542236328,25.40999984741211,25.459999084472656,842188
2025-12-11,25.459999084472656,25.719999313354492,25.440000534057617,25.690000534057617,1242402
2025-12-14,25.690000534057617,26.0,25.459999084472656,25.81999969482422,1333283
2025-12-15,25.81999969482422,26.239999771118164,25.649999618530273,26.0,4486585
2025-12-16,26.0,26.5,25.899999618530273,26.190000534057617,3123696
2025-12-17,26.190000534057617,26.3799991607666,25.25,25.299999237060547,1575865
2025-12-18,25.299999237060547,25.600000381469727,25.0,25.299999237060547,2315761
2025-12-21,25.299999237060547,25.479999542236328,25.0,25.479999542236328,1508155
2025-12-22,25.479999542236328,25.540000915527344,25.100000381469727,25.399999618530273,662235
2025-12-23,25.399999618530273,25.399999618530273,25.0,25.31999969482422,1366730
2025-12-24,25.31999969482422,25.489999771118164,25.149999618530273,25.309999465942383,720684
2025-12-25,25.309999465942383,25.450000762939453,25.100000381469727,25.40999984741211,689297
2025-12-28,25.40999984741211,25.469999313354492,25.1299991607666,25.389999389648438,897288
2025-12-29,25.389999389648438,25.90999984741211,25.18000030517578,25.219999313354492,3340990
2025-12-30,25.219999313354492,25.3799991607666,25.149999618530273,25.299999237060547,1054398
2025-12-31,25.299999237060547,25.440000534057617,25.1299991607666,25.399999618530273,1141999
2026-01-04,25.399999618530273,25.649999618530273,24.0,24.059999465942383,3792841
2026-01-05,24.059999465942383,24.270000457763672,23.040000915527344,23.049999237060547,4412543
2026-01-06,23.049999237060547,23.920000076293945,23.18000030517578,23.790000915527344,1577644
2026-01-08,23.790000915527344,23.979999542236328,23.280000686645508,23.299999237060547,3026754
2026-01-11,23.299999237060547,23.899999618530273,23.290000915527344,23.799999237060547,3523616
2026-01-12,23.799999237060547,24.350000381469727,23.799999237060547,23.809999465942383,5385419
2026-01-13,23.809999465942383,24.09000015258789,23.0,23.100000381469727,3254842
2026-01-14,23.100000381469727,23.299999237060547,22.700000762939453,23.0,2231248
2026-01-15,23.0,23.149999618530273,22.200000762939453,22.989999771118164,1715122
2026-01-18,22.989999771118164,23.34000015258789,22.729999542236328,22.899999618530273,2253011
2026-01-19,22.899999618530273,23.540000915527344,22.959999084472656,23.280000686645508,3857318
2026-01-20,23.280000686645508,23.899999618530273,23.309999465942383,23.799999237060547,3589013
2026-01-21,23.799999237060547,23.899999618530273,23.270000457763672,23.489999771118164,2781947
2026-01-22,23.489999771118164,23.790000915527344,23.40999984741211,23.469999313354492,1093167
2026-01-25,23.469999313354492,23.8799991607666,23.5,23.649999618530273,1703770
2026-01-26,23.649999618530273,23.799999237060547,23.309999465942383,23.610000610351562,2922787
2026-01-27,23.610000610351562,23.780000686645508,23.399999618530273,23.700000762939453,2853165
2026-01-28,23.700000762939453,24.5,23.510000228881836,24.010000228881836,10040252
2026-02-01,24.010000228881836,24.3799991607666,23.899999618530273,24.18000030517578,1901752
2026-02-02,24.18000030517578,24.700000762939453,24.0,24.40999984741211,5340024
2026-02-03,24.40999984741211,24.68000030517578,24.329999923706055,24.459999084472656,2214056
2026-02-04,24.459999084472656,24.600000381469727,24.200000762939453,24.350000381469727,2555499
2026-02-05,24.350000381469727,24.389999389648438,23.959999084472656,24.200000762939453,3278113
2026-02-08,24.200000762939453,24.510000228881836,24.25,24.5,1661749
2026-02-09,24.5,25.549999237060547,24.649999618530273,24.93000030517578,8721687
2026-02-10,24.93000030517578,25.299999237060547,24.81999969482422,25.040000915527344,2812991
2026-02-11,25.040000915527344,26.399999618530273,25.010000228881836,26.079999923706055,14970285
2026-02-12,26.079999923706055,26.09000015258789,25.75,25.90999984741211,2274343
2026-02-15,25.90999984741211,26.889999389648438,26.0,26.200000762939453,7042571
2026-02-16,26.200000762939453,26.719999313354492,25.709999084472656,25.780000686645508,4998968
2026-02-17,25.780000686645508,27.31999969482422,25.450000762939453,27.31999969482422,12852392
2026-02-18,27.31999969482422,29.280000686645508,27.5,27.969999313354492,17149813
2026-02-19,27.969999313354492,28.190000534057617,26.809999465942383,27.139999389648438,2890089
2026-02-22,27.139999389648438,27.389999389648438,25.799999237060547,26.389999389648438,2859145
2026-02-23,26.389999389648438,27.149999618530273,26.059999465942383,26.790000915527344,3213615
2026-02-24,26.790000915527344,27.040000915527344,26.399999618530273,26.469999313354492,3199345
2026-02-25,26.469999313354492,26.690000534057617,25.0,26.0,3039873
2026-02-26,26.0,25.899999618530273,25.170000076293945,25.899999618530273,1222487
2026-03-01,25.899999618530273,25.100000381469727,24.010000228881836,24.93000030517578,2326423
2026-03-02,24.93000030517578,25.100000381469727,24.0,24.790000915527344,1765559
2026-03-03,24.790000915527344,24.969999313354492,23.600000381469727,23.93000030517578,4259374
2026-03-04,23.93000030517578,24.09000015258789,23.0,23.600000381469727,6447375
2026-03-05,23.600000381469727,25.469999313354492,24.399999618530273,24.610000610351562,11146264
2026-03-08,24.610000610351562,24.989999771118164,24.100000381469727,24.200000762939453,4426688
2026-03-09,24.200000762939453,25.059999465942383,23.829999923706055,25.020000457763672,8872210
2026-03-10,25.020000457763672,25.899999618530273,25.299999237060547,25.3700008392334,5200939
2026-03-11,25.3700008392334,25.690000534057617,25.030000686645508,25.43000030517578,1705622
2026-03-12,25.43000030517578,26.100000381469727,25.399999618530273,25.690000534057617,6333785
2026-03-15,25.690000534057617,25.8799991607666,25.100000381469727,25.149999618530273,3013034
2026-03-16,25.149999618530273,25.389999389648438,24.31999969482422,24.549999237060547,2501001
2026-03-17,24.549999237060547,25.290000915527344,24.549999237060547,25.0,3352934
2026-03-18,25.0,25.389999389648438,25.0,25.100000381469727,2558179
2026-03-19,25.100000381469727,25.100000381469727,25.100000381469727,25.100000381469727,0
2026-03-24,25.100000381469727,26.06999969482422,25.200000762939453,25.450000762939453,4723671
2026-03-25,25.450000762939453,26.229999542236328,25.549999237060547,25.850000381469727,5385831
2026-03-26,25.850000381469727,25.969999313354492,25.260000228881836,25.260000228881836,4234527
2026-03-29,25.260000228881836,25.299999237060547,24.5,24.6200008392334,4804424
2026-03-30,24.6200008392334,24.8700008392334,24.200000762939453,24.299999237060547,2881460
2026-03-31,24.299999237060547,24.59000015258789,24.0,24.170000076293945,2500876
2026-04-01,24.170000076293945,25.079999923706055,24.329999923706055,25.0,4315896
2026-04-02,25.0,24.979999542236328,24.549999237060547,24.700000762939453,1705183
2026-04-05,24.700000762939453,24.920000076293945,24.700000762939453,24.75,917216
2026-04-06,24.75,25.40999984741211,24.850000381469727,25.170000076293945,4749095
2026-04-07,25.170000076293945,25.290000915527344,24.6299991607666,24.649999618530273,1910748
2026-04-08,24.649999618530273,26.469999313354492,25.25,26.100000381469727,9404006
2026-04-09,26.100000381469727,27.360000610351562,25.729999542236328,27.149999618530273,14039560
2026-04-14,27.149999618530273,27.649999618530273,26.93000030517578,27.139999389648438,6286337
2026-04-15,27.139999389648438,29.190000534057617,27.200000762939453,28.899999618530273,13775716
2026-04-16,28.899999618530273,31.0,28.709999084472656,28.90999984741211,15254610
2026-04-19,28.90999984741211,29.889999389648438,28.81999969482422,29.850000381469727,6206927
2026-04-20,29.850000381469727,30.049999237060547,28.969999313354492,29.5,3741965
2026-04-21,29.5,31.899999618530273,29.600000381469727,31.899999618530273,11228858
2026-04-22,31.899999618530273,31.899999618530273,30.600000381469727,31.100000381469727,6531021
2026-04-23,31.100000381469727,31.600000381469727,30.25,30.25,7768257
2026-04-26,30.25,30.639999389648438,29.530000686645508,29.75,6874323
2026-04-27,29.75,31.100000381469727,29.770000457763672,30.5,5702332
2026-04-28,30.5,30.809999465942383,30.200000762939453,30.540000915527344,3380068
2026-04-29,30.540000915527344,31.149999618530273,30.209999084472656,31.100000381469727,5112875
2026-04-30,31.100000381469727,31.799999237060547,30.950000762939453,30.950000762939453,7522182
2026-05-03,30.950000762939453,32.11000061035156,31.15999984741211,31.489999771118164,7564598
2026-05-04,31.489999771118164,31.780000686645508,30.5,30.5,5343534
2026-05-05,30.5,30.670000076293945,30.149999618530273,30.440000534057617,5687072
2026-05-06,30.440000534057617,33.5,30.559999465942383,33.5,18197039
2026-05-10,33.5,35.0,33.849998474121094,33.9900016784668,8220985
2026-05-11,33.9900016784668,34.38999938964844,33.0,33.630001068115234,6117064
2026-05-12,33.630001068115234,33.939998626708984,32.900001525878906,33.349998474121094,4620861
2026-05-13,33.349998474121094,33.849998474121094,33.040000915527344,33.20000076293945,6802540
2026-05-14,33.20000076293945,34.400001525878906,33.0,34.0,6296102
2026-05-17,34.0,34.43000030517578,33.25,33.36000061035156,3100660
2026-05-18,33.36000061035156,33.900001525878906,33.09000015258789,33.400001525878906,2644991
2026-05-19,33.400001525878906,35.5,33.5099983215332,34.70000076293945,9769678
2026-05-20,34.70000076293945,35.099998474121094,33.709999084472656,33.720001220703125,3635097
2026-05-21,33.720001220703125,36.5099983215332,33.810001373291016,36.5099983215332,8796934
2026-05-24,36.5099983215332,37.560001373291016,36.45000076293945,36.5,4033304
2026-05-25,36.5,37.880001068115234,36.0,37.45000076293945,4655361
2026-05-26,37.45000076293945,37.45000076293945,37.45000076293945,37.45000076293945,0
2026-05-27,37.45000076293945,37.45000076293945,37.45000076293945,37.45000076293945,0
2026-05-28,37.45000076293945,37.45000076293945,37.45000076293945,37.45000076293945,0
2026-06-01,37.45000076293945,39.61000061035156,37.400001525878906,38.90999984741211,4696541
2026-06-02,38.90999984741211,39.09000015258789,37.400001525878906,38.02000045776367,6343480
2026-06-03,38.02000045776367,38.290000915527344,37.41999816894531,38.130001068115234,3511540
2026-06-04,38.130001068115234,38.83000183105469,38.02000045776367,38.06999969482422,2848154
2026-06-07,38.06999969482422,37.88999938964844,36.619998931884766,37.0,2884804
2026-06-08,37.0,37.7400016784668,36.11000061035156,36.54999923706055,4585573
2026-06-09,36.54999923706055,37.61000061035156,36.70000076293945,37.0,4839960
2026-06-10,37.0,38.5099983215332,36.599998474121094,36.599998474121094,8421315
2026-06-11,36.599998474121094,36.9900016784668,35.0099983215332,36.11000061035156,3827544
2026-06-14,36.11000061035156,38.900001525878906,36.91999816894531,38.0,7716155
2026-06-15,38.0,38.689998626708984,37.150001525878906,37.150001525878906,4408882
2026-06-16,37.150001525878906,37.79999923706055,37.08000183105469,37.38999938964844,3159852
2026-06-17,37.38999938964844,37.38999938964844,37.38999938964844,37.38999938964844,0
2026-06-18,37.38999938964844,37.38999938964844,37.38999938964844,37.38999938964844,0
2026-06-21,38.290000915527344,39.68000030517578,38.36000061035156,39.599998474121094,6860290
2026-06-22,39.599998474121094,39.599998474121094,39.599998474121094,39.599998474121094,0
2026-06-23,39.099998474121094,39.400001525878906,38.54999923706055,38.900001525878906,3674461
2026-06-24,38.900001525878906,39.66999816894531,38.709999084472656,39.29999923706055,3213981
2026-06-25,39.29999923706055,39.56999969482422,38.70000076293945,38.81999969482422,1874327
2026-06-28,38.81999969482422,39.099998474121094,37.0,38.0,6113933
2026-06-29,38.0,38.4900016784668,37.20000076293945,37.650001525878906,2903516
2026-06-30,37.650001525878906,38.45000076293945,37.52000045776367,38.38999938964844,5201317
2026-07-01,38.38999938964844,38.349998474121094,37.7599983215332,38.20000076293945,2015953
2026-07-05,38.20000076293945,38.5,37.91999816894531,38.150001525878906,1503869
2026-07-06,38.150001525878906,39.45000076293945,38.11000061035156,38.650001525878906,6290866
2026-07-07,38.650001525878906,39.70000076293945,38.790000915527344,39.66999816894531,7031058
2026-07-08,39.66999816894531,39.59000015258789,38.5,38.68000030517578,2560325
2026-07-09,38.68000030517578,39.5,38.529998779296875,39.11000061035156,2711428
2026-07-12,39.11000061035156,39.400001525878906,38.810001373291016,39.209999084472656,1642358
2026-07-13,39.209999084472656,39.380001068115234,38.900001525878906,39.20000076293945,2758293
2026-07-14,39.20000076293945,39.150001525878906,38.66999816894531,38.900001525878906,3015720
2026-07-15,38.900001525878906,39.75,38.849998474121094,39.5,5371256
2026-07-16,39.5,40.20000076293945,39.20000076293945,39.20000076293945,8411525
2026-07-19,39.20000076293945,39.38999938964844,38.5,38.5,2086865
2026-07-20,38.5,39.08000183105469,38.400001525878906,38.400001525878906,2705744
2026-07-21,38.400001525878906,39.5,38.41999816894531,39.25,2744350
2026-07-22,39.25,40.779998779296875,39.2599983215332,40.400001525878906,8500898
2026-07-26,40.400001525878906,40.79999923706055,39.849998474121094,39.900001525878906,3870835
2026-07-27,39.900001525878906,40.5,39.959999084472656,40.4900016784668,1326281
2026-07-28,40.4900016784668,40.900001525878906,40.029998779296875,40.310001373291016,3125064
2026-07-29,40.310001373291016,40.34000015258789,39.619998931884766,39.790000915527344,2104737
2026-07-30,39.790000915527344,40.0,38.0,39.310001373291016,4791738
