Date,Open,High,Low,Close,Volume
2020-12-08,1.2447668111678838,1.2681875720739015,1.249104077200132,1.25864577293396,13038984
2020-12-09,1.2586458672685212,1.2664528226243572,1.2300205711093657,1.253441333770752,5328204
2020-12-10,1.2534413395451902,1.2369600582110238,1.2092022358766805,1.219611406326294,4944818
2020-12-13,1.2196113980309102,1.2274182499634902,1.2074672797505264,1.2178765535354614,2169876
2020-12-14,1.2178765003561651,1.2404296846244436,1.2161415525303527,1.2282856702804565,3696406
2020-12-15,1.2282856295621418,1.2560434495754378,1.21787645998292,1.2395622730255127,9785245
2020-12-16,1.2395624109644428,1.2395624109644428,1.182311816798687,1.2065999507904053,6975413
2020-12-17,1.2065999271214682,1.1970581271456415,1.1727699936303646,1.1849141120910645,4777147
2020-12-20,1.1849141272353845,1.210937105604467,1.1901186608655265,1.2048650979995728,2643014
2020-12-21,1.204865120432506,1.1979256387236557,1.1103147984813095,1.1389400959014893,9257676
2020-12-22,1.138939968282658,1.1528189301452139,1.1025078226510916,1.1372051239013672,2998564
2020-12-23,1.1372051121457076,1.1649630355838767,1.1441445930052498,1.1528189182281494,2664078
2020-12-24,1.1528189794420087,1.1753722675815563,1.1467469721447825,1.16062593460083,4520987
2020-12-27,1.1606259566121901,1.1614933271533188,1.1189890684544008,1.130265712738037,8905336
2020-12-28,1.1302656429700892,1.1519514562515112,1.1285307985887982,1.1372051239013672,5181271
2020-12-29,1.1372052513258082,1.1502167407526056,1.1285309250412765,1.1389400959014893,6697536
2020-12-30,1.1389399969175984,1.1710350841059214,1.1458794780233472,1.1580235958099365,12635758
2020-12-31,1.1580236365299332,1.201395265708308,1.1640956439336816,1.1831791400909424,11849976
2021-01-03,1.1831791348815448,1.2300205562316247,1.1970580975199656,1.2170090675354004,7957294
2021-01-04,1.217009092687946,1.2265508926248305,1.1814443148207827,1.2022627592086792,8138339
2021-01-05,1.2022627839317694,1.2222137547698089,1.1883838207211008,1.2074673175811768,5526296
2021-01-06,1.2074672842436012,1.23696005440046,1.2074672842436012,1.2204787731170654,8475696
2021-01-10,1.2204787438280438,1.240429713636464,1.2265508545481727,1.2326228618621826,8054106
2021-01-11,1.2326229323428533,1.2421647325291199,1.213539435376445,1.2256834506988525,9036544
2021-01-12,1.2256834254644977,1.2560435665515872,1.2118044624622364,1.2404297590255737,18303241
2021-01-13,1.240429637046725,1.289873373251357,1.2577783907966067,1.2742595672607422,32112744
2021-01-14,1.2742595672607422,1.287271055018569,1.259513235149761,1.2742595672607422,9951709
2021-01-17,1.274259661542076,1.280331668930435,1.2577784838585129,1.2690551280975342,11583233
2021-01-18,1.2690550581657236,1.2725247469375527,1.2465017709304893,1.259513258934021,7292352
2021-01-19,1.2595133717059175,1.3046198468089283,1.2664528532770247,1.2933433055877686,33926896
2021-01-20,1.2933433527739233,1.3297755030937664,1.3098245316262414,1.320233702659607,38243992
2021-01-21,1.3202335871828856,1.33324507568805,1.3080895726071797,1.319366216659546,16459006
2021-01-24,1.319366246167863,1.320233616710602,1.2959454836098545,1.3072221279144287,14652968
2021-01-25,1.3072221279144287,1.3072221279144287,1.3072221279144287,1.3072221279144287,0
2021-01-26,1.3410521387358758,1.3844237705761056,1.3514613096963057,1.3705449104309082,30620381
2021-01-27,1.3705448494859882,1.3792191754683072,1.344521768132909,1.3627378940582275,22323615
2021-01-31,1.3627379073329413,1.3584007442995327,1.333245136662088,1.3471240997314453,15972453
2021-02-01,1.3471240842282384,1.4486137807669193,1.357533358113524,1.4156513214111328,53094761
2021-02-02,1.4156513374525772,1.513671346077624,1.4564207526843065,1.487648367881775,46865006
2021-02-03,1.4876482978383874,1.5084666380524214,1.483311135009954,1.494587779045105,17813311
2021-02-04,1.4945878506758492,1.498925013712149,1.4616252875126228,1.4711670875549316,8964663
2021-02-07,1.4711670825859438,1.5093341792201431,1.4729019271133794,1.4885157346725464,9581526
2021-02-08,1.4885156809780875,1.5093341247747114,1.4572880669862114,1.4789739847183228,11057905
2021-02-09,1.4789740649271808,1.4720345832852921,1.439939493617323,1.457288146018982,5173201
2021-02-10,1.4572880833555981,1.5058643493539141,1.4572880833555981,1.4824436902999878,16748670
2021-02-11,1.482443729161524,1.5422966409862622,1.4885157367189579,1.524080514907837,16004839
2021-02-14,1.524080514907837,1.550970967041489,1.4980575367421567,1.524080514907837,11557207
2021-02-15,1.5240805218639464,1.5787289003486453,1.4919855359943464,1.5422966480255127,26347188
2021-02-16,1.5422965370826829,1.5874031122559578,1.5180084050831,1.560512661933899,11708425
2021-02-17,1.560512674505852,1.567452155619656,1.511068936198822,1.5284175872802734,7272615
2021-02-18,1.5284176168390433,1.524947927918098,1.4616252261588336,1.4798413515090942,15883632
2021-02-21,1.479841343168957,1.4911179872076548,1.4572880550915617,1.4781064987182617,3485497
2021-02-22,1.4781065107828353,1.4963226361791162,1.4564206964568434,1.4789739847183228,9055595
2021-02-23,1.4789740397741782,1.4789740397741782,1.4356023061015315,1.4520835876464844,4220463
2021-02-24,1.4520835430406325,1.4460115356710668,1.4173861364871432,1.42779541015625,3962047
2021-02-25,1.42779544217791,1.5093341684465966,1.4225908052266305,1.4512161016464233,16599352
2021-02-28,1.451216100577107,1.50499700434696,1.452950945090881,1.4676973819732666,2897891
2021-03-01,1.4676973244448048,1.4911179829780552,1.4130489488570235,1.4590229988098145,756904
2021-03-02,1.4590230431035018,1.4963226651475432,1.4607578876019436,1.4833111763000488,7588723
2021-03-03,1.4833111149566756,1.4963226032660706,1.4225907327733815,1.4755041599273682,7100816
2021-03-04,1.4755041599273682,1.4755041599273682,1.4755041599273682,1.4755041599273682,0
2021-03-07,1.4893831014633179,1.499792271285011,1.4833110943511734,1.4893831014633179,1102290
2021-03-08,1.4893831221531697,1.4919854404962722,1.4598903532748706,1.4755041599273682,2753172
2021-03-09,1.4755042006792038,1.4919854817033031,1.4659625043657865,1.4807088375091553,4897009
2021-03-10,1.4807087798424374,1.4833110981560649,1.439939367543211,1.4555531740188599,1415980
2021-03-11,1.4555533199466433,1.4911180991841932,1.4503487862037192,1.4763717651367188,1720559
2021-03-14,1.4763716911645257,1.491985498423236,1.451216084079348,1.4841785430908203,5074449
2021-03-15,1.484178472441435,1.4911179534934333,1.423458194197155,1.4546858072280884,2776317
2021-03-16,1.45468589166871,1.4486137807669193,1.3922306619814842,1.4156513214111328,1562207
2021-03-17,1.4156512676441628,1.4642275325768108,1.431265074472951,1.4425417184829712,1028844
2021-03-18,1.4425417554349387,1.4572880887152662,1.422590785276321,1.4486137628555298,1819409
2021-03-21,1.4486137378654178,1.465962492691727,1.4225907607351327,1.4434092044830322,3263681
2021-03-22,1.4434092218139993,1.447746384721123,1.3887608450968965,1.4104467630386353,3175245
2021-03-23,1.4104467262301508,1.4312650662785993,1.3453891809149845,1.3878934383392334,4669139
2021-03-24,1.3878935467226765,1.4399395043142906,1.3965678729879456,1.4225908517837524,3803743
2021-03-25,1.4225907689351693,1.465962501141765,1.400037480596474,1.4451440572738647,3965061
2021-03-28,1.445144004170466,1.4746367727147174,1.4356022048225372,1.4555531740188599,1116275
2021-03-29,1.4555532404589688,1.465095040242442,1.4156513002449616,1.4295302629470825,1636653
2021-03-30,1.429530365796809,1.443409329497473,1.4173862467071958,1.426060676574707,1616747
2021-03-31,1.4260605586260247,1.4182536034128121,1.3757493452238623,1.393097996711731,4719282
2021-04-01,1.3930979759022557,1.4182535822275737,1.3974351387094364,1.4069769382476807,2048015
2021-04-04,1.4069768714570012,1.3965677018951257,1.3627377715613893,1.3800864219665527,1314500
2021-04-05,1.380086512479861,1.3965677934893628,1.345389209393903,1.3757493495941162,2722362
2021-04-06,1.3757493204725404,1.4052420895149798,1.3740144760361894,1.3878934383392334,3311206
2021-04-07,1.387893500360577,1.387893500360577,1.371412218963442,1.3792191743850708,3542441
2021-04-08,1.3792191293144849,1.405242106390616,1.380086499840018,1.3913631439208984,1360944
2021-04-11,1.3913631798757298,1.4303977499047547,1.3922306538297984,1.4139164686203003,2157589
2021-04-12,1.4139164231978791,1.4572880513855584,1.422590748835415,1.4425417184829712,4384820
2021-04-13,1.4425416727835958,1.46249264179911,1.431265029130817,1.43473482131958,1575815
2021-04-14,1.434734884369959,1.460757861601762,1.3705448118211734,1.393097996711731,3968374
2021-04-15,1.3930980830580555,1.413916528177528,1.3705448967696174,1.3861587047576904,2783666
2021-04-18,1.3861585981356612,1.4156512638620418,1.38789344257731,1.4069769382476807,1710018
2021-04-19,1.4069769256897398,1.4486137089482685,1.4139164068005141,1.4390720129013062,2174036
2021-04-20,1.4390720537731816,1.4807088382142595,1.4399394243078398,1.464227557182312,5944330
2021-04-21,1.5564332888190917,1.5398362448673575,1.4752922705467093,1.4937334060668945,5774887
2021-04-22,1.4937334773844089,1.4983437614845707,1.4706820568835997,1.4799026250839233,1933661
2021-04-25,1.4799026420269747,1.5020319619939677,1.473448266196422,1.478980541229248,2610558
2021-04-26,1.4789804643573017,1.4928113160972567,1.4752922811937825,1.4826687574386597,1682992
2021-04-27,1.4826688334716835,1.4928113926504032,1.4780585493219442,1.4845129251480103,2368407
2021-04-28,1.4845128334885938,1.4845128334885938,1.466071698028262,1.4725260734558105,2057817
2021-05-04,1.472526177871779,1.4845129387545366,1.4503967477994937,1.462383508682251,2557272
2021-05-05,1.4623834927599633,1.4752923543077074,1.4494747411300632,1.457773208618164,4832713
2021-05-06,1.4577731654996195,1.4762143015213576,1.453162881494185,1.459617257118225,1496943
2021-05-09,1.4596173002913149,1.4752923543077074,1.4485526403345659,1.457773208618164,2273731
2021-05-10,1.457773120443359,1.4937334005250071,1.4531628365804172,1.4780584573745728,1958680
2021-05-11,1.4780585371363544,1.5075643334678615,1.4854349037808485,1.5011099576950073,1627126
2021-05-17,1.5011099894049418,1.5213952179414993,1.493733512686781,1.5103305578231812,2775365
2021-05-18,1.5103305075345874,1.5582775496472445,1.5130966999515243,1.544446587562561,4657394
2021-05-19,1.5444466137932518,1.5619657594528322,1.5306157613915088,1.5435246229171753,4656468
2021-05-20,1.5435245917681815,1.5490568666665285,1.5121745943395146,1.5287716388702393,4245966
2021-05-23,1.5287716548452739,1.5490568828535354,1.5213951783192217,1.5333819389343262,3161424
2021-05-24,1.5333818735283307,1.5398362489941255,1.5121745456397142,1.5204731225967407,2072770
2021-05-25,1.5204732237160699,1.5047981695051609,1.476214363504163,1.4891232252120972,3576001
2021-05-26,1.4891231375146061,1.546290746149885,1.4872790459271736,1.5038760900497437,1209978
2021-05-27,1.5038761593624461,1.557355477369849,1.5130967276424174,1.5324598550796509,4214620
2021-05-30,1.532459833798143,1.6228215335884089,1.530615742151327,1.5923936367034912,7826611
2021-05-31,1.5923936639726504,1.64126269799828,1.5490569049822076,1.5859392881393433,9469838
2021-06-01,1.58593919241538,1.58593919241538,1.5296936851531842,1.5472127199172974,3903960
2021-06-02,1.547212775033746,1.5628878287070005,1.5057202186658556,1.5287716388702393,3972948
2021-06-03,1.528771633882186,1.5398362935606202,1.5029540213539452,1.5130966901779175,3031137
2021-06-06,1.5130966478273558,1.5250834079425921,1.4937334114936789,1.5094083547592163,2644262
2021-06-07,1.5094084204737013,1.585939268393806,1.5121746129157767,1.5601216554641724,5403694
2021-06-08,1.5601216403648221,1.5951598211503686,1.5213951663862568,1.5499789714813232,5719229
2021-06-09,1.5499789436583153,1.567498088695531,1.5499789436583153,1.5619657039642334,999842
2021-06-10,1.5619657432840415,1.5674981281546072,1.5306157455472396,1.5389143228530884,1631205
2021-06-13,1.5389143068271818,1.5490568657604729,1.5250834547126413,1.5343040227890015,1527320
2021-06-14,1.5343040556559995,1.5582775771352202,1.5241613865875958,1.537992238998413,458995
2021-06-15,1.5379922400147714,1.5444466158271826,1.521395195127254,1.5324598550796509,2640403
2021-06-16,1.5324598051845701,1.542602473929443,1.512174577612665,1.5296937227249146,1499055
2021-06-17,1.5296937508194113,1.5306157416836164,1.5103305137391507,1.5177069902420044,4937815
2021-06-20,1.5177069463711983,1.5444465492635353,1.5038760945473328,1.5250834226608276,2323695
2021-06-21,1.5250834314126074,1.5859392237539747,1.5352259901909417,1.5674980878829956,3958779
2021-06-22,1.56749813568926,1.6938200081923613,1.576718703905963,1.6560156345367432,42897654
2021-06-23,1.656015633561604,1.6919759155362755,1.6421847812446944,1.6615480184555054,4076122
2021-06-24,1.6615480204188582,1.668924387062318,1.6431067740566774,1.650483250617981,1594154
2021-06-27,1.6504831829121027,1.724247835581332,1.6320420472242552,1.6965861320495605,5173558
2021-06-28,1.6965861399758966,1.7150272757498999,1.6329641556048815,1.6532493829727173,3661490
2021-06-29,1.653249451802486,1.641262691066771,1.5684201357760987,1.6126788854599,2455105
2021-06-30,1.6126788289768117,1.658781778634337,1.6136009297387415,1.6421847343444824,3115240
2021-07-04,1.6421847868360966,1.6965862054185432,1.6329642185934288,1.671690583229065,3159288
2021-07-05,1.671690510936695,1.7399227789324345,1.6458728989901408,1.6965861320495605,13390701
2021-07-06,1.6965862204984499,1.7076508805044295,1.65970383728211,1.681833267211914,6089102
2021-07-07,1.681833185539174,1.7316243180249056,1.6827552862939954,1.7067286968231201,4232998
2021-07-08,1.7067287204676662,1.8072330875863103,1.7104170136202093,1.7592860460281372,34927120
2021-07-11,1.7592861051143127,1.8072331482828021,1.716871446901524,1.762052297592163,3624221
2021-07-12,1.7620522740474818,1.7583639808203495,1.6965861959237765,1.7150273323059082,3393301
2021-07-13,1.7150273360477024,1.7528317096806902,1.6984302912840041,1.7362346649169922,2425898
2021-07-14,1.736234594892959,1.778649250920914,1.7150272668789814,1.7445330619812012,1934085
2021-07-15,1.744533056583638,1.75190953281583,1.715027261572709,1.7288581132888794,1639831
2021-07-18,1.7288581996301262,1.7472993361726592,1.7150273472232265,1.7251700162887573,1200663
2021-07-25,1.725169978120469,1.7694287268269202,1.733468445413873,1.7426890134811401,1499940
2021-07-26,1.7426889759221418,1.7519095437906842,1.7058067044479712,1.7177934646606445,2343723
2021-07-27,1.7177935452572517,1.7436111584840672,1.7242479210844945,1.735312581062317,3307754
2021-07-28,1.735312565106419,1.74268904166309,1.724247905230334,1.73070228099823,1519467
2021-07-29,1.7307022327449213,1.7325463243532135,1.708572913609734,1.7168713808059692,5315037
2021-08-01,1.7168714568253751,1.7334685018705676,1.7085729892617014,1.7187155485153198,2985648
2021-08-02,1.7187154562691949,1.7362346011780025,1.688287560305762,1.7122610807418823,4084256
2021-08-03,1.7122610714715714,1.7141051630525566,1.6504831791247714,1.6698464155197144,2721702
2021-08-04,1.6698465199526593,1.6781450974628482,1.6449510072577838,1.6597038507461548,1767494
2021-08-05,1.659703757729042,1.6772229026568048,1.6504831898463792,1.6587817668914795,1943125
2021-08-08,1.6587817668914795,1.6587817668914795,1.6587817668914795,1.6587817668914795,0
2021-08-09,1.6587817668914795,1.6587817668914795,1.6587817668914795,1.6587817668914795,0
2021-08-10,1.6237436151753928,1.65970378657565,1.6228215144039642,1.6412626504898071,4234834
2021-08-11,1.6412626738368286,1.6587818193182948,1.5997701170534486,1.6136009693145752,3400700
2021-08-15,1.613600953291751,1.632042089456802,1.5951598171266999,1.6089906692504883,2960532
2021-08-16,1.608990712432856,1.6274318490928334,1.5933157682554442,1.6071466207504272,2319390
2021-08-17,1.607146609444085,1.6274318376437837,1.595159848715858,1.618211269378662,1777883
2021-08-18,1.618211269378662,1.6412626900414662,1.6043804169809797,1.618211269378662,3143167
2021-08-19,1.6182112875680872,1.664314129411912,1.6136010033837047,1.6495612859725952,5153866
2021-08-22,1.6495612825492278,1.644950998374413,1.6136010000349663,1.6283539533615112,771997
2021-08-23,1.6283539410213834,1.657859737533025,1.635730417628755,1.6449509859085083,1417232
2021-08-24,1.6449509318366164,1.668924342625228,1.6265097958832966,1.6578596830368042,3030084
2021-08-25,1.6578597379630122,1.739922861624807,1.6680024070405093,1.714105248451233,9665803
2021-08-26,1.714105171562524,1.7509875529545336,1.6965861365794286,1.7177934646606445,4385705
2021-08-29,1.7177935631670256,1.7915581103453733,1.6873656654723879,1.76666259765625,6733859
2021-08-30,1.7666625610333198,1.8597903438825822,1.758363983697078,1.8164536952972412,17144302
2021-08-31,1.8164536811583498,1.8210639652255398,1.770350730568607,1.8007786273956299,3888231
2021-09-01,1.8007786028378412,1.8533359284213404,1.7980125203695232,1.8395050764083862,7359228
2021-09-02,1.839505063050036,1.8994387546709377,1.8358168798405012,1.8671668767929077,5553927
2021-09-05,1.8671668973682527,1.853335935385486,1.7887919590824999,1.8072330951690674,2062913
2021-09-06,1.8072330951690674,1.8441153673422022,1.7242478728616726,1.8072330951690674,3172567
2021-09-07,1.8072330629196394,1.8348947665558772,1.7703506814868162,1.7980124950408936,831950
2021-09-08,1.7980125824490014,1.8348948557569704,1.7887920141220093,1.7887920141220093,363917
2021-09-09,1.7887919404688868,1.816453644310899,1.7519095587616973,1.770350694656372,1085286
2021-09-12,1.7703506814868162,1.8164536307983854,1.7519095457293243,1.7980124950408936,15614933
2021-09-13,1.7980125381545857,1.890218219153002,1.816453674354269,1.8763874769210815,6831447
2021-09-14,1.8763874922097616,1.9353990845624336,1.8579463558598215,1.9178799390792847,10322162
2021-09-15,1.9178799043993962,1.9317108663295974,1.8736212658941165,1.9252564907073975,7030736
2021-09-16,1.925256489893793,1.9538401847565534,1.8644006970979894,1.8819196224212646,5530350
2021-09-19,1.8819196636102073,1.8902182409464494,1.8072331270910902,1.8164536952972412,1691489
2021-09-20,1.816453719102986,1.8717771290649392,1.779571335877172,1.7887920141220093,2293129
2021-09-21,1.7887920141220093,1.7887920141220093,1.7887920141220093,1.7887920141220093,0
2021-09-22,1.7611301230029877,1.8348947763442993,1.7703506909309217,1.8348947763442993,1658077
2021-09-23,1.8348948083835381,1.8994387850060832,1.8256742402946031,1.8441153764724731,3113089
2021-09-26,1.8441153764724731,1.8441153764724731,1.8256742402946031,1.8441153764724731,700658
2021-09-27,1.844115381500929,1.844115381500929,1.7703507266704686,1.779571294784546,391472
2021-09-28,1.779571294784546,1.779571294784546,1.779571294784546,1.779571294784546,0
2021-09-29,1.7611301818453227,1.7980125647072012,1.751909613609314,1.751909613609314,720332
2021-09-30,1.7519096308961954,1.7980125824490014,1.7519096308961954,1.7887920141220093,943453
2021-10-03,1.7887919791876772,1.7980125473345956,1.7519095966821603,1.7528316974639893,1285382
2021-10-04,1.7528316974639893,1.7528316974639893,1.7528316974639893,1.7528316974639893,0
2021-10-05,1.751909627451583,1.7869478090088302,1.751909627451583,1.7675846815109253,1023637
2021-10-06,1.7675845953344531,1.7887919233944685,1.7703506777579792,1.7712727785110474,574974
2021-10-10,1.7712727785110474,1.7832595387117378,1.7519095420393294,1.7712727785110474,1626777
2021-10-11,1.7712728216441898,1.7786492980948458,1.7519095847009478,1.7694287300109863,278833
2021-10-12,1.7694287890739513,1.7786493574655906,1.7519096431791294,1.7721949815750122,1903098
2021-10-13,1.772194954347744,1.780493421805587,1.751909616263517,1.7786493301391602,1756869
2021-10-14,1.778649343591424,1.7841816186325463,1.7426890611938282,1.7565199136734009,1042734
2021-10-17,1.7565198106387725,1.778649239258719,1.7611300945281982,1.7611300945281982,457605
2021-10-18,1.7611300945281982,1.7611300945281982,1.7611300945281982,1.7611300945281982,0
2021-10-19,1.8376609533030603,1.8533358966655935,1.813687432924241,1.8247520923614502,2432254
2021-10-20,1.8247521636951296,1.8431933001173304,1.77772722185138,1.810921311378479,1135553
2021-10-24,1.8109213397413058,1.8809977032103493,1.7887920196552107,1.7989345788955688,1122949
2021-10-25,1.7989344858780645,1.8431932336796129,1.7703506814868162,1.7980124950408936,864105
2021-10-26,1.798012478874728,1.8339726493113788,1.7887919110788852,1.7934021949768066,5880757
2021-10-27,1.7934023038329676,1.8136875322315291,1.7519096363153102,1.7989345788955688,16998130
2021-10-28,1.7989344992602538,1.8072330763635616,1.7519095587616973,1.770350694656372,3258037
2021-10-31,1.7703506894448118,1.771272790203967,1.7528316543635796,1.7546757459640503,585199
2021-11-01,1.7546757891098044,1.7841815851963752,1.7426890285352419,1.7528316974639893,1057705
2021-11-02,1.7528316515891251,1.8247521032363663,1.7611301187370285,1.8136874437332153,3310671
2021-11-03,1.813687523055239,1.8256742838403293,1.7638963882366736,1.7675846815109253,1030636
2021-11-04,1.76758466654911,1.7786493264425187,1.7426890443916352,1.7574419975280762,1639892
2021-11-07,1.7574419975280762,1.7574419975280762,1.7574419975280762,1.7574419975280762,0
2021-11-08,1.7574419975280762,1.7574419975280762,1.7574419975280762,1.7574419975280762,0
2021-11-09,1.7574419975280762,1.7574419975280762,1.7574419975280762,1.7574419975280762,0
2021-11-10,1.7113390628091707,1.7325463919262638,1.6716905970542306,1.6873656511306763,1827555
2021-11-11,1.6873655535330352,1.761130095817864,1.6827552696402333,1.7076507806777954,4104865
2021-11-14,1.7076507930079745,1.7113389761817113,1.6744567047729866,1.6855213642120361,3082436
2021-11-15,1.6855214230560023,1.6855214230560023,1.6136009693145752,1.6136009693145752,5004871
2021-11-16,1.6136008998729972,1.6449508962664376,1.5693421525585058,1.5739524364471436,1472183
2021-11-17,1.5739524525753512,1.6228214842792388,1.5665759762943765,1.5785627365112305,6259716
2021-11-18,1.5785627203357815,1.5942376635735827,1.5674980609866183,1.5739524364471436,444539
2021-11-21,1.5739525238173695,1.6274318418777778,1.558277579709451,1.5647319555282593,726751
2021-11-22,1.5647319555282593,1.5647319555282593,1.5647319555282593,1.5647319555282593,0
2021-11-23,1.5674980643128544,1.7058066911833207,1.5850170991597186,1.6486390829086304,5458559
2021-11-24,1.648639187321093,1.6597038473944883,1.6191333904860905,1.6384965181350708,280610
2021-11-25,1.6384964916526572,1.6947421117514656,1.6597038205693084,1.6827553510665894,1192857
2021-11-28,1.6827553510665894,1.6827553510665894,1.6827553510665894,1.6827553510665894,0
2021-11-29,1.628353910224068,1.6504832297098029,1.6145230580660233,1.6301980018615723,2460034
2021-11-30,1.6301980225127788,1.650483250617981,1.6126788769399525,1.650483250617981,5676754
2021-12-01,1.650483250617981,1.650483250617981,1.650483250617981,1.650483250617981,0
2021-12-02,1.6956641278164202,1.7048846961851851,1.6431068001801836,1.6495612859725952,1751096
2021-12-05,1.6495611777186512,1.6910537326551072,1.650483168544314,1.6809110641479492,2967758
2021-12-06,1.680911164525157,1.779571333422142,1.678145081965151,1.762052297592163,21072537
2021-12-07,1.762052212413217,1.788791925182694,1.6975081274155794,1.7177934646606445,11308314
2021-12-08,1.7177934616125095,1.7463772659214067,1.6781449978645626,1.6855213642120361,2599190
2021-12-09,1.685521433601847,1.724247908109577,1.6698464895913983,1.6827553510665894,2093923
2021-12-12,1.6827553189944529,1.7048846383618061,1.6504832208804803,1.6735347509384155,7276490
2021-12-13,1.6735348143835689,1.6965862353975618,1.6735348143835689,1.6919759511947632,2016557
2021-12-14,1.6919758870504904,1.7242478752466213,1.6689243569925551,1.6735347509384155,3187179
2021-12-15,1.6735347441132185,1.7058067321777344,1.678145028122435,1.7058067321777344,2413810
2021-12-16,1.7058067406262056,1.8459595730526472,1.7067287314819106,1.8284404277801514,22861714
2021-12-19,1.8284404763165572,1.8441154204580548,1.7629742874386494,1.7675846815109253,4565563
2021-12-20,1.7675846815109253,1.7675846815109253,1.7675846815109253,1.7675846815109253,0
2021-12-21,1.7417670107865408,1.7860257591921709,1.7519095696408922,1.7592860460281372,4041278
2021-12-22,1.7592860938376431,1.7851037069356874,1.7519096172499384,1.773116946220398,9245149
2021-12-23,1.7731169054746445,1.8247521304841698,1.783259574289393,1.8072330951690674,6291535
2021-12-26,1.8072331270910902,1.8293624468187153,1.7989345497548483,1.8164536952972412,1372986
2021-12-27,1.8164537247217523,1.8173757156065966,1.7934023038329676,1.7989345788955688,1399770
2021-12-28,1.798934512056931,1.8441153612709809,1.7860257608059686,1.833972692489624,10125381
2021-12-29,1.8339727640658343,1.8348948648702512,1.8118434439382822,1.8201419115066528,4844685
2021-12-30,1.82014188233015,1.8441154036822451,1.7980125625573264,1.8376610279083252,5419984
2022-01-02,1.8376609925872676,1.8348948001893717,1.7980125279983383,1.8017007112503052,3982855
2022-01-03,1.8017007668680338,1.8072331518346076,1.7777272452366732,1.783259630203247,3008278
2022-01-04,1.783259629158676,1.824752186630141,1.7768052533133503,1.7887920141220093,3505466
2022-01-05,1.7887919787658966,1.8395051035619907,1.7887919787658966,1.8330507278442383,5362842
2022-01-09,1.8330507278442383,1.8330507278442383,1.8330507278442383,1.8330507278442383,0
2022-01-10,1.7814154516464162,1.7980124958189085,1.7795712501355976,1.7924801111221313,2323859
2022-01-11,1.7924802066474719,1.7980125916390826,1.7426890714765124,1.7509876489639282,6765094
2022-01-12,1.7509875583074586,1.7611301170431586,1.7251699462130445,1.7334684133529663,2964592
2022-01-13,1.7334683917327958,1.7426889595145256,1.7085728807056928,1.7131831645965576,2289531
2022-01-16,1.7131832665324433,1.722403834862805,1.6698465074454676,1.6763008832931519,2449863
2022-01-17,1.6763007835517998,1.7196375400602009,1.6809110674426648,1.7131831645965576,1958687
2022-01-18,1.713183236819896,1.7334684648113066,1.6836773307401975,1.6938199996948242,2069069
2022-01-19,1.6938200244670347,1.7058067852474887,1.64126269719257,1.66062593460083,10792906
2022-01-20,1.6606258422987796,1.6689243093451573,1.6431066975417712,1.6541714668273926,3557630
2022-01-23,1.6541715178856289,1.6597037927813623,1.6099127691305517,1.6145230531692505,7574489
2022-01-24,1.6145230387939218,1.6228215060225553,1.5951598020366555,1.5988479852676392,1450733
2022-01-25,1.5988479793003505,1.613600932004905,1.5859392281222455,1.5887054204940796,5814130
2022-01-26,1.5887053836309493,1.620055270003408,1.5933156675044189,1.6006920337677002,3057519
2022-01-30,1.6006920837742342,1.6311200901911278,1.560121628387392,1.5665760040283203,1730351
2022-01-31,1.566576012980971,1.6043803861076318,1.5619657289371267,1.603458285331726,2076916
2022-02-01,1.6034583231737172,1.6735347961789515,1.613600992276681,1.66062593460083,3858216
2022-02-02,1.6606259074404044,1.6873656210391281,1.6597038066578182,1.667080283164978,1407811
2022-02-03,1.6670802783060321,1.6753788555715905,1.642184766345042,1.6514053344726562,709176
2022-02-06,1.6514052906017813,1.6689243256117048,1.6412626219637165,1.6587817668914795,744002
2022-02-07,1.658781794841573,1.673534747669553,1.6338861732046266,1.6467950344085693,1292281
2022-02-08,1.6467950276472927,1.6827553087986606,1.6504832108802243,1.6790670156478882,1405119
2022-02-09,1.6790670418662117,1.7058067554349452,1.6781450510025024,1.6781450510025024,2429432
2022-02-10,1.6781450316885667,1.7039626441786109,1.6182112295235487,1.6467950344085693,3366217
2022-02-13,1.6467950160953422,1.6182112115281884,1.5628878039152507,1.5674980878829956,6729247
2022-02-14,1.5674981281546072,1.5877833561502774,1.5306157455472396,1.5389143228530884,3327896
2022-02-15,1.5389142529064728,1.58409510084829,1.5416804452160269,1.5472127199172974,1658800
2022-02-16,1.5472128255232922,1.6080686208158836,1.5499790180216546,1.5693422555923462,4918921
2022-02-17,1.5693422555923462,1.5951598690473197,1.562887879708064,1.5693422555923462,487855
2022-02-20,1.569342240354714,1.5638098554117061,1.4771364475057025,1.4900453090667725,5193245
2022-02-21,1.4900452584283759,1.5379921899395628,1.4918893500407597,1.5296937227249146,1390043
2022-02-22,1.5296936870060271,1.5121745423028559,1.4752922712450276,1.4882010221481323,3347260
2022-02-23,1.488201020744474,1.512174540876586,1.4854348284341783,1.4992657899856567,675081
2022-02-24,1.4992658591503332,1.4706820538217025,1.3194645597826722,1.3784762620925903,5319368
2022-02-27,1.3784763002328202,1.4734482870275618,1.4015277213234334,1.4301115274429321,2813132
2022-02-28,1.4301114763413199,1.4651496571306155,1.3747880677006978,1.3895409107208252,1828558
2022-03-01,1.3895409319817293,1.4568512120924557,1.3923071244396537,1.4476306438446045,1276530
2022-03-02,1.4476305752837906,1.4476305752837906,1.3978394431528314,1.4024497270584106,2446128
2022-03-03,1.402449786178912,1.4291893899913486,1.4015276853917895,1.4052159786224365,2320756
2022-03-06,1.4052160125318338,1.4282674335877223,1.401527719212184,1.403371810913086,471808
2022-03-07,1.4033717527665925,1.4015276611420977,1.346204252900203,1.3581910133361816,1571901
2022-03-08,1.3581910133361816,1.3581910133361816,1.3581910133361816,1.3581910133361816,0
2022-03-09,1.340671841504111,1.382164396862139,1.3462042261856504,1.3646453619003296,601475
2022-03-10,1.364645426592822,1.383086563181723,1.3600351424455968,1.377554178237915,1002405
2022-03-13,1.3775541862160778,1.401527707887631,1.3388278211386688,1.3452821969985962,1734041
2022-03-14,1.3452821640709138,1.3452821640709138,1.3415939807891846,1.3415939807891846,1360636
2022-03-15,1.3415939655929685,1.3572689092395316,1.3213086280197024,1.3314512968063354,979811
2022-03-16,1.3314513204017058,1.390463022711624,1.3415939893680826,1.3784762620925903,1048499
2022-03-17,1.3784762960087396,1.417202661338731,1.383086580212735,1.4144365787506104,1662048
2022-03-20,1.4144365819911597,1.4476306723031136,1.4061380044542484,1.4356439113616943,866971
2022-03-21,1.4356438154399322,1.566575966319487,1.4356438154399322,1.5416804552078247,6277747
2022-03-22,1.5416805436848626,1.5951598620532874,1.5213952053977102,1.5269275903701782,3297734
2022-03-23,1.5269275825764614,1.5942377531146477,1.4863570161270814,1.559199571609497,4177109
2022-03-24,1.559199507181445,1.5859392200831777,1.5352259866375249,1.5407583713531494,620294
2022-03-27,1.54075837879275,1.5398362780297468,1.4946555389994018,1.5029540061950684,1167415
2022-03-28,1.5029539689489255,1.5213951044092573,1.4679157895907275,1.4725260734558105,1171314
2022-03-29,1.4725261618390593,1.5121746274421008,1.4476306494569124,1.457773208618164,2455942
2022-03-30,1.4577732359901572,1.5029540873788374,1.4402541998895106,1.4513188600540161,986463
2022-03-31,1.4513188281800686,1.472526157148358,1.429189398419219,1.4420982599258423,468088
2022-04-03,1.442098256061471,1.5020319495533392,1.4384099628189577,1.4955775737762451,814405
2022-04-04,1.4955775276407886,1.5628878055413014,1.4799025841177158,1.5564333200454712,1599823
2022-04-05,1.5564333056305748,1.5665759742433658,1.4946555229542426,1.4983437061309814,2515830
2022-04-06,1.4983437390825436,1.519551067609782,1.4946555558246941,1.502031922340393,567363
2022-04-07,1.5020318682087739,1.538914249047275,1.4679157895907275,1.4725260734558105,840223
2022-04-10,1.4725261243924421,1.4937334528889807,1.4291893666273165,1.4328776597976685,715057
2022-04-11,1.4328776793211007,1.4771364285434732,1.3830865452267402,1.3840086460113525,1933772
2022-04-12,1.3840086073298814,1.4153584942807034,1.3646453707369481,1.4070600271224976,731195
2022-04-13,1.4070600749688773,1.436565871323188,1.3738659853716257,1.4208909273147583,1068490
2022-04-14,1.4208909334368836,1.4208909334368836,1.3480483781506847,1.356346845626831,855832
2022-04-17,1.3563468419637672,1.43748797442482,1.313932184067727,1.335139513015747,1108687
2022-04-18,1.335139513015747,1.3462042828445184,1.30932189994502,1.335139513015747,429362
2022-04-19,1.3351395354916318,1.3923071475098372,1.3462043055066688,1.382164478302002,992403
2022-04-20,1.3821644424797903,1.3821644424797903,1.3369837024547941,1.3517365455627441,1182898
2022-04-21,1.3517365404455504,1.4264232961572378,1.3830865380272197,1.4162806272506714,1201538
2022-04-26,1.4162806519592361,1.4218130368989441,1.3830865621566772,1.3830865621566772,3290312
2022-04-27,1.383086484807634,1.4448643768140177,1.4107481881235056,1.4347217082977295,12911171
2022-04-28,1.4347218108813427,1.5619657871337906,1.4337997100710809,1.5370702743530273,4304775
2022-05-08,1.5370702292358231,1.5223172762117494,1.4762143254909794,1.50664222240448,2305095
2022-05-09,1.5066422298874949,1.521395182984842,1.4706820578497461,1.4743702411651611,2130356
2022-05-10,1.474370209902752,1.4752923106709752,1.4420982218647105,1.459617257118225,1260442
2022-05-11,1.4596173117209117,1.4752923658600485,1.4384099825190018,1.4467085599899292,1198845
2022-05-12,1.4467085157631936,1.4476306165377224,1.3637232931800523,1.3738659620285034,6580118
2022-05-15,1.3738659415592254,1.3923070774323145,1.3351394682914661,1.3480483293533325,1517128
2022-05-16,1.3480483445246978,1.3720218653966554,1.336061584088719,1.3581910133361816,2219403
2022-05-17,1.358191018286404,1.3830865301024255,1.3646453939545813,1.3738659620285034,801747
2022-05-18,1.3738659196763774,1.3830864874660573,1.3572688756713858,1.3701776266098022,511127
2022-05-19,1.3701777268269368,1.3646454516991917,1.3369837463069276,1.344360113143921,2439624
2022-05-22,1.3443600792726416,1.3563468399575178,1.339749795156754,1.3462042808532715,526819
2022-05-23,1.3462042828445184,1.355424851089932,1.3286851372275261,1.335139513015747,2013553
2022-05-24,1.3351394963798235,1.3388277895827387,1.253998474847637,1.2558425664901733,8292936
2022-05-25,1.2558425200148964,1.2632189962299016,1.1802337762083908,1.1829999685287476,14941369
2022-05-26,1.2829999923706055,1.2120000123977661,1.159999966621399,1.1690000295639038,15443316
2022-05-29,1.1690000295639038,1.194000005722046,1.159999966621399,1.1740000247955322,3384333
2022-05-30,1.1740000247955322,1.1950000524520874,1.1699999570846558,1.1829999685287476,4528592
2022-05-31,1.1829999685287476,1.1929999589920044,1.0720000267028809,1.0720000267028809,37218086
2022-06-01,1.0720000267028809,1.1649999618530273,1.100000023841858,1.13100004196167,22889077
2022-06-02,1.13100004196167,1.1820000410079956,1.1260000467300415,1.1720000505447388,8616159
2022-06-05,1.1720000505447388,1.1720000505447388,1.1720000505447388,1.1720000505447388,0
2022-06-06,1.187000036239624,1.2200000286102295,1.1729999780654907,1.2079999446868896,4893199
2022-06-07,1.2079999446868896,1.2549999952316284,1.215000033378601,1.2489999532699585,7096493
2022-06-08,1.2489999532699585,1.2999999523162842,1.2569999694824219,1.2999999523162842,10126132
2022-06-09,1.2999999523162842,1.3200000524520874,1.2719999551773071,1.277999997138977,5235707
2022-06-12,1.277999997138977,1.2890000343322754,1.2510000467300415,1.281000018119812,3306877
2022-06-13,1.281000018119812,1.319000005722046,1.2610000371932983,1.2690000534057617,6697612
2022-06-14,1.2690000534057617,1.284000039100647,1.2400000095367432,1.2599999904632568,2509899
2022-06-15,1.2599999904632568,1.284999966621399,1.2400000095367432,1.2450000047683716,11702841
2022-06-16,1.2450000047683716,1.2549999952316284,1.2269999980926514,1.2330000400543213,4932465
2022-06-19,1.2330000400543213,1.2589999437332153,1.2289999723434448,1.2380000352859497,1155258
2022-06-20,1.2380000352859497,1.253999948501587,1.2239999771118164,1.2410000562667847,3149332
2022-06-21,1.2410000562667847,1.2640000581741333,1.2239999771118164,1.2269999980926514,30899664
2022-06-22,1.2269999980926514,1.2400000095367432,1.222000002861023,1.2359999418258667,4500211
2022-06-23,1.2359999418258667,1.2369999885559082,1.2200000286102295,1.2280000448226929,1919810
2022-06-26,1.2280000448226929,1.2599999904632568,1.222000002861023,1.2519999742507935,4719180
2022-06-27,1.2519999742507935,1.2799999713897705,1.2120000123977661,1.218999981880188,11600396
2022-06-28,1.218999981880188,1.2280000448226929,1.1699999570846558,1.194000005722046,3708779
2022-06-29,1.194000005722046,1.2170000076293945,1.1799999475479126,1.1970000267028809,2467008
2022-07-03,1.1970000267028809,1.2170000076293945,1.1519999504089355,1.1640000343322754,1921749
2022-07-04,1.1640000343322754,1.1790000200271606,1.1050000190734863,1.1269999742507935,1863597
2022-07-05,1.1269999742507935,1.1759999990463257,1.1399999856948853,1.149999976158142,4175653
2022-07-06,1.149999976158142,1.1699999570846558,1.1319999694824219,1.1440000534057617,1340609
2022-07-07,1.1440000534057617,1.2009999752044678,1.159999966621399,1.1929999589920044,3881272
2022-07-17,1.1929999589920044,1.218000054359436,1.180999994277954,1.1990000009536743,924447
2022-07-18,1.1990000009536743,1.2039999961853027,1.1920000314712524,1.1990000009536743,8471268
2022-07-19,1.1990000009536743,1.2480000257492065,1.184000015258789,1.2400000095367432,5389070
2022-07-20,1.2400000095367432,1.2740000486373901,1.2330000400543213,1.2480000257492065,9091710
2022-07-21,1.2480000257492065,1.2929999828338623,1.25,1.2699999809265137,9890046
2022-07-24,1.2699999809265137,1.2899999618530273,1.2510000467300415,1.2580000162124634,1668005
2022-07-25,1.2580000162124634,1.2690000534057617,1.2369999885559082,1.2430000305175781,3822183
2022-07-26,1.2430000305175781,1.25600004196167,1.2369999885559082,1.24399995803833,7052456
2022-07-27,1.24399995803833,1.2569999694824219,1.2269999980926514,1.2289999723434448,7930592
2022-07-28,1.2289999723434448,1.2389999628067017,1.215000033378601,1.2300000190734863,1543538
2022-07-31,1.2300000190734863,1.246000051498413,1.2330000400543213,1.2350000143051147,1955383
2022-08-01,1.2350000143051147,1.2580000162124634,1.2209999561309814,1.2280000448226929,4110247
2022-08-02,1.2280000448226929,1.2450000047683716,1.225000023841858,1.2309999465942383,1358800
2022-08-03,1.2309999465942383,1.246999979019165,1.2330000400543213,1.2350000143051147,1541363
2022-08-04,1.2350000143051147,1.3279999494552612,1.2319999933242798,1.3170000314712524,17425092
2022-08-07,1.3170000314712524,1.3600000143051147,1.3289999961853027,1.3489999771118164,6520935
2022-08-08,1.3489999771118164,1.371999979019165,1.3359999656677246,1.347000002861023,4387787
2022-08-09,1.347000002861023,1.409999966621399,1.3530000448226929,1.3839999437332153,12251839
2022-08-10,1.3839999437332153,1.3990000486373901,1.3300000429153442,1.350000023841858,3474581
2022-08-11,1.350000023841858,1.3700000047683716,1.3359999656677246,1.350000023841858,3078205
2022-08-14,1.350000023841858,1.3700000047683716,1.3300000429153442,1.340000033378601,5952975
2022-08-15,1.340000033378601,1.350000023841858,1.3020000457763672,1.309999942779541,11140885
2022-08-16,1.309999942779541,1.3200000524520874,1.281999945640564,1.2890000343322754,4795532
2022-08-17,1.2890000343322754,1.347000002861023,1.2979999780654907,1.3049999475479126,22917231
2022-08-18,1.3049999475479126,1.3049999475479126,1.3049999475479126,1.3049999475479126,0
2022-08-21,1.312999963760376,1.350000023841858,1.315000057220459,1.340000033378601,11946326
2022-08-22,1.340000033378601,1.3899999856948853,1.3339999914169312,1.3899999856948853,20508793
2022-08-23,1.3899999856948853,1.3899999856948853,1.3899999856948853,1.3899999856948853,0
2022-08-24,1.3580000400543213,1.3550000190734863,1.3250000476837158,1.3300000429153442,8671649
2022-08-25,1.3300000429153442,1.3899999856948853,1.3350000381469727,1.3869999647140503,13378485
2022-08-28,1.3869999647140503,1.399999976158142,1.3509999513626099,1.399999976158142,13181388
2022-08-29,1.399999976158142,1.468999981880188,1.409000039100647,1.4299999475479126,25992643
2022-08-30,1.4299999475479126,1.5080000162124634,1.406999945640564,1.4830000400543213,26274966
2022-08-31,1.4830000400543213,1.569000005722046,1.5019999742507935,1.5290000438690186,20872114
2022-09-01,1.5290000438690186,1.5369999408721924,1.4589999914169312,1.468000054359436,8588722
2022-09-04,1.468000054359436,1.4900000095367432,1.4429999589920044,1.4739999771118164,3047386
2022-09-05,1.4739999771118164,1.5429999828338623,1.4670000076293945,1.5290000438690186,6465574
2022-09-06,1.5290000438690186,1.565000057220459,1.5149999856948853,1.5199999809265137,12189532
2022-09-07,1.5199999809265137,1.5499999523162842,1.4730000495910645,1.4839999675750732,6814796
2022-09-08,1.4839999675750732,1.496999979019165,1.4600000381469727,1.4830000400543213,2621234
2022-09-11,1.4830000400543213,1.496999979019165,1.4630000591278076,1.472000002861023,2208028
2022-09-12,1.472000002861023,1.5,1.465000033378601,1.4739999771118164,3336114
2022-09-13,1.4739999771118164,1.4900000095367432,1.4579999446868896,1.468000054359436,2334011
2022-09-14,1.468000054359436,1.468000054359436,1.4249999523162842,1.4279999732971191,2741190
2022-09-15,1.4279999732971191,1.4390000104904175,1.3609999418258667,1.3609999418258667,35274337
2022-09-18,1.3609999418258667,1.3899999856948853,1.2699999809265137,1.2920000553131104,11448701
2022-09-19,1.2920000553131104,1.350000023841858,1.2860000133514404,1.3320000171661377,6644088
2022-09-20,1.3320000171661377,1.3600000143051147,1.3250000476837158,1.3509999513626099,5199485
2022-09-21,1.3509999513626099,1.3739999532699585,1.3339999914169312,1.340000033378601,6822688
2022-09-22,1.340000033378601,1.3600000143051147,1.3200000524520874,1.3519999980926514,1539300
2022-09-25,1.3519999980926514,1.3389999866485596,1.3200000524520874,1.3259999752044678,2658007
2022-09-26,1.3259999752044678,1.350000023841858,1.319000005722046,1.3270000219345093,6218092
2022-09-27,1.3270000219345093,1.3489999771118164,1.3209999799728394,1.343000054359436,3157098
2022-09-28,1.343000054359436,1.3589999675750732,1.3240000009536743,1.3279999494552612,6949210
2022-09-29,1.3279999494552612,1.3450000286102295,1.3300000429153442,1.3329999446868896,1644870
2022-10-02,1.3329999446868896,1.340000033378601,1.284000039100647,1.2899999618530273,4987026
2022-10-03,1.2899999618530273,1.309999942779541,1.2799999713897705,1.2940000295639038,2375221
2022-10-04,1.2940000295639038,1.3420000076293945,1.3020000457763672,1.3309999704360962,3833382
2022-10-05,1.3309999704360962,1.3650000095367432,1.3380000591278076,1.3619999885559082,10446802
2022-10-09,1.3619999885559082,1.3639999628067017,1.340000033378601,1.3459999561309814,1487827
2022-10-10,1.3459999561309814,1.3660000562667847,1.340000033378601,1.3589999675750732,2527714
2022-10-11,1.3589999675750732,1.3600000143051147,1.3279999494552612,1.3389999866485596,2058150
2022-10-12,1.3389999866485596,1.3450000286102295,1.3220000267028809,1.3240000009536743,1750613
2022-10-13,1.3240000009536743,1.3899999856948853,1.3259999752044678,1.3370000123977661,4069063
2022-10-16,1.3370000123977661,1.3799999952316284,1.350000023841858,1.3619999885559082,3754009
2022-10-17,1.3619999885559082,1.4149999618530273,1.375,1.4019999504089355,8314509
2022-10-18,1.4019999504089355,1.4199999570846558,1.3609999418258667,1.3980000019073486,2095039
2022-10-19,1.3980000019073486,1.409000039100647,1.3700000047683716,1.378000020980835,3951789
2022-10-20,1.378000020980835,1.4199999570846558,1.3639999628067017,1.409999966621399,4155989
2022-10-23,1.409999966621399,1.4240000247955322,1.3980000019073486,1.4110000133514404,1798812
2022-10-24,1.4110000133514404,1.4539999961853027,1.4149999618530273,1.4229999780654907,8871726
2022-10-25,1.4229999780654907,1.4600000381469727,1.3819999694824219,1.4470000267028809,5809265
2022-10-26,1.4470000267028809,1.4470000267028809,1.4470000267028809,1.4470000267028809,0
2022-10-27,1.468999981880188,1.5299999713897705,1.468000054359436,1.4889999628067017,9591924
2022-10-30,1.4889999628067017,1.5,1.4609999656677246,1.4709999561309814,3182829
2022-10-31,1.4709999561309814,1.4889999628067017,1.4550000429153442,1.475000023841858,5262907
2022-11-01,1.475000023841858,1.5199999809265137,1.4500000476837158,1.4600000381469727,13635155
2022-11-02,1.4600000381469727,1.472000002861023,1.4210000038146973,1.4279999732971191,7529148
2022-11-03,1.4279999732971191,1.4500000476837158,1.4249999523162842,1.4279999732971191,2943338
2022-11-06,1.4279999732971191,1.4700000286102295,1.409999966621399,1.4160000085830688,3353464
2022-11-07,1.4160000085830688,1.4329999685287476,1.399999976158142,1.4110000133514404,3057279
2022-11-08,1.4110000133514404,1.4249999523162842,1.3899999856948853,1.3910000324249268,3733467
2022-11-09,1.3910000324249268,1.4199999570846558,1.378000020980835,1.3799999952316284,3857438
2022-11-10,1.3799999952316284,1.4170000553131104,1.3919999599456787,1.402999997138977,4053628
2022-11-13,1.402999997138977,1.4600000381469727,1.4199999570846558,1.4600000381469727,6602009
2022-11-14,1.4600000381469727,1.5230000019073486,1.468000054359436,1.5119999647140503,19606264
2022-11-15,1.5119999647140503,1.5230000019073486,1.4889999628067017,1.5080000162124634,5351421
2022-11-16,1.5080000162124634,1.5540000200271606,1.5110000371932983,1.5470000505447388,11332482
2022-11-17,1.5470000505447388,1.6399999856948853,1.5499999523162842,1.628000020980835,19742315
2022-11-20,1.628000020980835,1.649999976158142,1.6119999885559082,1.6299999952316284,4086583
2022-11-21,1.6299999952316284,1.6649999618530273,1.6100000143051147,1.6490000486373901,8499282
2022-11-22,1.6490000486373901,1.690000057220459,1.6200000047683716,1.684999942779541,4683410
2022-11-23,1.684999942779541,1.7489999532699585,1.6829999685287476,1.6890000104904175,6447782
2022-11-24,1.6890000104904175,1.715000033378601,1.649999976158142,1.7139999866485596,7479206
2022-11-27,1.7139999866485596,1.75,1.7000000476837158,1.746999979019165,5765469
2022-11-28,1.746999979019165,1.7999999523162842,1.7200000286102295,1.753999948501587,9300336
2022-11-29,1.753999948501587,1.7680000066757202,1.7300000190734863,1.7450000047683716,7708232
2022-11-30,1.7450000047683716,1.7599999904632568,1.690000057220459,1.7070000171661377,5123327
2022-12-01,1.7070000171661377,1.7300000190734863,1.7000000476837158,1.7209999561309814,4811201
2022-12-04,1.7209999561309814,1.7999999523162842,1.7029999494552612,1.7410000562667847,16090654
2022-12-05,1.7410000562667847,1.7879999876022339,1.7300000190734863,1.7569999694824219,7236503
2022-12-06,1.7569999694824219,1.7999999523162842,1.7200000286102295,1.7999999523162842,11954996
2022-12-07,1.7999999523162842,1.940000057220459,1.7999999523162842,1.8609999418258667,43421116
2022-12-08,1.8609999418258667,1.9190000295639038,1.8320000171661377,1.8320000171661377,23811178
2022-12-11,1.8320000171661377,1.8799999952316284,1.7799999713897705,1.8109999895095825,9981421
2022-12-12,1.8109999895095825,1.8179999589920044,1.694000005722046,1.7999999523162842,11836707
2022-12-13,1.7999999523162842,1.934999942779541,1.7999999523162842,1.9190000295639038,22114236
2022-12-14,1.9190000295639038,2.059999942779541,1.8899999856948853,2.0260000228881836,37047824
2022-12-15,2.0260000228881836,2.140000104904175,2.009999990463257,2.0510001182556152,43719659
2022-12-18,2.0510001182556152,2.0799999237060547,1.9500000476837158,1.9600000381469727,10936614
2022-12-19,1.9600000381469727,2.0199999809265137,1.8899999856948853,1.940000057220459,17925707
2022-12-20,1.940000057220459,2.2100000381469727,1.9700000286102295,2.1500000953674316,53370081
2022-12-21,2.1500000953674316,2.190000057220459,2.059999942779541,2.1500000953674316,31237338
2022-12-22,2.1500000953674316,2.259999990463257,2.069999933242798,2.0999999046325684,48565328
2022-12-25,2.0999999046325684,2.0999999046325684,1.9299999475479126,1.9500000476837158,14471408
2022-12-26,1.9500000476837158,2.0799999237060547,1.9600000381469727,2.059999942779541,13555576
2022-12-27,2.059999942779541,2.0999999046325684,1.9800000190734863,1.9900000095367432,16072735
2022-12-28,1.9900000095367432,2.0199999809265137,1.9600000381469727,1.9800000190734863,18256404
2022-12-29,1.9800000190734863,2.0299999713897705,1.9500000476837158,1.9600000381469727,34050388
2023-01-02,1.9600000381469727,2.0280001163482666,1.9600000381469727,2.0139999389648438,24747334
2023-01-03,2.0139999389648438,2.1449999809265137,2.0360000133514404,2.1089999675750732,44035783
2023-01-04,2.1089999675750732,2.140000104904175,1.9709999561309814,2.119999885559082,49028484
2023-01-05,2.119999885559082,2.1689999103546143,2.122999906539917,2.125,37971158
2023-01-09,2.125,2.200000047683716,2.069999933242798,2.119999885559082,32993053
2023-01-10,2.119999885559082,2.130000114440918,1.9800000190734863,1.9800000190734863,26861063
2023-01-11,1.9800000190734863,2.130000114440918,1.909999966621399,1.909999966621399,37735959
2023-01-12,1.909999966621399,1.9900000095367432,1.8600000143051147,1.9199999570846558,19196956
2023-01-15,1.9199999570846558,2.0199999809265137,1.934999942779541,1.9539999961853027,15689789
2023-01-16,1.9539999961853027,2.0399999618530273,1.9600000381469727,1.99399995803833,17050495
2023-01-17,1.99399995803833,2.0899999141693115,2.0299999713897705,2.055000066757202,27143722
2023-01-18,2.055000066757202,2.0799999237060547,1.9800000190734863,1.9819999933242798,15571482
2023-01-19,1.9819999933242798,2.1700000762939453,1.9889999628067017,2.1649999618530273,60294314
2023-01-22,2.1649999618530273,2.3499999046325684,2.190000057220459,2.2799999713897705,89232221
2023-01-23,2.2799999713897705,2.3499999046325684,2.2300000190734863,2.240000009536743,30362904
2023-01-24,2.240000009536743,2.2699999809265137,2.190000057220459,2.2300000190734863,18426528
2023-01-25,2.2300000190734863,2.309999942779541,2.2300000190734863,2.259999990463257,8014365
2023-01-29,2.259999990463257,2.319999933242798,2.259999990463257,2.299999952316284,23288034
2023-01-30,2.299999952316284,2.4000000953674316,2.190000057220459,2.2200000286102295,43777019
2023-01-31,2.2200000286102295,2.2699999809265137,2.109999895095825,2.130000114440918,20808602
2023-02-01,2.130000114440918,2.1500000953674316,2.0399999618530273,2.109999895095825,14476414
2023-02-02,2.109999895095825,2.190000057220459,2.0,2.0299999713897705,21040779
2023-02-05,2.0299999713897705,2.240000009536743,1.9700000286102295,2.240000009536743,28466125
2023-02-06,2.240000009536743,2.319999933242798,2.2200000286102295,2.2699999809265137,32251212
2023-02-07,2.2699999809265137,2.3399999141693115,2.190000057220459,2.2300000190734863,29302439
2023-02-08,2.2300000190734863,2.240000009536743,2.140000104904175,2.1500000953674316,21452003
2023-02-09,2.1500000953674316,2.2200000286102295,2.1500000953674316,2.2100000381469727,10141559
2023-02-12,2.2100000381469727,2.240000009536743,2.119999885559082,2.140000104904175,28070421
2023-02-13,2.140000104904175,2.180000066757202,2.0799999237060547,2.109999895095825,15337319
2023-02-14,2.109999895095825,2.200000047683716,2.0999999046325684,2.190000057220459,19185577
2023-02-15,2.190000057220459,2.2300000190734863,2.1600000858306885,2.180000066757202,22129974
2023-02-16,2.180000066757202,2.2100000381469727,2.1500000953674316,2.1600000858306885,11221366
2023-02-19,2.1600000858306885,2.190000057220459,2.0999999046325684,2.119999885559082,9852682
2023-02-20,2.119999885559082,2.140000104904175,2.0299999713897705,2.049999952316284,11846145
2023-02-21,2.049999952316284,2.109999895095825,2.0,2.0999999046325684,15062325
2023-02-22,2.0999999046325684,2.119999885559082,1.9700000286102295,2.0,19714986
2023-02-23,2.0,2.059999942779541,1.9600000381469727,2.0399999618530273,15413416
2023-02-26,2.0399999618530273,2.069999933242798,2.0399999618530273,2.049999952316284,7645337
2023-02-27,2.049999952316284,2.0899999141693115,2.0399999618530273,2.049999952316284,10005852
2023-02-28,2.049999952316284,2.069999933242798,2.009999990463257,2.0299999713897705,4666367
2023-03-01,2.0299999713897705,2.109999895095825,2.0399999618530273,2.109999895095825,12312201
2023-03-02,2.109999895095825,2.140000104904175,2.069999933242798,2.069999933242798,7648182
2023-03-05,2.069999933242798,2.0999999046325684,2.049999952316284,2.059999942779541,4366283
2023-03-06,2.059999942779541,2.0999999046325684,2.049999952316284,2.049999952316284,6125407
2023-03-07,2.049999952316284,2.069999933242798,1.9900000095367432,2.0,7021732
2023-03-08,2.0,2.0,1.9500000476837158,1.9700000286102295,7971214
2023-03-09,1.9700000286102295,2.0299999713897705,1.9800000190734863,2.009999990463257,6527678
2023-03-12,2.009999990463257,2.0199999809265137,1.940000057220459,1.9500000476837158,8160911
2023-03-13,1.9500000476837158,1.9700000286102295,1.7200000286102295,1.7699999809265137,9664772
2023-03-14,1.7699999809265137,1.8300000429153442,1.7300000190734863,1.7999999523162842,10117754
2023-03-15,1.7999999523162842,1.840000033378601,1.6100000143051147,1.659999966621399,12228640
2023-03-16,1.659999966621399,1.7300000190734863,1.5299999713897705,1.6699999570846558,9963422
2023-03-19,1.6699999570846558,1.7100000381469727,1.5700000524520874,1.6319999694824219,5464254
2023-03-20,1.6319999694824219,1.7070000171661377,1.590000033378601,1.6660000085830688,11961658
2023-03-21,1.6660000085830688,1.75,1.6799999475479126,1.7319999933242798,8775012
2023-03-22,1.7319999933242798,1.7790000438690186,1.6759999990463257,1.6859999895095825,7183429
2023-03-23,1.6859999895095825,1.7599999904632568,1.659999966621399,1.7599999904632568,10871489
2023-03-26,1.7599999904632568,1.8450000286102295,1.7719999551773071,1.8259999752044678,13369089
2023-03-27,1.8259999752044678,1.8600000143051147,1.75,1.784999966621399,13259580
2023-03-28,1.784999966621399,1.899999976158142,1.7799999713897705,1.8569999933242798,26412065
2023-03-29,1.8569999933242798,1.8860000371932983,1.850000023841858,1.8650000095367432,13264624
2023-03-30,1.8650000095367432,1.902999997138977,1.8009999990463257,1.8329999446868896,17514624
2023-04-02,1.8329999446868896,1.8700000047683716,1.809999942779541,1.8700000047683716,5667527
2023-04-03,1.8700000047683716,1.9509999752044678,1.871000051498413,1.9509999752044678,20360071
2023-04-04,1.9509999752044678,2.0199999809265137,1.9220000505447388,2.009999990463257,27071547
2023-04-05,2.009999990463257,2.0250000953674316,1.9509999752044678,1.9570000171661377,16624252
2023-04-06,1.9570000171661377,1.9739999771118164,1.9220000505447388,1.9290000200271606,9713381
2023-04-09,1.9290000200271606,1.9509999752044678,1.9019999504089355,1.9279999732971191,5824887
2023-04-10,1.9279999732971191,2.0299999713897705,1.9320000410079956,2.0299999713897705,20352927
2023-04-11,2.0299999713897705,2.059999942779541,2.0199999809265137,2.0350000858306885,16497972
2023-04-12,2.0350000858306885,2.049999952316284,1.9900000095367432,1.9980000257492065,10088058
2023-04-13,1.9980000257492065,2.0299999713897705,1.9800000190734863,2.0199999809265137,11353039
2023-04-18,2.0199999809265137,2.059999942779541,2.009999990463257,2.0399999618530273,6687812
2023-04-19,2.0399999618530273,2.0899999141693115,2.0199999809265137,2.0399999618530273,13320013
2023-04-26,2.0399999618530273,2.049999952316284,2.0,2.009999990463257,10053759
2023-04-27,2.009999990463257,2.069999933242798,2.0199999809265137,2.049999952316284,16209848
2023-04-30,2.049999952316284,2.130000114440918,2.0299999713897705,2.0399999618530273,31856681
2023-05-01,2.0399999618530273,2.0399999618530273,2.0399999618530273,2.0399999618530273,0
2023-05-02,2.0,2.009999990463257,1.940000057220459,1.9500000476837158,10828259
2023-05-03,1.9500000476837158,1.9800000190734863,1.9199999570846558,1.940000057220459,8276927
2023-05-07,1.940000057220459,1.9479999542236328,1.9010000228881836,1.930999994277954,7413779
2023-05-08,1.930999994277954,2.01200008392334,1.9429999589920044,2.009999990463257,16124493
2023-05-09,2.009999990463257,2.0380001068115234,1.9700000286102295,1.9700000286102295,16475365
2023-05-10,1.9700000286102295,1.9980000257492065,1.930999994277954,1.996000051498413,8520686
2023-05-11,1.996000051498413,2.0179998874664307,1.965000033378601,1.9670000076293945,9174740
2023-05-14,1.9670000076293945,1.9830000400543213,1.9500000476837158,1.965000033378601,4930559
2023-05-15,1.965000033378601,2.009999990463257,1.9259999990463257,1.934999942779541,10987021
2023-05-16,1.934999942779541,1.940000057220459,1.899999976158142,1.9270000457763672,7304381
2023-05-17,1.9270000457763672,1.937000036239624,1.8600000143051147,1.8600000143051147,8460033
2023-05-18,1.8600000143051147,1.8700000047683716,1.8040000200271606,1.8550000190734863,9490677
2023-05-21,1.8550000190734863,1.8700000047683716,1.840999960899353,1.8420000076293945,4798450
2023-05-22,1.8420000076293945,1.8880000114440918,1.840000033378601,1.843000054359436,4249174
2023-05-23,1.843000054359436,1.850000023841858,1.8229999542236328,1.8459999561309814,3937985
2023-05-24,1.8459999561309814,1.8969999551773071,1.850000023841858,1.8799999952316284,7155816
2023-05-25,1.8799999952316284,1.9170000553131104,1.8669999837875366,1.8700000047683716,9491704
2023-05-28,1.8700000047683716,1.9140000343322754,1.8799999952316284,1.899999976158142,7995603
2023-05-29,1.899999976158142,1.9739999771118164,1.8899999856948853,1.9700000286102295,20685817
2023-05-30,1.9700000286102295,2.0290000438690186,1.9759999513626099,2.009999990463257,32057690
2023-05-31,2.009999990463257,2.0460000038146973,1.9900000095367432,1.996999979019165,26308531
2023-06-01,1.996999979019165,2.0880000591278076,1.9950000047683716,2.069999933242798,38143433
2023-06-04,2.069999933242798,2.1700000762939453,2.0899999141693115,2.119999885559082,68606405
2023-06-05,2.119999885559082,2.1700000762939453,2.0799999237060547,2.0999999046325684,31475331
2023-06-06,2.0999999046325684,2.2100000381469727,2.140000104904175,2.1600000858306885,67469927
2023-06-07,2.1600000858306885,2.2100000381469727,2.0999999046325684,2.0999999046325684,30271461
2023-06-08,2.0999999046325684,2.140000104904175,2.0799999237060547,2.0999999046325684,21725988
2023-06-11,2.0999999046325684,2.25,2.130000114440918,2.25,51261176
2023-06-12,2.25,2.2699999809265137,2.190000057220459,2.2100000381469727,16621915
2023-06-13,2.2100000381469727,2.2699999809265137,2.180000066757202,2.2100000381469727,45761790
2023-06-14,2.2100000381469727,2.259999990463257,2.1700000762939453,2.1700000762939453,26539013
2023-06-15,2.1700000762939453,2.200000047683716,2.140000104904175,2.140000104904175,18175000
2023-06-18,2.140000104904175,2.200000047683716,2.1500000953674316,2.180000066757202,9002203
2023-06-19,2.180000066757202,2.190000057220459,2.0999999046325684,2.119999885559082,13028889
2023-06-20,2.119999885559082,2.1600000858306885,2.0999999046325684,2.109999895095825,15375345
2023-06-21,2.109999895095825,2.130000114440918,2.059999942779541,2.069999933242798,20002770
2023-06-22,2.069999933242798,2.0899999141693115,2.049999952316284,2.0799999237060547,8901696
2023-06-25,2.0799999237060547,2.109999895095825,2.0199999809265137,2.0199999809265137,7818163
2023-06-26,2.0199999809265137,2.119999885559082,2.0199999809265137,2.119999885559082,11123690
2023-07-04,2.119999885559082,2.1600000858306885,2.0999999046325684,2.0999999046325684,15485262
2023-07-05,2.0999999046325684,2.130000114440918,2.0899999141693115,2.0999999046325684,8725081
2023-07-06,2.0999999046325684,2.130000114440918,2.069999933242798,2.0799999237060547,9358890
2023-07-09,2.0799999237060547,2.0999999046325684,2.0,2.0199999809265137,10531127
2023-07-10,2.0199999809265137,2.0799999237060547,1.9900000095367432,2.069999933242798,6745578
2023-07-11,2.069999933242798,2.1500000953674316,2.0299999713897705,2.119999885559082,16226334
2023-07-12,2.119999885559082,2.130000114440918,2.069999933242798,2.0899999141693115,10397308
2023-07-13,2.0899999141693115,2.119999885559082,2.059999942779541,2.059999942779541,8909813
2023-07-16,2.059999942779541,2.0899999141693115,2.0299999713897705,2.049999952316284,8541186
2023-07-17,2.049999952316284,2.119999885559082,2.059999942779541,2.069999933242798,27474776
2023-07-18,2.069999933242798,2.130000114440918,2.0799999237060547,2.109999895095825,13699407
2023-07-19,2.109999895095825,2.109999895095825,2.109999895095825,2.109999895095825,0
2023-07-24,2.0899999141693115,2.119999885559082,2.049999952316284,2.049999952316284,10942615
2023-07-25,2.049999952316284,2.0799999237060547,2.0,2.009999990463257,12050894
2023-07-26,2.009999990463257,2.0299999713897705,1.9900000095367432,2.0,11776786
2023-07-27,2.0,2.0199999809265137,1.9900000095367432,2.0,9041681
2023-07-30,2.0,2.0399999618530273,1.9900000095367432,2.0199999809265137,8822452
2023-07-31,2.0199999809265137,2.0399999618530273,2.009999990463257,2.0399999618530273,4910387
2023-08-01,2.0399999618530273,2.049999952316284,2.0,2.0199999809265137,7572251
2023-08-02,2.0199999809265137,2.0399999618530273,1.940000057220459,1.9600000381469727,9063591
2023-08-03,1.9600000381469727,1.9800000190734863,1.9299999475479126,1.9600000381469727,11093212
2023-08-06,1.9600000381469727,2.009999990463257,1.9500000476837158,1.9900000095367432,17054918
2023-08-07,1.9900000095367432,2.0350000858306885,1.99399995803833,2.003999948501587,16803022
2023-08-08,2.003999948501587,2.0280001163482666,1.9850000143051147,1.9900000095367432,9105525
2023-08-09,1.9900000095367432,2.0329999923706055,1.9850000143051147,2.007999897003174,13480800
2023-08-10,2.007999897003174,2.0179998874664307,1.975000023841858,1.975000023841858,6130208
2023-08-13,1.975000023841858,1.9930000305175781,1.9509999752044678,1.9830000400543213,12561254
2023-08-14,1.9830000400543213,2.015000104904175,1.9819999933242798,1.9819999933242798,10721161
2023-08-15,1.9819999933242798,1.9980000257492065,1.9700000286102295,1.9700000286102295,5220662
2023-08-16,1.9700000286102295,1.9869999885559082,1.9600000381469727,1.9600000381469727,6545523
2023-08-17,1.9600000381469727,1.975000023841858,1.9509999752044678,1.9529999494552612,4656587
2023-08-20,1.9529999494552612,1.9730000495910645,1.940999984741211,1.9420000314712524,5185798
2023-08-21,1.9420000314712524,1.9550000429153442,1.9149999618530273,1.937000036239624,7105758
2023-08-22,1.937000036239624,1.9639999866485596,1.9270000457763672,1.9459999799728394,7807153
2023-08-23,1.9459999799728394,2.0169999599456787,1.9520000219345093,1.9620000123977661,22263038
2023-08-24,1.9620000123977661,1.975000023841858,1.940000057220459,1.9500000476837158,4360377
2023-08-27,1.9500000476837158,1.972000002861023,1.930999994277954,1.937000036239624,7221825
2023-08-28,1.937000036239624,2.0199999809265137,1.9500000476837158,2.0199999809265137,21977450
2023-08-29,2.0199999809265137,2.0299999713897705,1.9930000305175781,2.010999917984009,14421857
2023-08-30,2.010999917984009,2.0299999713897705,1.9830000400543213,1.9859999418258667,12713821
2023-08-31,1.9859999418258667,1.9859999418258667,1.9859999418258667,1.9859999418258667,0
2023-09-03,1.9639999866485596,1.9880000352859497,1.9520000219345093,1.9620000123977661,7095237
2023-09-04,1.9620000123977661,1.975000023841858,1.940999984741211,1.9509999752044678,10213316
2023-09-05,1.9509999752044678,1.9819999933242798,1.9479999542236328,1.9520000219345093,11115700
2023-09-06,1.9520000219345093,1.99399995803833,1.9550000429153442,1.9609999656677246,27356774
2023-09-07,1.9609999656677246,1.9800000190734863,1.9500000476837158,1.9579999446868896,16850251
2023-09-10,1.9579999446868896,1.9579999446868896,1.9579999446868896,1.9579999446868896,0
2023-09-11,2.0280001163482666,2.049999952316284,2.009999990463257,2.0139999389648438,31409588
2023-09-12,2.0139999389648438,2.0299999713897705,1.9850000143051147,2.005000114440918,13349280
2023-09-13,2.005000114440918,2.0199999809265137,1.9910000562667847,2.003000020980835,5027109
2023-09-14,2.003000020980835,2.0420000553131104,2.005000114440918,2.0399999618530273,28432925
2023-09-17,2.0399999618530273,2.130000114440918,2.049999952316284,2.109999895095825,76838082
2023-09-18,2.109999895095825,2.119999885559082,2.069999933242798,2.109999895095825,20444164
2023-09-19,2.109999895095825,2.119999885559082,2.059999942779541,2.059999942779541,18683552
2023-09-20,2.059999942779541,2.059999942779541,2.059999942779541,2.059999942779541,0
2023-09-21,2.059999942779541,2.059999942779541,2.059999942779541,2.059999942779541,0
2023-09-24,2.059999942779541,2.059999942779541,2.059999942779541,2.059999942779541,0
2023-09-25,2.0199999809265137,2.180000066757202,2.0,2.1600000858306885,82433457
2023-09-26,2.1600000858306885,2.2100000381469727,2.059999942779541,2.0899999141693115,52339825
2023-09-27,2.0899999141693115,2.0899999141693115,2.0899999141693115,2.0899999141693115,0
2023-10-01,2.0899999141693115,2.0899999141693115,2.0899999141693115,2.0899999141693115,0
2023-10-02,2.1600000858306885,2.2300000190734863,2.0899999141693115,2.119999885559082,41107669
2023-10-03,2.119999885559082,2.1500000953674316,2.049999952316284,2.069999933242798,15280626
2023-10-04,2.069999933242798,2.130000114440918,2.069999933242798,2.109999895095825,11704095
2023-10-08,2.109999895095825,2.109999895095825,1.9199999570846558,2.0,18767942
2023-10-09,2.0,2.0199999809265137,1.9700000286102295,1.9800000190734863,9810763
2023-10-10,1.9800000190734863,2.0199999809265137,1.9800000190734863,1.9900000095367432,6863784
2023-10-11,1.9900000095367432,2.069999933242798,1.9900000095367432,2.0,21238590
2023-10-12,2.0,2.049999952316284,2.0,2.0,11751752
2023-10-15,2.0,2.049999952316284,2.0,2.0199999809265137,11939515
2023-10-16,2.0199999809265137,2.049999952316284,1.9900000095367432,2.0,13060479
2023-10-17,2.0,2.1500000953674316,2.009999990463257,2.119999885559082,40828555
2023-10-18,2.119999885559082,2.1700000762939453,2.059999942779541,2.0999999046325684,30500764
2023-10-19,2.0999999046325684,2.0999999046325684,2.0999999046325684,2.0999999046325684,0
2023-10-22,2.119999885559082,2.190000057220459,2.0999999046325684,2.1600000858306885,22995535
2023-10-23,2.1600000858306885,2.190000057220459,2.130000114440918,2.140000104904175,19891696
2023-10-24,2.140000104904175,2.1600000858306885,2.0799999237060547,2.109999895095825,17969661
2023-10-25,2.109999895095825,2.319999933242798,2.109999895095825,2.309999942779541,81013627
2023-10-26,2.309999942779541,2.4800000190734863,2.319999933242798,2.440000057220459,82715599
2023-10-29,2.440000057220459,2.6600000858306885,2.450000047683716,2.559999942779541,59612006
2023-10-30,2.559999942779541,2.5899999141693115,2.430000066757202,2.4700000286102295,29036188
2023-10-31,2.4700000286102295,2.5,2.4000000953674316,2.4100000858306885,23653204
2023-11-01,2.4100000858306885,2.6600000858306885,2.4100000858306885,2.640000104904175,47209507
2023-11-02,2.640000104904175,2.7899999618530273,2.5999999046325684,2.640000104904175,50286824
2023-11-05,2.640000104904175,2.690000057220459,2.5899999141693115,2.640000104904175,19968897
2023-11-06,2.640000104904175,2.7699999809265137,2.6500000953674316,2.6600000858306885,33799720
2023-11-07,2.6600000858306885,2.75,2.6500000953674316,2.700000047683716,35532428
2023-11-08,2.700000047683716,2.7899999618530273,2.5999999046325684,2.630000114440918,23056985
2023-11-09,2.630000114440918,2.6700000762939453,2.549999952316284,2.5899999141693115,24219571
2023-11-12,2.5899999141693115,2.680000066757202,2.5999999046325684,2.630000114440918,24695439
2023-11-13,2.630000114440918,2.6500000953674316,2.559999942779541,2.5999999046325684,19388079
2023-11-14,2.5999999046325684,2.6600000858306885,2.509999990463257,2.6500000953674316,28325899
2023-11-15,2.6500000953674316,2.799999952316284,2.680000066757202,2.799999952316284,64579557
2023-11-16,2.799999952316284,2.9700000286102295,2.8299999237060547,2.940000057220459,65843361
2023-11-19,2.940000057220459,2.9700000286102295,2.869999885559082,2.869999885559082,30921905
2023-11-20,2.869999885559082,2.9100000858306885,2.809999942779541,2.8399999141693115,32944800
2023-11-21,2.8399999141693115,2.890000104904175,2.7899999618530273,2.859999895095825,26725889
2023-11-22,2.859999895095825,3.0399999618530273,2.859999895095825,2.990000009536743,35646442
2023-11-23,2.990000009536743,3.0999999046325684,2.9600000381469727,3.0299999713897705,43171621
2023-11-26,3.0299999713897705,3.069999933242798,2.930000066757202,2.990000009536743,28900513
2023-11-27,2.990000009536743,3.0199999809265137,2.9700000286102295,3.0199999809265137,22743305
2023-11-28,3.0199999809265137,3.109999895095825,3.009999990463257,3.0299999713897705,25038991
2023-11-29,3.0299999713897705,3.059999942779541,2.859999895095825,2.880000114440918,14300469
2023-11-30,2.880000114440918,2.940000057220459,2.8299999237060547,2.859999895095825,13270044
2023-12-03,2.859999895095825,3.059999942779541,2.859999895095825,2.9700000286102295,15868699
2023-12-04,2.9700000286102295,3.180000066757202,2.940000057220459,3.109999895095825,42605873
2023-12-05,3.109999895095825,3.200000047683716,3.059999942779541,3.069999933242798,19905957
2023-12-06,3.069999933242798,3.2200000286102295,3.059999942779541,3.140000104904175,32674964
2023-12-07,3.140000104904175,3.0999999046325684,2.930000066757202,3.069999933242798,26386739
2023-12-10,3.069999933242798,3.0999999046325684,2.9000000953674316,2.9000000953674316,18153072
2023-12-11,2.9000000953674316,2.990000009536743,2.859999895095825,2.950000047683716,16639816
2023-12-12,2.950000047683716,3.0,2.859999895095825,2.9000000953674316,8600054
2023-12-13,2.9000000953674316,2.990000009536743,2.9000000953674316,2.990000009536743,5834091
2023-12-14,2.990000009536743,3.049999952316284,3.0,3.0,5081344
2023-12-17,3.0,3.049999952316284,2.940000057220459,3.009999990463257,5952996
2023-12-18,3.009999990463257,3.130000114440918,2.990000009536743,3.0799999237060547,19119154
2023-12-19,3.0799999237060547,3.140000104904175,3.0199999809265137,3.0199999809265137,9761260
2023-12-20,3.0199999809265137,3.069999933242798,2.950000047683716,2.9600000381469727,9108565
2023-12-21,2.9600000381469727,3.0299999713897705,2.7899999618530273,2.809999942779541,19369243
2023-12-24,2.809999942779541,2.809999942779541,2.809999942779541,2.809999942779541,0
2023-12-25,2.740000009536743,2.75,2.630000114440918,2.75,16776915
2023-12-26,2.75,2.7699999809265137,2.640000104904175,2.6500000953674316,11809115
2023-12-27,2.6500000953674316,2.740000009536743,2.6500000953674316,2.690000057220459,18753652
2023-12-28,2.690000057220459,2.7300000190734863,2.680000066757202,2.680000066757202,11805707
2023-12-31,2.680000066757202,2.740000009536743,2.6600000858306885,2.6600000858306885,15101816
2024-01-02,2.6600000858306885,2.880000114440918,2.700000047683716,2.880000114440918,15446200
2024-01-03,2.880000114440918,2.950000047683716,2.7899999618530273,2.9000000953674316,19126730
2024-01-04,2.9000000953674316,3.0199999809265137,2.890000104904175,2.950000047683716,20160308
2024-01-08,2.950000047683716,3.119999885559082,2.930000066757202,3.0999999046325684,26769719
2024-01-09,3.0999999046325684,3.1700000762939453,3.0799999237060547,3.0799999237060547,16257511
2024-01-10,3.0799999237060547,3.1500000953674316,3.049999952316284,3.140000104904175,15339596
2024-01-11,3.140000104904175,3.240000009536743,3.0899999141693115,3.200000047683716,29554036
2024-01-14,3.200000047683716,3.359999895095825,3.2200000286102295,3.319999933242798,29950400
2024-01-15,3.319999933242798,3.430000066757202,3.2899999618530273,3.3299999237060547,24932961
2024-01-16,3.3299999237060547,3.4000000953674316,3.309999942779541,3.3499999046325684,15873372
2024-01-17,3.3499999046325684,3.380000114440918,3.240000009536743,3.2699999809265137,11593508
2024-01-18,3.2699999809265137,3.509999990463257,3.25,3.4600000381469727,25245988
2024-01-21,3.4600000381469727,3.5799999237060547,3.4600000381469727,3.5799999237060547,16398729
2024-01-22,3.5799999237060547,3.5899999141693115,3.440000057220459,3.490000009536743,24022192
2024-01-23,3.490000009536743,3.490000009536743,3.369999885559082,3.380000114440918,21020290
2024-01-24,3.380000114440918,3.4100000858306885,3.2899999618530273,3.299999952316284,11403011
2024-01-28,3.299999952316284,3.3499999046325684,3.200000047683716,3.2699999809265137,20871960
2024-01-29,3.2699999809265137,3.4800000190734863,3.2799999713897705,3.3399999141693115,21702811
2024-01-30,3.3399999141693115,3.549999952316284,3.3499999046325684,3.5,24934780
2024-01-31,3.5,3.5299999713897705,3.0,3.130000114440918,24654754
2024-02-01,3.130000114440918,3.25,2.9100000858306885,3.2200000286102295,17736843
2024-02-04,3.2200000286102295,3.509999990463257,3.049999952316284,3.4600000381469727,27834808
2024-02-05,3.4600000381469727,3.6700000762939453,3.440000057220459,3.609999895095825,47175986
2024-02-06,3.609999895095825,3.6700000762939453,3.359999895095825,3.6500000953674316,59436262
2024-02-07,3.6500000953674316,3.7200000286102295,3.5299999713897705,3.549999952316284,37181992
2024-02-08,3.549999952316284,3.5999999046325684,3.4700000286102295,3.559999942779541,18932739
2024-02-11,3.559999942779541,3.819999933242798,3.5399999618530273,3.5399999618530273,43056996
2024-02-12,3.5399999618530273,3.7200000286102295,3.509999990463257,3.6500000953674316,38347512
2024-02-13,3.6500000953674316,3.75,3.5999999046325684,3.6500000953674316,30715761
2024-02-14,3.6500000953674316,3.7200000286102295,3.619999885559082,3.690000057220459,22531750
2024-02-15,3.690000057220459,3.7799999713897705,3.6500000953674316,3.759999990463257,20489611
2024-02-18,3.759999990463257,3.759999990463257,3.759999990463257,3.759999990463257,0
2024-02-19,3.7100000381469727,3.859999895095825,3.680000066757202,3.8499999046325684,40478096
2024-02-20,3.8499999046325684,4.309999942779541,3.8499999046325684,4.239999771118164,96309780
2024-02-21,4.239999771118164,4.340000152587891,4.110000133514404,4.239999771118164,68196623
2024-02-22,4.239999771118164,4.480000019073486,4.159999847412109,4.480000019073486,44086340
2024-02-25,4.480000019073486,5.320000171661377,4.300000190734863,4.940000057220459,135192231
2024-02-26,4.940000057220459,5.440000057220459,4.760000228881836,5.059999942779541,82064457
2024-02-27,5.059999942779541,5.480000019073486,5.079999923706055,5.099999904632568,64105682
2024-02-28,5.099999904632568,5.25,4.650000095367432,4.829999923706055,38843582
2024-02-29,4.829999923706055,4.940000057220459,4.639999866485596,4.769999980926514,24562563
2024-03-03,4.769999980926514,5.059999942779541,4.710000038146973,4.840000152587891,50307476
2024-03-04,4.840000152587891,5.130000114440918,4.880000114440918,4.980000019073486,59721956
2024-03-05,4.980000019073486,5.099999904632568,4.789999961853027,4.860000133514404,37902554
2024-03-06,4.860000133514404,4.800000190734863,4.300000190734863,4.300000190734863,42193792
2024-03-07,4.300000190734863,4.429999828338623,3.9600000381469727,4.300000190734863,50523850
2024-03-10,4.300000190734863,4.5,4.199999809265137,4.210000038146973,22149855
2024-03-11,4.210000038146973,4.28000020980835,3.9800000190734863,4.039999961853027,28674529
2024-03-12,4.039999961853027,4.099999904632568,3.809999942779541,3.9000000953674316,32311544
2024-03-13,3.9000000953674316,3.950000047683716,3.5299999713897705,3.6600000858306885,40370038
2024-03-14,3.6600000858306885,3.7899999618530273,3.5799999237060547,3.740000009536743,15568176
2024-03-17,3.740000009536743,3.8299999237060547,3.569999933242798,3.5999999046325684,11346882
2024-03-18,3.5999999046325684,3.609999895095825,3.2200000286102295,3.2799999713897705,22258145
2024-03-19,3.2799999713897705,3.3399999141693115,3.130000114440918,3.299999952316284,12129429
2024-03-20,3.299999952316284,3.4000000953674316,3.1700000762939453,3.200000047683716,17622071
2024-03-21,3.200000047683716,3.3399999141693115,3.190000057220459,3.299999952316284,25939106
2024-03-24,3.299999952316284,3.359999895095825,3.259999990463257,3.2699999809265137,13994169
2024-03-25,3.2699999809265137,3.7200000286102295,3.259999990463257,3.640000104904175,38603617
2024-03-26,3.640000104904175,3.740000009536743,3.4800000190734863,3.490000009536743,19926404
2024-03-27,3.490000009536743,3.5899999141693115,3.2799999713897705,3.299999952316284,22849388
2024-03-28,3.299999952316284,3.4100000858306885,3.240000009536743,3.380000114440918,23375033
2024-03-31,3.380000114440918,3.4600000381469727,3.1700000762939453,3.2899999618530273,15104702
2024-04-01,3.2899999618530273,3.609999895095825,3.309999942779541,3.5999999046325684,25856135
2024-04-02,3.5999999046325684,3.700000047683716,3.5199999809265137,3.5799999237060547,27683174
2024-04-03,3.5799999237060547,3.609999895095825,3.4600000381469727,3.559999942779541,16355441
2024-04-04,3.559999942779541,3.680000066757202,3.569999933242798,3.609999895095825,16990990
2024-04-07,3.609999895095825,3.6700000762939453,3.490000009536743,3.5199999809265137,53832387
2024-04-08,3.5199999809265137,3.6700000762939453,3.5,3.6500000953674316,9665223
2024-04-15,3.6500000953674316,3.880000114440918,3.5999999046325684,3.8499999046325684,26912588
2024-04-16,3.8499999046325684,3.9000000953674316,3.7799999713897705,3.869999885559082,17193675
2024-04-17,3.869999885559082,4.130000114440918,3.8499999046325684,4.070000171661377,56822302
2024-04-18,4.070000171661377,4.21999979019165,3.7799999713897705,3.859999895095825,74388334
2024-04-21,3.859999895095825,4.059999942779541,3.9100000858306885,3.940000057220459,28347063
2024-04-22,3.940000057220459,4.119999885559082,3.7799999713897705,3.8399999141693115,22270566
2024-04-23,3.8399999141693115,3.859999895095825,3.640000104904175,3.680000066757202,23245580
2024-04-24,3.680000066757202,3.6700000762939453,3.3399999141693115,3.430000066757202,30669803
2024-04-28,3.430000066757202,3.430000066757202,3.430000066757202,3.430000066757202,0
2024-04-29,3.200000047683716,3.380000114440918,3.190000057220459,3.359999895095825,21699465
2024-04-30,3.359999895095825,3.4100000858306885,3.0199999809265137,3.0999999046325684,17247310
2024-05-02,3.200000047683716,3.319999933242798,3.119999885559082,3.259999990463257,17684875
2024-05-07,3.259999990463257,3.299999952316284,3.180000066757202,3.2699999809265137,10472744
2024-05-08,3.2699999809265137,3.4200000762939453,3.2200000286102295,3.25,17518397
2024-05-09,3.25,3.2799999713897705,3.140000104904175,3.2200000286102295,5607952
2024-05-12,3.2200000286102295,3.2699999809265137,3.0199999809265137,3.069999933242798,12915907
2024-05-13,3.069999933242798,3.0999999046325684,2.930000066757202,3.069999933242798,16044283
2024-05-14,3.069999933242798,3.130000114440918,2.940000057220459,3.0199999809265137,24820967
2024-05-15,3.0199999809265137,3.0799999237060547,2.950000047683716,3.0,23236082
2024-05-16,3.0,3.1500000953674316,3.009999990463257,3.1500000953674316,24930081
2024-05-19,3.1500000953674316,3.319999933242798,3.1500000953674316,3.319999933242798,33193301
2024-05-20,3.319999933242798,3.4200000762939453,3.259999990463257,3.319999933242798,23839862
2024-05-21,3.319999933242798,3.5799999237060547,3.319999933242798,3.5,56424324
2024-05-22,3.5,3.619999885559082,3.4700000286102295,3.569999933242798,38047801
2024-05-23,3.569999933242798,3.640000104904175,3.5,3.549999952316284,17288679
2024-05-26,3.549999952316284,3.549999952316284,3.549999952316284,3.549999952316284,0
2024-05-27,3.75,3.7699999809265137,3.5999999046325684,3.630000114440918,17136771
2024-05-28,3.630000114440918,3.819999933242798,3.5299999713897705,3.759999990463257,49804954
2024-05-29,3.759999990463257,3.869999885559082,3.7300000190734863,3.7699999809265137,20865174
2024-05-30,3.7699999809265137,3.7899999618530273,3.6500000953674316,3.7300000190734863,11228152
2024-06-02,3.7300000190734863,3.799999952316284,3.5999999046325684,3.700000047683716,10471962
2024-06-03,3.700000047683716,3.7699999809265137,3.640000104904175,3.700000047683716,8773429
2024-06-04,3.700000047683716,3.940000057220459,3.7100000381469727,3.8499999046325684,27350776
2024-06-05,3.8499999046325684,4.0,3.759999990463257,3.9200000762939453,61201490
2024-06-06,3.9200000762939453,3.9800000190734863,3.7699999809265137,3.7899999618530273,27024666
2024-06-09,3.7899999618530273,4.099999904632568,3.7300000190734863,4.050000190734863,66895026
2024-06-10,4.050000190734863,4.090000152587891,3.930000066757202,3.950000047683716,18529406
2024-06-11,3.950000047683716,4.21999979019165,3.9600000381469727,4.119999885559082,87529728
2024-06-12,4.119999885559082,4.159999847412109,4.0,4.039999961853027,28504498
2024-06-13,4.039999961853027,4.099999904632568,3.9700000286102295,4.010000228881836,36070953
2024-06-23,4.010000228881836,4.190000057220459,4.03000020980835,4.119999885559082,37519885
2024-06-24,4.119999885559082,4.150000095367432,4.039999961853027,4.039999961853027,24358126
2024-06-25,4.039999961853027,4.130000114440918,3.9800000190734863,4.110000133514404,14983366
2024-06-26,4.110000133514404,4.389999866485596,4.119999885559082,4.309999942779541,62494803
2024-06-27,4.309999942779541,4.389999866485596,4.190000057220459,4.210000038146973,35967557
2024-07-02,4.429999828338623,4.5,4.329999923706055,4.369999885559082,44749563
2024-07-03,4.369999885559082,4.46999979019165,4.349999904632568,4.380000114440918,23179090
2024-07-04,4.380000114440918,4.400000095367432,4.269999980926514,4.300000190734863,18947360
2024-07-07,4.300000190734863,4.599999904632568,4.320000171661377,4.480000019073486,63837889
2024-07-08,4.480000019073486,4.650000095367432,4.460000038146973,4.559999942779541,40673593
2024-07-09,4.559999942779541,4.639999866485596,4.539999961853027,4.599999904632568,19332076
2024-07-10,4.599999904632568,4.679999828338623,4.559999942779541,4.570000171661377,17457006
2024-07-14,4.570000171661377,4.610000133514404,4.53000020980835,4.53000020980835,11379781
2024-07-15,4.53000020980835,4.610000133514404,4.53000020980835,4.570000171661377,9745117
2024-07-16,4.570000171661377,4.769999980926514,4.539999961853027,4.769999980926514,14617753
2024-07-17,4.769999980926514,4.949999809265137,4.679999828338623,4.900000095367432,23127781
2024-07-18,4.900000095367432,4.960000038146973,4.71999979019165,4.75,31016774
2024-07-21,4.75,4.800000190734863,4.659999847412109,4.800000190734863,24652590
2024-07-22,4.800000190734863,4.840000152587891,4.699999809265137,4.699999809265137,15159344
2024-07-23,4.699999809265137,4.769999980926514,4.690000057220459,4.71999979019165,13064572
2024-07-24,4.71999979019165,4.800000190734863,4.570000171661377,4.650000095367432,24850892
2024-07-28,4.650000095367432,4.710000038146973,4.579999923706055,4.610000133514404,11967018
2024-07-29,4.610000133514404,4.699999809265137,4.579999923706055,4.650000095367432,22414944
2024-07-30,4.650000095367432,4.789999961853027,4.659999847412109,4.71999979019165,35009955
2024-07-31,4.71999979019165,4.739999771118164,4.630000114440918,4.630000114440918,11641534
2024-08-01,4.630000114440918,4.659999847412109,4.389999866485596,4.420000076293945,47315102
2024-08-04,4.420000076293945,4.389999866485596,4.210000038146973,4.269999980926514,21065003
2024-08-05,4.269999980926514,4.199999809265137,3.859999895095825,4.03000020980835,37061026
2024-08-06,4.03000020980835,4.179999828338623,4.079999923706055,4.159999847412109,25610425
2024-08-07,4.159999847412109,4.230000019073486,4.070000171661377,4.190000057220459,17891689
2024-08-08,4.190000057220459,4.199999809265137,4.099999904632568,4.130000114440918,14814385
2024-08-11,4.130000114440918,4.400000095367432,4.170000076293945,4.380000114440918,47002979
2024-08-12,4.380000114440918,4.480000019073486,4.360000133514404,4.429999828338623,45323926
2024-08-13,4.429999828338623,4.46999979019165,4.329999923706055,4.360000133514404,6099990
2024-08-14,4.360000133514404,4.429999828338623,4.320000171661377,4.420000076293945,19516258
2024-08-15,4.420000076293945,4.730000019073486,4.420000076293945,4.670000076293945,33790432
2024-08-18,4.670000076293945,4.889999866485596,4.699999809265137,4.739999771118164,32808053
2024-08-19,4.739999771118164,5.050000190734863,4.71999979019165,5.039999961853027,38260345
2024-08-20,5.039999961853027,5.159999847412109,5.010000228881836,5.019999980926514,40140937
2024-08-21,5.019999980926514,5.269999980926514,4.960000038146973,5.199999809265137,25842322
2024-08-22,5.199999809265137,5.420000076293945,5.190000057220459,5.360000133514404,20898969
2024-08-25,5.360000133514404,6.400000095367432,5.380000114440918,5.989999771118164,56884141
2024-08-26,5.989999771118164,6.130000114440918,5.78000020980835,5.909999847412109,24592936
2024-08-27,5.909999847412109,6.099999904632568,5.78000020980835,5.920000076293945,27253454
2024-08-28,5.920000076293945,6.329999923706055,5.880000114440918,6.300000190734863,31563399
2024-08-29,6.300000190734863,6.610000133514404,6.179999828338623,6.369999885559082,40821917
2024-09-01,6.369999885559082,7.010000228881836,6.400000095367432,6.889999866485596,79459149
2024-09-02,6.889999866485596,6.940000057220459,6.559999942779541,6.579999923706055,37477153
2024-09-03,6.579999923706055,6.760000228881836,6.400000095367432,6.46999979019165,30482389
2024-09-04,6.46999979019165,6.570000171661377,6.329999923706055,6.409999847412109,22096488
2024-09-05,6.409999847412109,6.570000171661377,6.400000095367432,6.440000057220459,10518494
2024-09-08,6.440000057220459,6.46999979019165,6.119999885559082,6.309999942779541,31707342
2024-09-09,6.309999942779541,6.610000133514404,6.28000020980835,6.539999961853027,27829169
2024-09-10,6.539999961853027,6.739999771118164,6.320000171661377,6.349999904632568,39597197
2024-09-11,6.349999904632568,6.559999942779541,6.260000228881836,6.53000020980835,31697461
2024-09-12,6.53000020980835,6.679999828338623,6.389999866485596,6.420000076293945,16223829
2024-09-16,6.420000076293945,6.5,6.25,6.28000020980835,11666296
2024-09-17,6.28000020980835,6.320000171661377,6.03000020980835,6.059999942779541,39413320
2024-09-18,6.059999942779541,6.099999904632568,5.889999866485596,5.940000057220459,41867535
2024-09-19,5.940000057220459,6.429999828338623,5.980000019073486,6.369999885559082,40520158
2024-09-22,6.369999885559082,6.570000171661377,6.320000171661377,6.449999809265137,27565265
2024-09-23,6.449999809265137,6.519999980926514,6.320000171661377,6.349999904632568,16678720
2024-09-24,6.46999979019165,6.630000114440918,6.460000038146973,6.519999980926514,31895624
2024-09-25,6.329999923706055,6.579999923706055,6.309999942779541,6.46999979019165,30360689
2024-09-26,6.46999979019165,6.630000114440918,6.460000038146973,6.519999980926514,31895624
2024-09-29,6.519999980926514,6.650000095367432,6.429999828338623,6.510000228881836,23053847
2024-09-30,6.510000228881836,6.650000095367432,6.460000038146973,6.650000095367432,31195934
2024-10-01,6.650000095367432,6.75,6.559999942779541,6.559999942779541,50159476
2024-10-02,6.559999942779541,6.900000095367432,6.519999980926514,6.739999771118164,45031110
2024-10-03,6.739999771118164,6.889999866485596,6.699999809265137,6.769999980926514,49040248
2024-10-07,6.769999980926514,6.880000114440918,6.460000038146973,6.460000038146973,22411449
2024-10-08,6.460000038146973,6.5,6.090000152587891,6.230000019073486,23623047
2024-10-09,6.230000019073486,6.380000114440918,6.159999847412109,6.269999980926514,17608516
2024-10-10,6.269999980926514,6.329999923706055,6.059999942779541,6.090000152587891,20772180
2024-10-13,6.090000152587891,6.159999847412109,5.659999847412109,5.710000038146973,25178208
2024-10-14,5.710000038146973,5.880000114440918,5.619999885559082,5.840000152587891,23397040
2024-10-15,5.840000152587891,5.949999809265137,5.820000171661377,5.900000095367432,12263726
2024-10-16,5.900000095367432,5.96999979019165,5.659999847412109,5.659999847412109,18192283
2024-10-17,5.659999847412109,5.699999809265137,5.349999904632568,5.349999904632568,18473783
2024-10-20,5.349999904632568,5.650000095367432,5.090000152587891,5.139999866485596,30647899
2024-10-21,5.139999866485596,5.599999904632568,5.170000076293945,5.599999904632568,29768970
2024-10-22,5.599999904632568,5.760000228881836,5.599999904632568,5.75,12626939
2024-10-23,5.75,6.03000020980835,5.78000020980835,5.789999961853027,42061734
2024-10-24,5.789999961853027,6.139999866485596,5.75,5.889999866485596,22711754
2024-10-27,5.889999866485596,6.090000152587891,5.849999904632568,5.949999809265137,10255217
2024-10-28,5.949999809265137,6.019999980926514,5.869999885559082,5.889999866485596,6418193
2024-10-29,5.889999866485596,5.940000057220459,5.630000114440918,5.650000095367432,12027867
2024-10-30,5.650000095367432,5.730000019073486,5.599999904632568,5.670000076293945,5940394
2024-10-31,5.670000076293945,5.75,5.619999885559082,5.650000095367432,5683471
2024-11-03,5.650000095367432,5.860000133514404,5.699999809265137,5.739999771118164,8660747
2024-11-04,5.739999771118164,5.880000114440918,5.710000038146973,5.760000228881836,7776704
2024-11-05,5.760000228881836,5.800000190734863,5.630000114440918,5.690000057220459,5820492
2024-11-06,5.690000057220459,5.760000228881836,5.639999866485596,5.71999979019165,14204099
2024-11-07,5.71999979019165,5.900000095367432,5.78000020980835,5.809999942779541,20154970
2024-11-10,5.809999942779541,5.920000076293945,5.800000190734863,5.800000190734863,8602384
2024-11-11,5.800000190734863,5.860000133514404,5.800000190734863,5.809999942779541,4997753
2024-11-12,5.809999942779541,5.949999809265137,5.820000171661377,5.889999866485596,12911294
2024-11-13,5.889999866485596,5.980000019073486,5.71999979019165,5.760000228881836,16410388
2024-11-14,5.760000228881836,5.840000152587891,5.730000019073486,5.78000020980835,5129580
2024-11-17,5.78000020980835,5.800000190734863,5.690000057220459,5.699999809265137,6015185
2024-11-18,5.699999809265137,5.739999771118164,5.460000038146973,5.46999979019165,11235086
2024-11-19,5.46999979019165,5.5,5.389999866485596,5.409999847412109,4252995
2024-11-20,5.409999847412109,5.619999885559082,5.420000076293945,5.599999904632568,10790618
2024-11-21,5.599999904632568,5.659999847412109,5.53000020980835,5.579999923706055,4321077
2024-11-24,5.579999923706055,5.599999904632568,5.440000057220459,5.449999809265137,4105045
2024-11-25,5.449999809265137,5.550000190734863,5.400000095367432,5.409999847412109,4805406
2024-11-26,5.409999847412109,5.489999771118164,5.369999885559082,5.380000114440918,4766366
2024-11-27,5.380000114440918,5.429999828338623,5.269999980926514,5.28000020980835,5865203
2024-11-28,5.28000020980835,5.550000190734863,5.199999809265137,5.449999809265137,8196863
2024-12-01,5.449999809265137,5.980000019073486,5.480000019073486,5.909999847412109,39783089
2024-12-02,5.909999847412109,6.179999828338623,5.889999866485596,6.179999828338623,45915245
2024-12-03,6.179999828338623,6.239999771118164,5.960000038146973,5.960000038146973,15274498
2024-12-04,5.960000038146973,6.349999904632568,6.0,6.230000019073486,45722394
2024-12-05,6.230000019073486,6.300000190734863,6.130000114440918,6.170000076293945,14224504
2024-12-08,6.170000076293945,6.449999809265137,6.190000057220459,6.449999809265137,20778106
2024-12-09,6.449999809265137,6.650000095367432,6.320000171661377,6.5,50724007
2024-12-10,6.5,6.619999885559082,6.340000152587891,6.460000038146973,20988728
2024-12-11,6.460000038146973,6.679999828338623,6.449999809265137,6.559999942779541,14676394
2024-12-12,6.559999942779541,6.650000095367432,6.510000228881836,6.639999866485596,7443826
2024-12-15,6.639999866485596,6.769999980926514,6.599999904632568,6.730000019073486,11091418
2024-12-16,6.730000019073486,6.820000171661377,6.659999847412109,6.659999847412109,11044835
2024-12-17,6.659999847412109,6.699999809265137,6.460000038146973,6.480000019073486,7862381
2024-12-18,6.480000019073486,6.539999961853027,6.28000020980835,6.349999904632568,7474011
2024-12-19,6.349999904632568,6.449999809265137,6.190000057220459,6.369999885559082,18232851
2024-12-22,6.369999885559082,6.480000019073486,6.369999885559082,6.389999866485596,2417996
2024-12-23,6.389999866485596,6.440000057220459,6.150000095367432,6.199999809265137,10796591
2024-12-24,6.199999809265137,6.300000190734863,6.050000190734863,6.130000114440918,14191456
2024-12-25,6.130000114440918,6.320000171661377,6.150000095367432,6.260000228881836,6744338
2024-12-26,6.260000228881836,6.369999885559082,6.25,6.300000190734863,5653069
2024-12-29,6.300000190734863,6.5,6.269999980926514,6.5,12422292
2024-12-30,6.5,6.519999980926514,6.340000152587891,6.400000095367432,9153870
2024-12-31,6.400000095367432,6.559999942779541,6.369999885559082,6.539999961853027,7606774
2025-01-02,6.539999961853027,6.980000019073486,6.550000190734863,6.940000057220459,24347034
2025-01-05,6.940000057220459,7.230000019073486,6.940000057220459,7.059999942779541,27955860
2025-01-06,7.059999942779541,7.159999847412109,6.900000095367432,7.150000095367432,19561217
2025-01-08,7.150000095367432,7.21999979019165,7.019999980926514,7.110000133514404,12615818
2025-01-09,7.110000133514404,7.150000095367432,7.0,7.010000228881836,13340021
2025-01-12,7.010000228881836,6.980000019073486,6.829999923706055,6.829999923706055,11594300
2025-01-13,6.829999923706055,6.949999809265137,6.519999980926514,6.519999980926514,14360920
2025-01-14,6.519999980926514,6.800000190734863,6.130000114440918,6.559999942779541,26079912
2025-01-15,6.559999942779541,6.71999979019165,6.539999961853027,6.610000133514404,9940141
2025-01-16,6.610000133514404,6.679999828338623,6.590000152587891,6.599999904632568,8858828
2025-01-19,6.610000133514404,6.929999828338623,6.590000152587891,6.789999961853027,24221734
2025-01-20,6.78000020980835,6.849999904632568,6.639999866485596,6.739999771118164,11334841
2025-01-21,6.739999771118164,6.929999828338623,6.690000057220459,6.809999942779541,11412118
2025-01-22,6.809999942779541,7.0,6.78000020980835,6.900000095367432,15742388
2025-01-23,6.900000095367432,7.079999923706055,6.840000152587891,6.880000114440918,11899301
2025-01-26,6.880000114440918,6.940000057220459,6.670000076293945,6.699999809265137,10805939
2025-01-27,6.699999809265137,6.75,6.610000133514404,6.610000133514404,9969522
2025-01-28,6.610000133514404,6.739999771118164,6.599999904632568,6.599999904632568,10875205
2025-01-29,6.599999904632568,6.710000038146973,6.559999942779541,6.639999866485596,16936876
2025-01-30,6.639999866485596,6.710000038146973,6.550000190734863,6.550000190734863,11979195
2025-02-02,6.550000190734863,6.610000133514404,6.5,6.510000228881836,8032745
2025-02-03,6.510000228881836,6.519999980926514,6.289999961853027,6.340000152587891,12182982
2025-02-04,6.340000152587891,6.5,6.349999904632568,6.400000095367432,6719110
2025-02-05,6.400000095367432,6.460000038146973,6.329999923706055,6.429999828338623,6198293
2025-02-06,6.429999828338623,6.480000019073486,6.400000095367432,6.480000019073486,3246645
2025-02-09,6.480000019073486,6.559999942779541,6.380000114440918,6.400000095367432,5240930
2025-02-10,6.400000095367432,6.46999979019165,6.340000152587891,6.440000057220459,4254460
2025-02-11,6.440000057220459,6.449999809265137,6.050000190734863,6.099999904632568,15666326
2025-02-12,6.099999904632568,6.340000152587891,5.929999828338623,6.289999961853027,11259539
2025-02-13,6.289999961853027,6.329999923706055,6.099999904632568,6.190000057220459,9142065
2025-02-16,6.190000057220459,6.460000038146973,6.21999979019165,6.449999809265137,11732085
2025-02-17,6.449999809265137,6.5,6.360000133514404,6.369999885559082,7959552
2025-02-18,6.369999885559082,6.420000076293945,6.289999961853027,6.349999904632568,6656774
2025-02-19,6.349999904632568,6.539999961853027,6.340000152587891,6.360000133514404,16868251
2025-02-20,6.360000133514404,6.650000095367432,6.389999866485596,6.650000095367432,31682256
2025-02-23,6.650000095367432,6.690000057220459,6.539999961853027,6.539999961853027,11483850
2025-02-24,6.539999961853027,6.590000152587891,6.449999809265137,6.46999979019165,5406346
2025-02-25,6.46999979019165,6.539999961853027,6.309999942779541,6.369999885559082,13813021
2025-02-26,6.369999885559082,6.409999847412109,6.28000020980835,6.28000020980835,5243805
2025-02-27,6.28000020980835,6.440000057220459,6.25,6.25,21647445
2025-03-02,6.25,6.420000076293945,6.260000228881836,6.400000095367432,11539226
2025-03-03,6.400000095367432,6.519999980926514,6.409999847412109,6.460000038146973,11753812
2025-03-04,6.460000038146973,6.510000228881836,6.380000114440918,6.400000095367432,5565788
2025-03-05,6.400000095367432,6.5,6.389999866485596,6.5,7168641
2025-03-06,6.5,6.579999923706055,6.489999771118164,6.539999961853027,11258309
2025-03-09,6.539999961853027,6.760000228881836,6.5,6.760000228881836,17252349
2025-03-10,6.760000228881836,6.880000114440918,6.679999828338623,6.679999828338623,13919414
2025-03-11,6.679999828338623,6.849999904632568,6.619999885559082,6.840000152587891,13613700
2025-03-12,6.840000152587891,7.110000133514404,6.840000152587891,6.940000057220459,28989175
2025-03-13,6.940000057220459,7.039999961853027,6.789999961853027,6.809999942779541,21255835
2025-03-16,6.809999942779541,6.96999979019165,6.820000171661377,6.849999904632568,6678280
2025-03-17,6.849999904632568,6.900000095367432,6.730000019073486,6.730000019073486,6141375
2025-03-18,6.730000019073486,7.199999809265137,6.699999809265137,7.199999809265137,25746838
2025-03-19,7.199999809265137,7.489999771118164,7.210000038146973,7.349999904632568,23476471
2025-03-20,7.349999904632568,7.409999847412109,7.210000038146973,7.28000020980835,8653634
2025-03-23,7.28000020980835,7.550000190734863,7.230000019073486,7.480000019073486,17767136
2025-03-24,7.480000019073486,7.539999961853027,7.210000038146973,7.269999980926514,9881658
2025-03-25,7.269999980926514,7.340000152587891,7.0,7.019999980926514,11192139
2025-03-26,7.019999980926514,7.110000133514404,6.889999866485596,6.960000038146973,10897294
2025-03-27,6.960000038146973,7.099999904632568,6.920000076293945,7.070000171661377,8706688
2025-04-03,7.070000171661377,7.159999847412109,6.880000114440918,7.099999904632568,7122451
2025-04-06,7.099999904632568,6.889999866485596,6.670000076293945,6.769999980926514,18460939
2025-04-07,6.769999980926514,6.699999809265137,6.349999904632568,6.650000095367432,15802160
2025-04-08,6.650000095367432,6.789999961853027,6.619999885559082,6.659999847412109,8457010
2025-04-09,6.659999847412109,6.659999847412109,6.28000020980835,6.289999961853027,15578796
2025-04-10,6.289999961853027,6.639999866485596,6.369999885559082,6.409999847412109,27431637
2025-04-13,6.409999847412109,6.550000190734863,6.380000114440918,6.53000020980835,18933676
2025-04-14,6.53000020980835,6.630000114440918,6.489999771118164,6.519999980926514,20194248
2025-04-15,6.519999980926514,6.71999979019165,6.519999980926514,6.659999847412109,18390123
2025-04-16,6.659999847412109,6.690000057220459,6.53000020980835,6.539999961853027,13333191
2025-04-17,6.539999961853027,6.570000171661377,6.46999979019165,6.519999980926514,12667442
2025-04-22,6.519999980926514,6.590000152587891,6.5,6.53000020980835,12649730
2025-04-23,6.53000020980835,6.659999847412109,6.550000190734863,6.619999885559082,15612192
2025-04-27,6.619999885559082,6.900000095367432,6.650000095367432,6.860000133514404,30424570
2025-04-28,6.860000133514404,6.909999847412109,6.809999942779541,6.860000133514404,10917063
2025-04-29,6.860000133514404,6.940000057220459,6.739999771118164,6.760000228881836,10149431
2025-04-30,6.760000228881836,6.800000190734863,6.699999809265137,6.71999979019165,15307188
2025-05-04,6.71999979019165,7.03000020980835,6.710000038146973,7.03000020980835,36574914
2025-05-05,7.03000020980835,7.119999885559082,6.980000019073486,7.079999923706055,46507692
2025-05-06,7.079999923706055,7.199999809265137,7.039999961853027,7.070000171661377,21378702
2025-05-07,7.070000171661377,7.260000228881836,6.929999828338623,7.010000228881836,24475812
2025-05-08,7.010000228881836,7.059999942779541,6.829999923706055,6.900000095367432,20831946
2025-05-11,6.900000095367432,6.949999809265137,6.730000019073486,6.730000019073486,17106795
2025-05-12,6.730000019073486,6.829999923706055,6.730000019073486,6.760000228881836,10108959
2025-05-13,6.760000228881836,6.869999885559082,6.78000020980835,6.840000152587891,9145993
2025-05-14,6.840000152587891,6.909999847412109,6.800000190734863,6.889999866485596,6101920
2025-05-15,6.889999866485596,6.920000076293945,6.820000171661377,6.869999885559082,5971096
2025-05-18,6.869999885559082,6.889999866485596,6.699999809265137,6.789999961853027,3304099
2025-05-19,6.789999961853027,6.800000190734863,6.619999885559082,6.639999866485596,8115961
2025-05-20,6.639999866485596,6.760000228881836,6.619999885559082,6.739999771118164,14618092
2025-05-21,6.739999771118164,6.909999847412109,6.71999979019165,6.820000171661377,19767627
2025-05-22,6.820000171661377,7.079999923706055,6.829999923706055,7.050000190734863,30840718
2025-05-25,7.050000190734863,7.300000190734863,7.099999904632568,7.289999961853027,37809794
2025-05-26,7.289999961853027,7.400000095367432,7.269999980926514,7.360000133514404,30151936
2025-05-27,7.360000133514404,7.800000190734863,7.369999885559082,7.699999809265137,51644405
2025-05-28,7.699999809265137,7.760000228881836,7.630000114440918,7.670000076293945,21441492
2025-05-29,7.670000076293945,8.130000114440918,7.699999809265137,8.020000457763672,60422691
2025-06-01,8.020000457763672,8.210000038146973,7.940000057220459,7.989999771118164,22252306
2025-06-02,7.989999771118164,8.199999809265137,7.809999942779541,7.949999809265137,28328730
2025-06-03,7.949999809265137,8.180000305175781,7.96999979019165,8.039999961853027,24498623
2025-06-04,8.039999961853027,8.289999961853027,8.0,8.229999542236328,23712719
2025-06-10,8.229999542236328,8.680000305175781,8.25,8.569999694824219,29689740
2025-06-11,8.569999694824219,8.90999984741211,8.5,8.5,46691378
2025-06-12,8.5,8.5,8.039999961853027,8.149999618530273,32859266
2025-06-15,8.149999618530273,7.940000057220459,7.559999942779541,7.940000057220459,28500084
2025-06-16,7.940000057220459,8.0600004196167,7.78000020980835,7.829999923706055,27953155
2025-06-17,7.829999923706055,7.920000076293945,7.610000133514404,7.710000038146973,17716471
2025-06-18,7.710000038146973,7.909999847412109,7.630000114440918,7.829999923706055,9115770
2025-06-19,7.829999923706055,7.96999979019165,7.699999809265137,7.75,12716381
2025-06-22,7.75,7.960000038146973,7.400000095367432,7.960000038146973,15735057
2025-06-23,7.960000038146973,8.279999732971191,8.0,8.220000267028809,16552613
2025-06-24,8.220000267028809,8.779999732971191,8.350000381469727,8.670000076293945,36666340
2025-06-25,8.670000076293945,9.220000267028809,8.5,9.0600004196167,35596285
2025-06-29,9.0600004196167,9.390000343322754,9.029999732971191,9.029999732971191,23574898
2025-06-30,9.029999732971191,9.25,8.920000076293945,9.0,18316695
2025-07-01,9.0,9.050000190734863,8.710000038146973,8.800000190734863,12219281
2025-07-02,8.800000190734863,9.199999809265137,8.819999694824219,9.170000076293945,19332783
2025-07-06,9.170000076293945,9.34000015258789,9.170000076293945,9.199999809265137,14187171
2025-07-07,9.199999809265137,9.289999961853027,9.100000381469727,9.15999984741211,7242342
2025-07-09,9.15999984741211,9.460000038146973,9.010000228881836,9.4399995803833,11242930
2025-07-10,9.4399995803833,9.489999771118164,9.15999984741211,9.15999984741211,12132592
2025-07-13,9.15999984741211,9.25,8.899999618530273,8.960000038146973,11947029
2025-07-14,8.960000038146973,9.170000076293945,8.930000305175781,9.100000381469727,9464770
2025-07-15,9.100000381469727,9.170000076293945,8.880000114440918,8.920000076293945,16997652
2025-07-16,8.920000076293945,8.979999542236328,8.760000228881836,8.800000190734863,6774672
2025-07-17,8.800000190734863,8.949999809265137,8.789999961853027,8.829999923706055,8189910
2025-07-20,8.829999923706055,8.880000114440918,8.729999542236328,8.770000457763672,8753504
2025-07-21,8.770000457763672,8.859999656677246,8.729999542236328,8.729999542236328,18612000
2025-07-22,8.729999542236328,8.789999961853027,8.5,8.5600004196167,17171277
2025-07-23,8.5600004196167,8.5600004196167,8.5600004196167,8.5600004196167,0
2025-07-27,8.600000381469727,8.720000267028809,8.470000267028809,8.510000228881836,14054471
2025-07-28,8.510000228881836,8.579999923706055,8.130000114440918,8.1899995803833,22909268
2025-07-29,8.1899995803833,8.270000457763672,8.010000228881836,8.069999694824219,23765287
2025-07-30,8.069999694824219,8.329999923706055,8.050000190734863,8.15999984741211,27141468
2025-07-31,8.15999984741211,8.3100004196167,8.15999984741211,8.289999961853027,20130114
2025-08-03,8.289999961853027,8.289999961853027,8.289999961853027,8.289999961853027,0
2025-08-04,8.289999961853027,8.289999961853027,8.289999961853027,8.289999961853027,0
2025-08-05,8.289999961853027,8.289999961853027,8.289999961853027,8.289999961853027,0
2025-08-06,8.289999961853027,8.289999961853027,8.289999961853027,8.289999961853027,0
2025-08-07,8.289999961853027,8.289999961853027,8.289999961853027,8.289999961853027,0
2025-08-10,8.279999732971191,8.359999656677246,8.270000457763672,8.350000381469727,15499040
2025-08-11,8.350000381469727,8.430000305175781,8.3100004196167,8.3100004196167,13732621
2025-08-12,8.3100004196167,8.350000381469727,8.210000038146973,8.210000038146973,9504333
2025-08-13,8.210000038146973,8.359999656677246,8.149999618530273,8.1899995803833,5133956
2025-08-14,8.1899995803833,8.25,8.050000190734863,8.079999923706055,6671576
2025-08-17,8.079999923706055,8.25,8.010000228881836,8.170000076293945,10838222
2025-08-18,8.170000076293945,8.210000038146973,7.840000152587891,7.940000057220459,22889262
2025-08-19,7.940000057220459,7.96999979019165,7.78000020980835,7.960000038146973,24338066
2025-08-20,7.960000038146973,8.050000190734863,7.920000076293945,7.949999809265137,18025591
2025-08-21,7.949999809265137,7.96999979019165,7.849999904632568,7.900000095367432,12942409
2025-08-24,7.900000095367432,7.940000057220459,7.840000152587891,7.849999904632568,4174552
2025-08-25,7.849999904632568,8.010000228881836,7.849999904632568,7.860000133514404,12966181
2025-08-26,7.860000133514404,7.940000057220459,7.769999980926514,7.78000020980835,10527883
2025-08-27,7.78000020980835,7.809999942779541,7.679999828338623,7.75,7065274
2025-08-28,7.75,8.100000381469727,7.75,8.09000015258789,21796398
2025-08-31,8.09000015258789,8.199999809265137,7.710000038146973,7.710000038146973,31543294
2025-09-01,7.710000038146973,8.0,7.730000019073486,8.0,20825734
2025-09-02,8.0,8.050000190734863,7.860000133514404,7.960000038146973,10364693
2025-09-03,7.960000038146973,7.989999771118164,7.710000038146973,7.710000038146973,13456191
2025-09-07,7.710000038146973,7.820000171661377,7.489999771118164,7.519999980926514,19448782
2025-09-08,7.519999980926514,7.659999847412109,7.429999828338623,7.489999771118164,12172569
2025-09-09,7.489999771118164,7.539999961853027,7.21999979019165,7.300000190734863,14998534
2025-09-10,7.300000190734863,7.320000171661377,7.190000057220459,7.260000228881836,8551756
2025-09-11,7.260000228881836,7.320000171661377,7.070000171661377,7.099999904632568,16633207
2025-09-14,7.099999904632568,7.320000171661377,7.110000133514404,7.320000171661377,15358977
2025-09-15,7.320000171661377,7.380000114440918,7.210000038146973,7.210000038146973,8559259
2025-09-16,7.210000038146973,7.210000038146973,6.989999771118164,7.050000190734863,13184510
2025-09-17,7.050000190734863,7.190000057220459,7.0,7.070000171661377,9377669
2025-09-18,7.070000171661377,7.210000038146973,7.0,7.170000076293945,12703793
2025-09-21,7.170000076293945,7.28000020980835,7.079999923706055,7.130000114440918,13129358
2025-09-22,7.130000114440918,7.179999828338623,7.050000190734863,7.159999847412109,7016521
2025-09-23,7.159999847412109,7.199999809265137,7.079999923706055,7.079999923706055,10739603
2025-09-24,7.079999923706055,7.309999942779541,7.050000190734863,7.300000190734863,28270125
2025-09-25,7.300000190734863,7.409999847412109,7.239999771118164,7.300000190734863,19244116
2025-09-28,7.300000190734863,7.329999923706055,7.230000019073486,7.289999961853027,5687981
2025-09-29,7.289999961853027,7.449999809265137,7.300000190734863,7.420000076293945,20663701
2025-09-30,7.420000076293945,7.5,7.380000114440918,7.380000114440918,24422856
2025-10-01,7.380000114440918,7.409999847412109,7.260000228881836,7.360000133514404,9702166
2025-10-02,7.360000133514404,7.510000228881836,7.329999923706055,7.429999828338623,15617366
2025-10-05,7.429999828338623,7.550000190734863,7.460000038146973,7.5,10140867
2025-10-06,7.5,7.550000190734863,7.400000095367432,7.409999847412109,8493155
2025-10-07,7.409999847412109,7.460000038146973,7.369999885559082,7.400000095367432,6937979
2025-10-08,7.400000095367432,7.409999847412109,7.260000228881836,7.309999942779541,8768289
2025-10-12,7.309999942779541,7.420000076293945,7.210000038146973,7.409999847412109,8343854
2025-10-13,7.409999847412109,7.550000190734863,7.400000095367432,7.519999980926514,15926567
2025-10-14,7.519999980926514,7.690000057220459,7.53000020980835,7.639999866485596,23141365
2025-10-15,7.639999866485596,7.840000152587891,7.670000076293945,7.75,23380090
2025-10-16,7.75,7.829999923706055,7.71999979019165,7.730000019073486,13008159
2025-10-19,7.730000019073486,7.989999771118164,7.730000019073486,7.96999979019165,23895739
2025-10-20,7.96999979019165,8.100000381469727,7.829999923706055,8.029999732971191,28337039
2025-10-21,8.029999732971191,8.140000343322754,7.900000095367432,8.010000228881836,21555595
2025-10-22,8.010000228881836,8.050000190734863,7.929999828338623,7.96999979019165,3880649
2025-10-23,7.96999979019165,8.0,7.860000133514404,7.929999828338623,4081421
2025-10-26,7.929999828338623,8.100000381469727,7.889999866485596,8.069999694824219,10339691
2025-10-27,8.069999694824219,8.149999618530273,8.0,8.010000228881836,15217325
2025-10-28,8.010000228881836,8.100000381469727,7.96999979019165,8.0,7620407
2025-10-29,8.0,8.039999961853027,7.900000095367432,8.0,5183716
2025-10-30,8.0,8.039999961853027,7.829999923706055,7.860000133514404,12718660
2025-11-02,7.860000133514404,7.940000057220459,7.739999771118164,7.769999980926514,6063476
2025-11-03,7.769999980926514,8.130000114440918,7.739999771118164,8.119999885559082,17223180
2025-11-04,8.119999885559082,8.3100004196167,8.130000114440918,8.199999809265137,43604847
2025-11-05,8.199999809265137,8.399999618530273,8.199999809265137,8.350000381469727,53069299
2025-11-06,8.350000381469727,8.460000038146973,8.260000228881836,8.279999732971191,28821163
2025-11-09,8.279999732971191,8.380000114440918,8.210000038146973,8.300000190734863,10188859
2025-11-10,8.300000190734863,8.34000015258789,8.029999732971191,8.069999694824219,15424646
2025-11-11,8.069999694824219,8.109999656677246,7.75,7.900000095367432,18852195
2025-11-12,7.900000095367432,8.229999542236328,7.880000114440918,8.15999984741211,26037938
2025-11-13,8.15999984741211,8.3100004196167,8.0600004196167,8.180000305175781,15301674
2025-11-16,8.180000305175781,8.220000267028809,8.050000190734863,8.170000076293945,21263840
2025-11-17,8.170000076293945,8.430000305175781,8.1899995803833,8.359999656677246,37448034
2025-11-18,8.359999656677246,8.449999809265137,8.229999542236328,8.229999542236328,19272512
2025-11-19,8.229999542236328,8.34000015258789,8.130000114440918,8.239999771118164,6392191
2025-11-20,8.239999771118164,8.319999694824219,8.140000343322754,8.140000343322754,4805329
2025-11-23,8.140000343322754,8.199999809265137,8.069999694824219,8.09000015258789,10831654
2025-11-24,8.09000015258789,8.130000114440918,7.860000133514404,7.900000095367432,20542185
2025-11-25,7.900000095367432,8.010000228881836,7.880000114440918,8.0,10987557
2025-11-26,8.0,8.100000381469727,7.900000095367432,7.920000076293945,11391720
2025-11-27,7.920000076293945,8.199999809265137,7.909999847412109,8.09000015258789,25716940
2025-11-30,8.09000015258789,8.300000190734863,8.119999885559082,8.289999961853027,16842514
2025-12-01,8.289999961853027,8.390000343322754,8.050000190734863,8.15999984741211,16280489
2025-12-02,8.15999984741211,8.199999809265137,8.020000457763672,8.050000190734863,6391075
2025-12-03,8.050000190734863,8.199999809265137,8.050000190734863,8.100000381469727,5284098
2025-12-04,8.100000381469727,8.170000076293945,8.069999694824219,8.079999923706055,5488784
2025-12-07,8.079999923706055,8.649999618530273,8.149999618530273,8.600000381469727,44928207
2025-12-08,8.600000381469727,8.699999809265137,8.430000305175781,8.630000114440918,19321103
2025-12-09,8.630000114440918,8.710000038146973,8.510000228881836,8.600000381469727,10855826
2025-12-10,8.600000381469727,8.649999618530273,8.460000038146973,8.5,4456628
2025-12-11,8.5,8.75,8.5,8.5,15489578
2025-12-14,8.5,8.579999923706055,8.380000114440918,8.430000305175781,7228783
2025-12-15,8.430000305175781,8.8100004196167,8.449999809265137,8.670000076293945,23108407
2025-12-16,8.670000076293945,8.720000267028809,8.520000457763672,8.550000190734863,7114917
2025-12-17,8.550000190734863,8.600000381469727,8.390000343322754,8.449999809265137,6459655
2025-12-18,8.449999809265137,8.510000228881836,8.300000190734863,8.300000190734863,9229398
2025-12-21,8.300000190734863,8.34000015258789,8.220000267028809,8.300000190734863,6696447
2025-12-22,8.300000190734863,8.489999771118164,8.3100004196167,8.369999885559082,6617230
2025-12-23,8.369999885559082,8.420000076293945,8.239999771118164,8.25,4817750
2025-12-24,8.25,8.399999618530273,8.260000228881836,8.350000381469727,6278526
2025-12-25,8.350000381469727,8.40999984741211,8.300000190734863,8.399999618530273,5048795
2025-12-28,8.399999618530273,8.569999694824219,8.369999885559082,8.550000190734863,8693802
2025-12-29,8.550000190734863,8.59000015258789,8.420000076293945,8.489999771118164,4496307
2025-12-30,8.489999771118164,8.579999923706055,8.449999809265137,8.510000228881836,7734424
2025-12-31,8.510000228881836,8.670000076293945,8.5,8.609999656677246,8464156
2026-01-04,8.609999656677246,8.65999984741211,8.449999809265137,8.479999542236328,4258142
2026-01-05,8.479999542236328,8.529999732971191,8.260000228881836,8.399999618530273,9054908
2026-01-06,8.399999618530273,8.489999771118164,8.3100004196167,8.369999885559082,5824182
2026-01-08,8.369999885559082,8.380000114440918,8.1899995803833,8.199999809265137,7044647
2026-01-11,8.199999809265137,8.800000190734863,8.239999771118164,8.789999961853027,41382759
2026-01-12,8.789999961853027,9.09000015258789,8.649999618530273,8.699999809265137,32485849
2026-01-13,8.699999809265137,8.75,8.380000114440918,8.399999618530273,15285012
2026-01-14,8.399999618530273,8.75,8.279999732971191,8.4399995803833,22197012
2026-01-15,8.4399995803833,8.579999923706055,8.350000381469727,8.460000038146973,6128406
2026-01-18,8.460000038146973,8.6899995803833,8.350000381469727,8.5,8620094
2026-01-19,8.5,8.640000343322754,8.489999771118164,8.569999694824219,15485101
2026-01-20,8.569999694824219,8.890000343322754,8.600000381469727,8.729999542236328,23260960
2026-01-21,8.729999542236328,9.199999809265137,8.649999618530273,8.970000267028809,36347617
2026-01-22,8.970000267028809,9.069999694824219,8.770000457763672,8.800000190734863,15887404
2026-01-25,8.800000190734863,8.930000305175781,8.649999618530273,8.850000381469727,10146032
2026-01-26,8.850000381469727,8.850000381469727,8.649999618530273,8.710000038146973,9624460
2026-01-27,8.710000038146973,8.789999961853027,8.579999923706055,8.699999809265137,9715883
2026-01-28,8.699999809265137,8.779999732971191,8.550000190734863,8.600000381469727,7133018
2026-02-01,8.600000381469727,8.699999809265137,8.520000457763672,8.699999809265137,6193521
2026-02-02,8.699999809265137,8.739999771118164,8.600000381469727,8.699999809265137,3837748
2026-02-03,8.699999809265137,9.09000015258789,8.670000076293945,9.050000190734863,23785341
2026-02-04,9.050000190734863,9.100000381469727,8.829999923706055,8.859999656677246,14374374
2026-02-05,8.859999656677246,8.930000305175781,8.710000038146973,8.829999923706055,7849897
2026-02-08,8.829999923706055,9.050000190734863,8.84000015258789,8.90999984741211,15066528
2026-02-09,8.90999984741211,9.0,8.829999923706055,8.90999984741211,3268591
2026-02-10,8.90999984741211,8.949999809265137,8.819999694824219,8.890000343322754,3602280
2026-02-11,8.890000343322754,9.100000381469727,8.850000381469727,8.960000038146973,11003115
2026-02-12,8.960000038146973,8.989999771118164,8.789999961853027,8.850000381469727,12398802
2026-02-15,8.850000381469727,9.430000305175781,8.869999885559082,9.300000190734863,42186941
2026-02-16,9.300000190734863,9.699999809265137,9.319999694824219,9.380000114440918,29280808
2026-02-17,9.380000114440918,9.800000190734863,9.229999542236328,9.699999809265137,25362386
2026-02-18,9.699999809265137,9.979999542236328,9.609999656677246,9.739999771118164,28188971
2026-02-19,9.739999771118164,9.789999961853027,9.300000190734863,9.399999618530273,9905430
2026-02-22,9.399999618530273,9.520000457763672,8.899999618530273,9.260000228881836,10792414
2026-02-23,9.260000228881836,9.479999542236328,9.109999656677246,9.4399995803833,4315589
2026-02-24,9.4399995803833,9.489999771118164,9.239999771118164,9.25,4043126
2026-02-25,9.25,9.300000190734863,8.90999984741211,8.989999771118164,8012536
2026-02-26,8.989999771118164,9.319999694824219,8.819999694824219,9.050000190734863,8449907
2026-03-01,9.050000190734863,8.949999809265137,8.4399995803833,8.899999618530273,6635019
2026-03-02,8.899999618530273,8.949999809265137,8.720000267028809,8.850000381469727,4573311
2026-03-03,8.850000381469727,8.880000114440918,8.520000457763672,8.720000267028809,5805108
2026-03-04,8.720000267028809,8.75,8.460000038146973,8.670000076293945,10237409
2026-03-05,8.670000076293945,9.300000190734863,8.75,9.239999771118164,23408905
2026-03-08,9.239999771118164,9.25,8.710000038146973,8.75,16868663
2026-03-09,8.75,8.84000015258789,8.619999885559082,8.670000076293945,8781089
2026-03-10,8.670000076293945,8.90999984741211,8.710000038146973,8.899999618530273,7391143
2026-03-11,8.899999618530273,8.979999542236328,8.779999732971191,8.800000190734863,2972724
2026-03-12,8.800000190734863,8.850000381469727,8.609999656677246,8.680000305175781,4296821
2026-03-15,8.680000305175781,8.760000228881836,8.550000190734863,8.600000381469727,2566977
2026-03-16,8.600000381469727,8.640000343322754,8.100000381469727,8.199999809265137,14947843
2026-03-17,8.199999809265137,8.619999885559082,8.25,8.489999771118164,12317696
2026-03-18,8.489999771118164,8.640000343322754,8.460000038146973,8.510000228881836,12729385
2026-03-19,8.510000228881836,8.510000228881836,8.510000228881836,8.510000228881836,0
2026-03-24,8.510000228881836,8.880000114440918,8.5600004196167,8.65999984741211,9890227
2026-03-25,8.65999984741211,8.859999656677246,8.6899995803833,8.699999809265137,13416763
2026-03-26,8.699999809265137,8.75,8.630000114440918,8.630000114440918,4580719
2026-03-29,8.630000114440918,8.649999618530273,8.399999618530273,8.460000038146973,8173766
2026-03-30,8.460000038146973,8.569999694824219,8.199999809265137,8.279999732971191,7731313
2026-03-31,8.279999732971191,8.399999618530273,7.989999771118164,8.390000343322754,28931246
2026-04-01,8.390000343322754,8.5,8.279999732971191,8.350000381469727,17734599
2026-04-02,8.350000381469727,8.630000114440918,8.25,8.460000038146973,33224812
2026-04-05,8.460000038146973,8.600000381469727,8.380000114440918,8.420000076293945,15033238
2026-04-06,8.420000076293945,8.550000190734863,8.390000343322754,8.460000038146973,20621053
2026-04-07,8.460000038146973,8.479999542236328,8.210000038146973,8.25,12625724
2026-04-08,8.25,8.640000343322754,8.4399995803833,8.630000114440918,31608144
2026-04-09,8.630000114440918,8.680000305175781,8.390000343322754,8.430000305175781,27762076
2026-04-14,8.430000305175781,8.630000114440918,8.449999809265137,8.550000190734863,16294443
2026-04-15,8.550000190734863,9.100000381469727,8.699999809265137,8.880000114440918,64408756
2026-04-16,8.880000114440918,9.399999618530273,8.930000305175781,9.300000190734863,53052274
2026-04-19,9.300000190734863,9.850000381469727,9.329999923706055,9.65999984741211,47821792
2026-04-20,9.65999984741211,9.800000190734863,9.4399995803833,9.760000228881836,40932776
2026-04-21,9.760000228881836,11.100000381469727,9.880000114440918,10.970000267028809,82964408
2026-04-22,10.970000267028809,12.0,10.75,11.5,86290759
2026-04-23,11.5,11.649999618530273,11.0,11.199999809265137,46877877
2026-04-26,11.199999809265137,11.279999732971191,10.699999809265137,10.970000267028809,32485346
2026-04-27,10.970000267028809,11.229999542236328,10.970000267028809,11.050000190734863,18362819
2026-04-28,11.050000190734863,11.329999923706055,11.020000457763672,11.130000114440918,17314968
2026-04-29,11.130000114440918,11.270000457763672,11.09000015258789,11.15999984741211,12441616
2026-04-30,11.15999984741211,11.75,11.270000457763672,11.359999656677246,51363652
2026-05-03,11.359999656677246,12.989999771118164,11.489999771118164,12.399999618530273,56763237
2026-05-04,12.399999618530273,13.100000381469727,12.220000267028809,12.539999961853027,45368216
2026-05-05,12.539999961853027,12.930000305175781,12.229999542236328,12.720000267028809,32034348
2026-05-06,12.720000267028809,13.449999809265137,12.699999809265137,13.300000190734863,43757219
2026-05-10,13.300000190734863,14.600000381469727,13.520000457763672,14.40999984741211,54492363
2026-05-11,14.40999984741211,14.989999771118164,14.0,14.350000381469727,29817100
2026-05-12,14.350000381469727,14.569999694824219,13.850000381469727,14.0,24220962
2026-05-13,14.0,14.399999618530273,13.84000015258789,14.300000190734863,36076472
2026-05-14,14.300000190734863,14.399999618530273,13.869999885559082,13.899999618530273,21264087
2026-05-17,13.899999618530273,13.949999809265137,13.470000267028809,13.539999961853027,21203302
2026-05-18,13.539999961853027,13.75,13.010000228881836,13.470000267028809,23178364
2026-05-19,13.470000267028809,13.9399995803833,13.550000190734863,13.6899995803833,17480531
2026-05-20,13.6899995803833,13.970000267028809,13.399999618530273,13.399999618530273,20864161
2026-05-21,13.399999618530273,13.829999923706055,13.399999618530273,13.770000457763672,16086161
2026-05-24,13.770000457763672,14.5,13.960000038146973,14.319999694824219,43978838
2026-05-25,14.319999694824219,15.25,14.319999694824219,15.170000076293945,43433586
2026-05-26,15.170000076293945,15.170000076293945,15.170000076293945,15.170000076293945,0
2026-05-27,15.170000076293945,15.170000076293945,15.170000076293945,15.170000076293945,0
2026-05-28,15.170000076293945,15.170000076293945,15.170000076293945,15.170000076293945,0
2026-06-01,15.170000076293945,16.079999923706055,15.510000228881836,15.960000038146973,41534619
2026-06-02,15.960000038146973,15.989999771118164,15.520000457763672,15.550000190734863,24044445
2026-06-03,15.550000190734863,15.6899995803833,15.149999618530273,15.25,26003401
2026-06-04,15.25,15.369999885559082,15.079999923706055,15.100000381469727,22705851
2026-06-07,15.100000381469727,15.100000381469727,14.640000343322754,14.800000190734863,19451123
2026-06-08,14.800000190734863,15.199999809265137,14.600000381469727,15.0,20064553
2026-06-09,15.0,15.359999656677246,15.010000228881836,15.069999694824219,26540453
2026-06-10,15.069999694824219,15.210000038146973,14.609999656677246,14.699999809265137,14292522
2026-06-11,14.699999809265137,14.869999885559082,14.430000305175781,14.5,9238751
2026-06-14,14.5,16.0,15.010000228881836,15.710000038146973,52035163
2026-06-15,15.710000038146973,16.329999923706055,15.40999984741211,16.010000228881836,51993366
2026-06-16,16.010000228881836,16.1299991607666,15.75,15.800000190734863,39253764
2026-06-17,15.800000190734863,15.800000190734863,15.800000190734863,15.800000190734863,0
2026-06-18,15.800000190734863,15.800000190734863,15.800000190734863,15.800000190734863,0
2026-06-21,16.190000534057617,16.43000030517578,15.829999923706055,15.859999656677246,26698022
2026-06-22,15.859999656677246,15.859999656677246,15.859999656677246,15.859999656677246,0
2026-06-23,15.84000015258789,15.920000076293945,15.260000228881836,15.5,18026186
2026-06-24,15.5,15.699999809265137,15.3100004196167,15.350000381469727,7998916
