Date,Open,High,Low,Close,Volume
2021-02-15,6.595145225524902,6.689496736253956,6.52909970789618,6.595145225524902,1710115
2021-02-16,6.595145059639219,6.698931448889862,6.604580390435339,6.632885932922363,898143
2021-02-17,6.63288579050938,6.708366635652369,6.538534284179318,6.614015579223633,912651
2021-02-18,6.61401574524635,6.642320837934813,6.5102293556188675,6.576274871826172,1095879
2021-02-21,6.576274718065767,6.651756013239952,6.519664084111122,6.585710048675537,591710
2021-02-22,6.585710202656551,6.604580414415971,6.51966423654791,6.576274871826172,208831
2021-02-23,6.576274871826172,6.576274871826172,6.576274871826172,6.576274871826172,0
2021-02-24,6.510229600662048,6.538534694415906,6.4158785383135974,6.481924057006836,1758527
2021-02-25,6.48192390289501,6.519664326937088,6.415878385772045,6.491359233856201,1219869
2021-02-28,6.491359103666494,6.547969738594237,6.340396960624513,6.444183349609375,1668792
2021-03-01,6.444183388582827,6.463053600339532,6.349832329799302,6.4158782958984375,2138942
2021-03-02,6.415878700385463,6.415878700385463,6.227176121020381,6.312092304229736,2466661
2021-03-03,6.312091878151333,6.340396970709559,6.180000396443162,6.255481243133545,2095479
2021-03-04,6.255481485776693,6.453618940975148,6.246046154623742,6.321527004241943,781923
2021-03-07,6.321526850168323,6.397008147848182,6.312091969146679,6.330962181091309,912307
2021-03-08,6.330962484812195,6.368702910512009,6.047908842162228,6.1800007820129395,1412126
2021-03-09,6.180000367447588,6.264916094625191,6.010168013289717,6.095084190368652,2851355
2021-03-10,6.09508409759827,6.057343675004579,5.972427499218113,6.019603252410889,1809206
2021-03-11,6.019603344032413,6.161130155863528,5.991297801705657,6.095084190368652,1487042
2021-03-14,6.095084559365102,6.255481592490714,6.1328249848180265,6.208305835723877,1808217
2021-03-15,6.208305890140431,6.227176103032293,6.066779068500781,6.151695251464844,2662346
2021-03-16,6.151695251464844,6.312092285996355,6.1045194942845065,6.151695251464844,773369
2021-03-17,6.151694631920376,6.208305264894639,6.066778457508322,6.132824420928955,1585391
2021-03-18,6.132825291323733,6.180001050448315,5.99129846385137,6.057344436645508,756478
2021-03-21,6.057344012594899,6.1233895308640705,5.915817195030267,6.000733375549316,455416
2021-03-22,6.000733102772008,6.066778618038927,5.8025956571685935,5.93468713760376,1341618
2021-03-23,5.9346871883005345,6.095084212292657,5.576152717012417,5.878076553344727,1909151
2021-03-24,5.878076770333212,6.095084437291954,5.896946982681739,6.000733375549316,442544
2021-03-25,6.000733246106851,6.038473669989803,5.90638218639947,5.95355749130249,1687866
2021-03-28,5.95355749130249,6.038473669989803,5.944122610282422,5.95355749130249,740587
2021-03-29,5.9535581079424205,6.029038963526256,5.944123225945134,5.972428321838379,334834
2021-03-30,5.972427640062474,6.085648910513578,5.972427640062474,6.038473606109619,963420
2021-03-31,6.038474211074026,6.038474211074026,5.821466529351164,5.896947383880615,1599733
2021-04-01,5.896946142126343,5.981862310541374,5.812029973711312,5.859205722808838,1359011
2021-04-04,5.859205970356096,5.915816601724114,5.6610685356173835,5.736549377441406,674210
2021-04-05,5.7365492800258835,5.745984610044312,5.557282058787412,5.661068439483643,1186542
2021-04-06,5.6610685929084195,5.736549435496323,5.566717539673542,5.651633262634277,3499514
2021-04-07,5.651633846532676,5.604458539991977,5.481801933163715,5.538412570953369,2559885
2021-04-08,5.538412365473523,5.698809391544018,5.5478476963724175,5.604458332061768,674729
2021-04-11,5.604457809076962,5.698808859754763,5.585587598941402,5.661068439483643,349517
2021-04-12,5.661068439483643,5.7365492800258835,5.632762899329653,5.661068439483643,822547
2021-04-13,5.661069266089087,5.679939478979996,5.5195424444565875,5.613893508911133,1171315
2021-04-14,5.613893735714262,5.613893735714262,5.274229889955369,5.387451171875,1351622
2021-04-15,5.387450668283347,5.378015337387987,5.10439704004131,5.227053642272949,3873830
2021-04-18,5.227053591414654,5.283664226531982,5.255359133923986,5.283664226531982,405623
2021-04-19,5.2836635615931336,5.396884817579114,5.274228681878275,5.321403980255127,770988
2021-04-20,5.321404587676023,5.41575564510087,5.255359072429295,5.368580341339111,4399263
2021-04-21,5.3685801986237145,5.4534963729993775,5.293099354690378,5.349709987640381,775998
2021-04-22,5.3497095192022615,5.368579728533258,5.30253377092413,5.321403980255127,2188639
2021-04-25,5.321405213915554,5.472367373462337,5.311970332013408,5.359145641326904,1181517
2021-04-26,5.359145641326904,5.472367373462337,5.3308405457190835,5.359145641326904,291117
2021-04-27,5.359144830500663,5.4346261238046,5.340274619650007,5.378015041351318,1427913
2021-04-28,5.37801589730023,5.37801589730023,5.3025350418843,5.330840587615967,641450
2021-05-04,5.3308405457190835,5.3968860687382545,5.3308405457190835,5.359145641326904,1388954
2021-05-05,5.359145010645961,5.396885433615901,5.330839918369173,5.368580341339111,1341463
2021-05-06,5.368580973130433,5.444061827953133,5.321405213915554,5.359145641326904,3803713
2021-05-09,5.359145240427606,5.510107388681427,5.425191208407488,5.4629316329956055,800101
2021-05-10,5.602262052710885,5.553883093638737,5.447450121881524,5.5151801109313965,499002
2021-05-11,5.515180571494758,5.621614013515994,5.505505055697911,5.573235511779785,762321
2021-05-17,5.573234996450564,5.689343943532632,5.611937978811254,5.640964984893799,3020609
2021-05-18,5.640965385715967,5.998968228678421,5.660316878271344,5.815129280090332,3091783
2021-05-19,5.81512879980543,5.9118862545908915,5.728046859810547,5.805452823638916,4101709
2021-05-20,5.805452820185417,5.90221027491332,5.718370880242336,5.795776844024658,2584006
2021-05-23,5.795777755177784,5.93123867446857,5.834481204529444,5.89253568649292,1080137
2021-05-24,5.892534741311029,5.998967710483866,5.7667498198784735,5.873183250427246,988934
2021-05-25,5.87318379407264,5.824804831697065,5.679668405946319,5.718371391296387,2536734
2021-05-26,5.718371404190632,5.824804844831305,5.708695888519287,5.708695888519287,2496375
2021-05-27,5.708695434712976,5.805452890614699,5.515180061533587,5.640964984893799,3842552
2021-05-30,5.6409649794688415,5.7280469203846165,5.621613488307107,5.669992446899414,457466
2021-05-31,5.669993412640148,5.757074907012122,5.582911456892152,5.650641918182373,502803
2021-06-01,5.65064147869059,5.640965501526264,5.505505050857594,5.5538835525512695,566564
2021-06-02,5.553883653028796,5.592587101010315,5.2636112534873565,5.3893961906433105,2110860
2021-06-03,5.3893956865025325,5.5151801505162235,5.370044195009968,5.447450160980225,1431943
2021-06-06,5.447450564085026,5.640965493330539,5.47647757278386,5.582911014556885,489655
2021-06-07,5.58291042579457,5.9505892139623775,5.660316389329701,5.873183250427246,3697971
2021-06-08,5.873183668053655,6.057023075209887,5.844156198975947,5.989292621612549,4670960
2021-06-09,5.989292170003297,5.989292170003297,5.85383173439868,5.931237697601318,514059
2021-06-10,5.93123867446857,5.979617178750129,5.805453732859701,5.89253568649292,975111
2021-06-13,5.89253568649292,5.998968672737954,5.805453732859701,5.89253568649292,1111772
2021-06-14,5.892535237350253,5.902210752918671,5.7086958277905735,5.824804782867432,1227538
2021-06-15,5.824804834329544,5.892535289410764,5.640965423145644,5.7280473709106445,1326197
2021-06-16,5.728046962088663,5.7570739683546295,5.515180096383831,5.563559055328369,2694983
2021-06-17,5.563559553453278,5.59258702369412,5.49582909714197,5.5248565673828125,1730497
2021-06-20,5.524856535783231,5.650641470480807,5.50550504285868,5.582911014556885,1097681
2021-06-21,5.582910446944386,5.902210278424377,5.611937914067994,5.805452823638916,1953030
2021-06-22,5.80545352266185,6.385998782652837,5.902210989097682,6.298917293548584,12272633
2021-06-23,6.2989167581013605,6.598865109242956,6.2408618217989,6.4053497314453125,8260147
2021-06-24,6.405350275940003,6.385998782652837,6.211835343068339,6.298917293548584,1104606
2021-06-27,6.2989167490316635,6.4827556886795845,6.2408618128127955,6.42470121383667,2584414
2021-06-28,6.42470121383667,6.492431665174714,6.318268240645969,6.42470121383667,2292118
2021-06-29,6.424701279787839,6.453728748195247,6.095725918967638,6.289240837097168,1429148
2021-06-30,6.289241252124011,6.463404689933628,6.231186772854139,6.4150261878967285,1823428
2021-07-04,6.41502602460068,6.811731853534558,6.453729009795401,6.724649906158447,6742973
2021-07-05,6.724649908782261,6.869786334007082,6.598865437538328,6.734325885772705,5315352
2021-07-06,6.734325506114651,6.598865065517066,6.366646705973827,6.511783123016357,6522907
2021-07-07,6.511783530091737,6.763352935499488,6.579513985312583,6.656919956207275,4475229
2021-07-08,6.6569200167813065,6.714974495480588,6.4827561193074805,6.531135082244873,3681293
2021-07-11,6.531135500345933,6.676271937073268,6.4924325120687785,6.627892971038818,1517540
2021-07-12,6.627892443171645,6.802056337923866,6.647243935769006,6.724649906158447,2681577
2021-07-13,6.724649881084241,6.879462282661853,6.714974365509627,6.802056312561035,4263506
2021-07-14,6.802056677672493,7.0633020714735135,6.869786674458239,6.995571613311768,4738411
2021-07-15,6.9955712274204975,6.966543757987826,6.7730288330232655,6.821407794952393,1352083
2021-07-18,6.8214082490031815,6.918165717925892,6.773029283853823,6.860111236572266,1252170
2021-07-25,6.860110236591685,7.014922164301486,6.869785751385578,6.9471917152404785,743056
2021-07-26,6.947192727914703,6.9665442216992455,6.811732271422908,6.860111236572266,720756
2021-07-27,6.860110746998434,6.937516716612503,6.8214077621914,6.869786262512207,697394
2021-07-28,6.8697862354668855,6.976219673955203,6.8697862354668855,6.937516689300537,812014
2021-07-29,6.9375166793922,6.985895179453452,6.918165187092504,6.9568681716918945,834993
2021-08-01,6.956868680430602,6.995571667860246,6.792380753166612,6.889138221740723,971356
2021-08-02,6.889137754915724,6.976219701419537,6.782704777384366,6.869786262512207,1090357
2021-08-03,6.869786313288159,6.908489298381255,6.5311349630355835,6.77302885055542,826154
2021-08-04,6.7730283792003485,6.7730283792003485,6.676270923201247,6.7440009117126465,682119
2021-08-05,6.7440009117126465,6.7730283792003485,6.676270923201247,6.7440009117126465,161381
2021-08-08,6.7440009117126465,6.7440009117126465,6.7440009117126465,6.7440009117126465,0
2021-08-09,6.7440009117126465,6.7440009117126465,6.7440009117126465,6.7440009117126465,0
2021-08-10,6.840759673665614,7.0633020806271825,6.782705192898596,6.966544151306152,2548904
2021-08-11,6.966543687153757,7.082653102327897,6.889137717954977,6.9568681716918945,337139
2021-08-15,6.956868250034499,7.014922727587346,6.763352863482367,6.792380332946777,1042444
2021-08-16,6.792380315486088,6.908489270293309,6.782704799940139,6.84075927734375,566058
2021-08-17,6.840759254594917,6.908489247319241,6.831083277705172,6.869786262512207,964190
2021-08-18,6.869786310593414,6.908489295671328,6.676271385203843,6.763352870941162,1072717
2021-08-19,6.763352876239585,6.8214078152779125,6.685946906023117,6.782704830169678,1006979
2021-08-22,6.7827044220889885,6.8601103876483345,6.57951353180773,6.618216514587402,451139
2021-08-23,6.618216950334195,6.773028891645786,6.5795139650062975,6.69562292098999,226289
2021-08-24,6.695622931292357,6.763352925032403,6.627892476176332,6.676271438598633,202219
2021-08-25,6.676270949588394,6.773028405969918,6.57951349320687,6.685946464538574,1922886
2021-08-26,6.685946883472635,6.908489277782374,6.676271367916199,6.811731815338135,790692
2021-08-29,6.811731785301656,7.005246709336827,6.724649838797842,6.869786262512207,2201796
2021-08-30,6.869786683361123,7.043950587038177,6.869786683361123,6.966544151306152,1942977
2021-08-31,6.966544142277876,7.16005953929315,6.831083687330384,6.995571613311768,2337195
2021-09-01,6.995571040591771,7.305195373641993,7.00524655589361,7.189085960388184,3290644
2021-09-02,7.189086407187521,7.392277316289983,7.160059398102021,7.256816864013672,2734624
2021-09-05,7.25681648497865,7.169734539518597,6.976219617802887,7.0633015632629395,3254840
2021-09-06,7.063301983181481,7.237465423079766,6.927841068551265,7.150383472442627,3121936
2021-09-07,7.150383024762746,7.160059001505954,7.063301540953704,7.0923285484313965,275605
2021-09-08,7.092328503383018,7.305195376621865,7.092328503383018,7.198761940002441,1954351
2021-09-09,7.198761966104046,7.343898387224781,7.1116800211564115,7.131031513214111,2057518
2021-09-12,7.131031468447973,7.276167888657593,7.140707445104063,7.237464904785156,889883
2021-09-13,7.237464876378434,7.353573827540023,7.1600589089373745,7.2955193519592285,923809
2021-09-14,7.2955201697976,7.643847523706326,7.256817181738409,7.54709005355835,6247238
2021-09-15,7.547089109100587,7.643846567140142,7.382601199745365,7.527737617492676,2438927
2021-09-16,7.5277377520828495,7.54708924403675,7.208437442779541,7.208437442779541,7133526
2021-09-19,7.208437900369851,7.537413745845455,7.208437900369851,7.256816864013672,798857
2021-09-20,7.256816462058204,7.305195423022311,7.063301540953704,7.0923285484313965,1263763
2021-09-21,7.092328172531708,7.198761604186099,6.773028338944476,6.850434303283691,1783354
2021-09-22,6.850435189772117,7.005247138484164,6.850435189772117,6.966544151306152,1068692
2021-09-23,6.966543654831884,7.111680077094209,6.918165154995089,7.005246639251709,452127
2021-09-26,7.0052465652619205,7.2084374620078675,6.985895073256399,7.169734477996826,358521
2021-09-27,7.169734509978633,7.2568164550799,6.995571081152062,7.121356010437012,1177123
2021-09-28,7.121356010437012,7.121356010437012,7.121356010437012,7.121356010437012,0
2021-09-29,6.98589514985144,7.102004564533578,6.966543657633745,7.014922618865967,138139
2021-09-30,7.014922563714295,7.160058984893922,7.014922563714295,7.140707492828369,2468939
2021-10-03,7.140707551832964,7.208437543934077,6.985895152653344,7.024598598480225,609703
2021-10-04,7.024598598480225,7.024598598480225,7.024598598480225,7.024598598480225,0
2021-10-05,7.043950071091368,7.150383047347026,7.043950071091368,7.0633015632629395,958740
2021-10-06,7.063301543809108,7.111680043416808,6.966543621841778,7.102004528045654,542660
2021-10-10,7.10200454474611,7.208437520958907,6.9762196149935685,7.053625583648682,500582
2021-10-11,7.053625146228937,7.063301122398768,6.937516200446585,6.9471917152404785,821379
2021-10-12,6.947192194854062,7.043950117728507,6.927840702554367,6.9568681716918945,306604
2021-10-13,6.956868188851474,7.014922665893754,6.869786242600068,6.908489227294922,682723
2021-10-14,6.908489740345619,6.918165717925892,6.8214082490031815,6.860111236572266,761355
2021-10-17,6.860110700449992,7.102004584540602,6.869786215898113,6.976219654083252,794367
2021-10-18,6.976219654083252,6.976219654083252,6.976219654083252,6.976219654083252,0
2021-10-19,7.13103200104143,7.208437974567504,7.063302004894115,7.111680507659912,4533840
2021-10-20,7.111680082806795,7.1503830672577084,7.014922621679513,7.024598598480225,856452
2021-10-24,7.024598595662797,7.247140525478306,6.918165157777492,7.014922618865967,1599422
2021-10-25,7.014922621679513,7.111680082806795,6.995571129454056,7.024598598480225,664744
2021-10-26,7.024598537584741,7.160058981988644,7.053625544983309,7.131031513214111,517098
2021-10-27,7.131031552303794,7.131031552303794,6.985895130387474,7.053625583648682,759597
2021-10-28,7.053625538315011,7.179410467259133,6.9858950854891075,7.160058975219727,3779692
2021-10-31,7.160058899668868,7.343898302791388,7.121355915998437,7.314870834350586,2518090
2021-11-01,7.314870846819607,7.401952790914494,7.2568163712150024,7.305195331573486,1425607
2021-11-02,7.305195233313721,7.595467607432388,7.353573731645522,7.527737617492676,5158772
2021-11-03,7.527737623610495,7.595467613605251,7.305195239250679,7.4987101554870605,3498418
2021-11-04,7.498710211751942,7.537413195289618,7.26649231052589,7.382601261138916,634487
2021-11-07,7.382601261138916,7.382601261138916,7.382601261138916,7.382601261138916,0
2021-11-08,7.382601261138916,7.382601261138916,7.382601261138916,7.382601261138916,0
2021-11-09,7.382601261138916,7.382601261138916,7.382601261138916,7.382601261138916,0
2021-11-10,7.305195300357504,7.401952759285056,7.111679921126442,7.353573799133301,578210
2021-11-11,7.353573761948112,7.489034203761695,7.295519286885148,7.4309797286987305,1109048
2021-11-14,7.430980694183626,7.73092908500164,7.353574717375882,7.4116291999816895,1234988
2021-11-15,7.411628371732006,7.450331355810818,7.160058975219727,7.160058975219727,2756603
2021-11-16,7.160059398102021,7.285844334475162,7.02459894582571,7.256816864013672,552496
2021-11-17,7.256816864013672,7.353574329925323,7.09232894127587,7.256816864013672,647546
2021-11-18,7.256816864013672,7.218113877649012,7.07297744809354,7.256816864013672,37391
2021-11-21,7.256816445221685,7.3051954060735484,7.111680024042059,7.140707492828369,346078
2021-11-22,7.140707492828369,7.140707492828369,7.140707492828369,7.140707492828369,0
2021-11-23,7.247140326978034,7.585792123575923,7.247140326978034,7.4309797286987305,2405342
2021-11-24,7.430980694183626,7.4116291999816895,7.30519621255905,7.4116291999816895,1363651
2021-11-25,7.411628935285353,8.079256614848758,7.353574454752882,7.885740756988525,5310086
2021-11-28,7.885740756988525,7.885740756988525,7.885740756988525,7.885740756988525,0
2021-11-29,7.730928386175058,7.9244433107019026,7.65352241636432,7.827686309814453,2066775
2021-11-30,7.827686244849654,7.98249818318629,7.721252806555232,7.924443244934082,2302292
2021-12-01,7.924443290430743,7.963146275237108,7.788983304984439,7.866389274597168,1296119
2021-12-02,7.866389294719823,8.030877211255628,7.7599563169180445,7.827686309814453,667203
2021-12-05,7.827685277081429,8.030876151714942,7.750279317483121,8.011524200439453,9149082
2021-12-06,8.011525950927224,8.553368709257773,7.9824989404235245,8.321150779724121,3286054
2021-12-07,8.321149763720355,8.7081795990205,8.156661853029814,8.417906761169434,6559099
2021-12-08,8.417906758122156,8.504988701721143,8.127633920376168,8.408230781555176,940447
2021-12-09,8.408230784598953,8.456609744699449,8.166336906848382,8.417906761169434,16179234
2021-12-12,8.4179066967191,9.182291307648438,8.253418787287936,8.601746559143066,2122404
2021-12-13,8.6017475567005,8.766235485207575,8.504989626019158,8.514665603637695,1585360
2021-12-14,8.514665603637695,8.514665603637695,8.514665603637695,8.514665603637695,0
2021-12-15,8.340501697512083,8.6017475567005,8.340501697512083,8.514665603637695,1891413
2021-12-16,8.514665603637695,8.814613527796233,8.485638593534098,8.514665603637695,2874835
2021-12-19,8.514664706548617,8.70817962477092,8.224391867839204,8.398555755615234,460350
2021-12-20,8.398555755615234,8.398555755615234,8.398555755615234,8.398555755615234,0
2021-12-21,8.4372586497119,8.804937451807923,8.4372586497119,8.601746559143066,1863643
2021-12-22,8.601747506661356,8.756559456649303,8.55336854160212,8.57271957397461,4977895
2021-12-23,8.572718629653867,8.66947654911405,8.592070582646667,8.601746559143066,377749
2021-12-26,8.601747441305704,8.708180425425743,8.514665489411128,8.698504447937012,461492
2021-12-27,8.698504429888315,8.892019365501405,8.524341449212535,8.756559371948242,2907223
2021-12-28,8.756558433282205,8.746882456850775,8.514664559007846,8.708179473876953,2740880
2021-12-29,8.708180450081057,8.708180450081057,8.6114225204238,8.669477462768555,547854
2021-12-30,8.669477393926222,8.804938309820317,8.572719465037297,8.775910377502441,1531145
2022-01-02,8.775910447189935,8.901695386643569,8.659801485252428,8.669477462768555,271136
2022-01-03,8.669476458178545,8.804937359451548,8.621097498955908,8.79526138305664,213938
2022-01-04,8.795262247073873,8.988777180222783,8.708180296468866,8.940398216247559,3165121
2022-01-05,8.94039728036889,8.99845221561238,8.88234326787729,8.901694297790527,2297877
2022-01-09,8.901694297790527,8.901694297790527,8.901694297790527,8.901694297790527,0
2022-01-10,8.862991393816264,8.921046329574631,8.766234397888184,8.766234397888184,1969856
2022-01-11,8.766234337743576,8.872667309359803,8.70817940238352,8.862991333007812,1829563
2022-01-12,8.862991336266521,8.88234328897762,8.659800446559455,8.87266731262207,2069670
2022-01-13,8.872667370234641,8.901694376737876,8.640449472704969,8.766234397888184,1426257
2022-01-16,8.76623646611867,8.630775532557589,8.46628758564489,8.504990577697754,2294388
2022-01-17,8.504989605217451,8.59207155806727,8.38888064233503,8.563044548034668,1052628
2022-01-18,8.563043539501093,8.708179495322371,8.485637573362824,8.679152488708496,1284753
2022-01-19,8.679152455626582,8.804937380809795,8.44693363534501,8.766234397888184,3827699
2022-01-20,8.766235367606129,8.795262377320322,8.563044454102782,8.698504447937012,2271824
2022-01-23,8.698503549531264,8.708179526020633,8.524340586482147,8.58239459991455,396633
2022-01-24,8.582395580472399,8.688828565759948,8.524341560407194,8.563044548034668,1285562
2022-01-25,8.563044568978366,8.659801576907695,8.321150665027023,8.514665603637695,3051468
2022-01-26,8.514665603637695,8.611422611567024,8.35017767513062,8.514665603637695,1077039
2022-01-30,8.51466576949077,8.563044735773792,8.243744850158691,8.243744850158691,503873
2022-01-31,8.243744459001244,8.98877718250141,8.379204450863826,8.950074195861816,7889968
2022-02-01,8.950074280401708,8.950074280401708,8.708180380931392,8.775910377502441,2035189
2022-02-02,8.775909445141691,8.882343340162272,8.717855432177645,8.746882438659668,2157960
2022-02-03,8.746882456850775,8.795261416256027,8.592070524955489,8.708179473876953,3345917
2022-02-06,8.708179455766338,8.804937374375612,8.650124520050394,8.746882438659668,167582
2022-02-07,8.746882456850775,8.785585439824597,8.62109753149788,8.708179473876953,906304
2022-02-08,8.708179473876953,8.775909463393166,8.65012453804027,8.708179473876953,1891004
2022-02-09,8.708179286334715,9.60802477453657,8.785585250615318,9.143588066101074,18287890
2022-02-10,9.143588982148977,9.4628888474834,9.143588982148977,9.240346908569336,7513966
2022-02-13,9.24034678925124,9.666079629949106,9.056506915976826,9.49191665649414,5103876
2022-02-14,9.491915778265353,9.578996795559782,9.143588018080134,9.269372940063477,1046856
2022-02-15,9.269373856744473,9.549970734225182,9.191967885215448,9.366131782531738,4220423
2022-02-16,9.366132683686564,9.482241652151432,9.288726704709985,9.424186706542969,1695294
2022-02-17,9.424185842378085,9.424185842378085,9.25969792144781,9.288725852966309,1792451
2022-02-20,9.288725978421072,9.337104019434694,9.017804150434468,9.037156105041504,776986
2022-02-21,9.037156960140356,9.288726857323551,9.085535928483598,9.211320877075195,3483990
2022-02-22,9.211319918596832,9.37580691744494,8.727532131008813,9.191967964172363,6691421
2022-02-23,9.191968031294328,9.288725958619272,9.008129076679314,9.085535049438477,3082431
2022-02-24,9.08553415710167,8.988776239279817,8.224391641293227,8.901694297790527,2278166
2022-02-27,8.90169514408883,9.1919680023992,8.90169514408883,9.095210075378418,800469
2022-02-28,9.095210096945396,9.269373996894998,8.901695165196935,9.056507110595703,3973429
2022-03-01,9.056506125597426,9.191967024464422,9.017803143457124,9.143588066101074,2241673
2022-03-02,9.143589038888809,9.095210075378418,8.979101116604665,9.095210075378418,1171619
2022-03-03,9.095210145271128,9.172616118381795,8.950074176376626,8.998453140258789,1379670
2022-03-06,8.998453316300827,9.066183313409704,8.427583561377414,8.669477462768555,5534196
2022-03-07,8.669478524610453,8.708181516663316,8.301799638732192,8.504990577697754,7064606
2022-03-08,8.504990577697754,8.504990577697754,8.504990577697754,8.504990577697754,0
2022-03-09,8.282446907717585,8.417906890782396,8.127634048461914,8.127634048461914,3121225
2022-03-10,8.127633073497504,8.350175897590068,8.137309049056272,8.224390983581543,3173736
2022-03-13,8.224392035509775,8.321149957969487,7.866389198811935,8.030877113342285,3638218
2022-03-14,8.03087725020896,8.03087725020896,7.740604400634766,7.740604400634766,6511859
2022-03-15,7.740603984427045,7.808333974010173,7.4987101099136995,7.595467567443848,1999340
2022-03-16,7.5954686330535335,8.214716909500146,7.363250702402059,8.20504093170166,1730938
2022-03-17,8.205039605614639,8.282446492740103,7.876064718402861,7.9728217124938965,9308477
2022-03-20,7.972823094777008,8.127635050364594,7.972823094777008,8.0502290725708,681055
2022-03-21,8.05022858552515,9.65640391169945,8.205040531746484,8.998453140258789,8218961
2022-03-22,8.998452295417856,9.288725128705897,8.563043506861744,8.766234397888184,5492319
2022-03-23,8.766235411088932,8.775910465873652,8.485638521787903,8.611422538757324,3190154
2022-03-24,8.611421656604092,8.708179576555473,8.388879732568592,8.44693374633789,2070209
2022-03-27,8.44693373084789,8.582394633981034,8.224391807220488,8.495312690734863,3110398
2022-03-28,8.495312905856746,8.514664859402338,7.934119171561659,8.069580078125,1415251
2022-03-29,8.069580080963059,8.417906940138813,7.934119174352077,8.079256057739258,1911383
2022-03-30,8.079256029688526,8.20504003633466,7.934119146805252,8.0889310836792,1653850
2022-03-31,8.088931991579562,8.195365902190472,7.982499003720685,8.176013946533203,1531571
2022-04-03,8.176013769005008,8.514665603637695,8.050228828220067,8.514665603637695,770440
2022-04-04,8.514664552769787,8.708179467497121,8.369527674660361,8.688827514648438,2636738
2022-04-05,8.688826626153201,8.853314517539337,8.369526818815835,8.553366661071777,2375792
2022-04-06,8.55336859135983,8.611422611567024,8.417907672956352,8.514665603637695,545360
2022-04-07,8.514665603637695,8.514665603637695,8.379204685234217,8.514665603637695,290835
2022-04-10,8.514665721002165,8.6404506635209,8.282447791468512,8.321150779724121,152415
2022-04-11,8.321148893665583,8.504987815523076,7.982497131123263,8.224390983581543,1358949
2022-04-12,8.224391843519362,8.46628572126993,8.224391843519362,8.417906761169434,1394834
2022-04-13,8.417908614890782,8.804939458171532,8.33082665208381,8.504990577697754,2979254
2022-04-14,8.504988704799946,8.795261542651012,8.224391843519362,8.417906761169434,5348692
2022-04-17,8.417906751630214,8.659800629106668,7.7502800558060425,8.485637664794922,1738403
2022-04-18,8.485637674410896,8.611421678819507,8.321149763720355,8.417906761169434,677608
2022-04-19,8.417907672956352,8.514665603637695,8.35017767513062,8.514665603637695,759668
2022-04-20,8.514665721002165,8.466286754994647,8.272771813716604,8.321150779724121,3802427
2022-04-21,8.321149823075048,8.388879814047712,8.166336965098797,8.311473846435547,1464452
2022-04-26,8.311474867877983,8.38888084500299,8.079256936502961,8.176013946533203,2414742
2022-04-27,8.176013996290594,8.495313884562446,7.856714108018742,8.108283996582031,5159937
2022-04-28,8.108282892929317,8.611421678819507,8.04055290243977,8.417906761169434,5448410
2022-05-08,8.417905880997804,8.350175897590068,8.127633073497504,8.224390983581543,3213518
2022-05-09,8.224392887298631,8.475962773547078,8.127634954817836,8.20504093170166,1744035
2022-05-10,8.20504003633466,8.22439198981987,8.050228099460712,8.0889310836792,841431
2022-05-11,8.261327741793863,8.261327741793863,8.014278457073038,8.05380630493164,3747819
2022-05-12,8.053806259500865,8.300855542828108,7.707937828293659,8.014278411865234,7021893
2022-05-15,8.01427864765891,8.182272240657552,7.836403328065183,8.00439739227295,3142354
2022-05-16,8.004397439526796,7.954987392632284,7.628881931304932,7.628881931304932,3588546
2022-05-17,7.628881926998365,8.192154482199497,7.7277020207316065,7.8364033699035645,5746355
2022-05-18,7.836403578884175,7.945105402164114,7.786994001909033,7.806757926940918,440194
2022-05-19,7.806758012083982,8.142744741290413,7.658528337123631,7.8858137130737305,4764685
2022-05-22,7.885813372210873,7.984632994176598,7.767229825852004,7.796875476837158,615844
2022-05-23,7.796875932689777,7.856167709335769,7.737584156043786,7.777112007141113,1722186
2022-05-24,7.7771116007793415,7.895695147875217,7.579472355619549,7.628881931304932,3021143
2022-05-25,7.628882096979465,7.856167469453691,7.51029854730834,7.559708595275879,4439137
2022-05-26,7.559708485906132,7.6091180619497,7.411478815357162,7.460888862609863,2856365
2022-05-29,7.460889044735692,7.460889044735692,7.263249322109489,7.4114789962768555,903985
2022-05-30,7.411479027040543,8.10321688108067,7.411479027040543,7.6585283279418945,1823444
2022-05-31,7.6585280493601635,7.984633039294297,7.7277020207316065,7.8364033699035645,1380732
2022-06-01,7.836402984801392,7.885813029239869,7.638763749465698,7.707937717437744,445564
2022-06-02,7.707937717437744,7.707937717437744,7.609117628560791,7.707937717437744,201180
2022-06-05,7.707937717437744,7.707937717437744,7.707937717437744,7.707937717437744,0
2022-06-06,7.796875137734253,7.905576952773438,7.658527672999268,7.707937717437744,2968023
2022-06-07,7.707937717437744,7.796875137734253,7.658527672999268,7.707937717437744,1157772
2022-06-08,7.707938055074275,8.073570892065948,7.75734763046797,8.00439739227295,3188468
2022-06-09,8.00439720192206,8.093334152790243,7.885813187137136,8.05380630493164,2836365
2022-06-12,8.053806584668408,8.103216631812401,7.935223036973778,8.083453178405762,2898785
2022-06-13,8.083453061764642,8.17239095685684,7.925341667119956,7.984632968902588,2325903
2022-06-14,7.98463339587667,7.98463339587667,7.717820167541504,7.717820167541504,1848258
2022-06-15,7.717819779264578,7.905577296604019,7.6585280060851435,7.796875476837158,3848618
2022-06-16,7.79687506166104,7.806757258935958,7.618999751594425,7.648645401000977,2145318
2022-06-19,7.648645866180496,7.698055913141932,7.411478771667518,7.421360969543457,1351726
2022-06-20,7.421361300143169,7.698056256067587,7.411479101827007,7.510298728942871,1456882
2022-06-21,7.510298959924354,7.6782925667925905,7.431243255800282,7.500417232513428,1868864
2022-06-22,7.5004166677144495,7.589354092552251,7.411478771667518,7.421360969543457,1620747
2022-06-23,7.421361335675592,7.480653112228991,7.23360380765192,7.322541236877441,1312275
2022-06-26,7.322540880396268,7.50041667260614,7.213839530944824,7.213839530944824,822350
2022-06-27,7.213839700990341,7.292895401076404,6.877852504415434,6.9371442794799805,2936424
2022-06-28,6.937144484249242,6.917380558644338,6.492455922534339,6.680213451385498,4810653
2022-06-29,6.680213037987276,7.016199752478434,6.680213037987276,6.947026252746582,1040805
2022-07-03,6.947026278612198,6.947026278612198,6.699976987314894,6.759268760681152,1541031
2022-07-04,6.7592685740655645,6.887733843874448,6.423281396390528,6.601156711578369,3936180
2022-07-05,6.60115673413428,6.818560369093616,6.611038931727484,6.620920658111572,389391
2022-07-06,6.620921156018353,6.6703312052818795,6.531983727036819,6.640685081481934,315646
2022-07-07,6.640684699103421,6.818560489242496,6.630802972545209,6.719740867614746,631330
2022-07-17,6.719741005104591,6.719741005104591,6.601156985515868,6.630803108215332,127603
2022-07-18,6.630803080525898,6.897616298870361,6.650567005173298,6.818560600280762,623741
2022-07-19,6.818561017269054,7.095255979253897,6.788914892880382,6.9865546226501465,2081081
2022-07-20,6.9865546226501465,7.184193881210749,6.917380646549355,6.9865546226501465,1878485
2022-07-21,6.986554663771779,7.105138219606102,6.947026811827004,7.026082515716553,6727750
2022-07-24,7.026082016915483,7.085373790623357,6.966790243207608,7.006318092346191,654932
2022-07-25,7.006318338585417,7.065610114377119,6.966790488057615,7.016200065612793,502362
2022-07-26,7.016199700267846,7.154547169911172,6.996435776033085,7.11501932144165,2141860
2022-07-27,7.115019028053578,7.1940751929418605,7.026081608269053,7.065609455108643,634228
2022-07-28,7.06560970192471,7.115019276595621,7.0161996560446775,7.075491428375244,154139
2022-07-31,7.075491680467258,7.154547379724681,7.045846028850293,7.085373878479004,403456
2022-08-01,7.085374314309878,7.164430018430124,7.0359642636301425,7.045846462249756,188821
2022-08-02,7.045846114287746,7.164429664611816,7.016199991102158,7.164429664611816,464129
2022-08-03,7.164429707334488,7.203957557678223,7.085374006647019,7.203957557678223,220693
2022-08-04,7.2039573998554625,8.10321668228836,7.075491653448153,7.915459632873535,5058950
2022-08-07,7.9154594693501,8.122980910425813,7.875931149479805,7.984632968902588,3262835
2022-08-08,7.9846331061238285,8.08345320068417,7.806757784091651,7.895695209503174,958667
2022-08-09,7.895695375671185,8.024161124335935,7.777111825154096,7.826521873474121,668761
2022-08-10,7.8265217868106465,7.895695288241749,7.70793823760664,7.747466087341309,337150
2022-08-11,7.747465564504883,7.875930831868531,7.698055520066407,7.707937717437744,282366
2022-08-14,7.707937873948163,7.806757493622551,7.628881706999536,7.638763904571533,620981
2022-08-15,7.63876367493516,7.707937642232284,7.55970798157222,7.648645401000977,684057
2022-08-16,7.648646313003543,7.75734813994343,7.5794728086674725,7.609118461608887,110604
2022-08-17,7.609117628560791,7.905576952773438,7.411478393225098,7.707937717437744,4158871
2022-08-18,7.707937717437744,7.707937717437744,7.707937717437744,7.707937717437744,0
2022-08-21,7.717819735210093,7.8858133271974555,7.717819735210093,7.757347583770752,2046148
2022-08-22,7.757347715277698,7.994515281871375,7.757347715277698,7.875931262969971,4155928
2022-08-23,7.875931262969971,7.875931262969971,7.875931262969971,7.875931262969971,0
2022-08-24,7.510298460614067,7.658528131596471,7.460888884426022,7.480652809143066,1920298
2022-08-25,7.480652622332185,7.8067576076243235,7.460888698108696,7.737583637237549,1809484
2022-08-28,7.737583524245921,7.806757493622551,7.618999980636655,7.638763904571533,557895
2022-08-29,7.63876397184434,7.816639288824746,7.628881774185314,7.698055744171143,3663051
2022-08-30,7.698055952569893,7.757347726501818,7.619000253993992,7.668410301208496,260366
2022-08-31,7.668410207052878,7.70793805585549,7.5102983406333,7.589354038238525,904944
2022-09-01,7.589354137290447,7.6091180619497,7.381832692763715,7.460888862609863,1685595
2022-09-04,7.460889380451391,7.5498268119863905,7.223721796870009,7.500417232513428,770499
2022-09-05,7.5004171058781575,7.707938561304688,7.510298833122243,7.609118461608887,760922
2022-09-06,7.60911812072743,7.8067578400557975,7.60911812072743,7.7277021408081055,6595323
2022-09-07,7.7277024870020155,7.8561677684300735,7.569590610214229,7.609118461608887,1607944
2022-09-08,7.609118193706731,7.70793828992327,7.549826418702293,7.579472541809082,730500
2022-09-11,7.579472311642435,7.688174131454184,7.539944462839823,7.589354038238525,794911
2022-09-12,7.5893547053215,7.668410881084668,7.510299000767501,7.539945125579834,1902425
2022-09-13,7.53994487381994,7.609118377390392,7.500417022862782,7.530062675476074,782106
2022-09-14,7.530062481399992,7.460888979612383,7.302777108649692,7.352187156677246,1570294
2022-09-15,7.35218732555749,7.510298728942871,7.263249425548637,7.510298728942871,1528200
2022-09-18,7.510298467362067,7.500416740599233,6.798796705700033,7.273131370544434,2730114
2022-09-19,7.273131326709399,7.302776978028362,6.986554184177387,7.233603477478027,998058
2022-09-20,7.233603606862083,7.451006781523216,7.065610009019364,7.352187156677246,1449006
2022-09-21,7.352187047388264,7.49053452011611,7.213839574660417,7.2533674240112305,1738485
2022-09-22,7.253367574152087,7.460889023144007,7.016200001928832,7.391715049743652,826155
2022-09-25,7.3917150282374555,7.609118203534524,7.2138397029944,7.371951103210449,711258
2022-09-26,7.371950828614285,7.411478677195933,7.26324900941019,7.342304706573486,846906
2022-09-27,7.342304661847945,7.411478632049019,7.2434850409957825,7.30277681350708,1196491
2022-09-28,7.302777000095181,7.362068774121401,7.105137753341114,7.2533674240112305,1225719
2022-09-29,7.25336717150572,7.312658943467864,7.154547080359696,7.243484973907471,1635390
2022-10-02,7.243485018916409,7.243485018916409,7.06560970192471,7.075491428375244,521446
2022-10-03,7.075491808456513,7.3521872320718,7.0656100814751515,7.203957557678223,2189896
2022-10-04,7.20395733306244,7.312659153723014,7.154547286068779,7.213839530944824,3366896
2022-10-05,7.2138393903446945,7.322540737677512,7.194075466174262,7.30277681350708,1389238
2022-10-09,7.302777118035372,7.302777118035372,7.07549174499296,7.144665718078613,394628
2022-10-10,7.144665286705244,7.263248829513096,7.065609591500009,7.184193134307861,1819839
2022-10-11,7.18419306554467,7.27313095740385,7.065609523871834,7.124901294708252,1171625
2022-10-12,7.124902145578489,7.174312196114039,6.99643639115339,7.026082515716553,1186906
2022-10-13,7.026081875908739,7.095255374908447,6.986554027563442,7.095255374908447,961950
2022-10-16,7.0952553972068895,7.174311565355056,7.085373670694071,7.11501932144165,1380121
2022-10-17,7.115019298283411,7.371950783708154,7.115019298283411,7.30277681350708,1714578
2022-10-18,7.30277737373066,7.4114792006115255,7.292895646491939,7.381833076477051,2260407
2022-10-19,7.381832808526467,7.451006781523216,7.273131456800471,7.352187156677246,1429107
2022-10-20,7.352187113316104,7.362068840137851,7.2434852910220595,7.31265926361084,1062143
2022-10-23,7.312658943467864,7.362068517831759,7.203957125932708,7.243484973907471,838169
2022-10-24,7.2434855348062435,7.441125261193392,7.2138398821341205,7.322541236877441,5479156
2022-10-25,7.322541097534607,7.431242921418561,7.263249322109489,7.4114789962768555,1623841
2022-10-26,7.4114789962768555,7.4114789962768555,7.4114789962768555,7.4114789962768555,0
2022-10-27,7.421361234154387,8.103216890795538,7.5102986621632795,7.8858137130737305,10636491
2022-10-30,7.8858134388816925,7.905577363441932,7.7375837690753295,7.856167316436768,2014956
2022-10-31,7.8561667204741035,8.152626037597656,7.806757148426241,8.152626037597656,5610245
2022-11-01,8.152627418070164,8.379912336152524,8.152627418070164,8.340384483337402,3035465
2022-11-02,8.340383816781857,8.528141809462005,8.113098916863889,8.162508964538574,2987356
2022-11-03,8.162508593356472,8.152626395787264,7.935222761355831,8.05380630493164,1315595
2022-11-06,8.053806496457518,8.10321654306034,7.935222950061698,8.00439739227295,295112
2022-11-07,8.004398244065621,8.399676774115479,7.9549881922048,8.379912376403809,2020198
2022-11-08,8.379912685146024,8.449087137267117,8.053807650235573,8.202037811279297,654353
2022-11-09,8.202037225240716,8.202037225240716,7.866050015116748,8.103217124938965,780989
2022-11-10,8.103216132313717,8.300855366288548,8.004396986535404,8.271209716796875,547163
2022-11-13,8.271209986686745,8.538023668072562,8.271209986686745,8.508377075195312,1398183
2022-11-14,8.508376404454998,8.676369981176364,8.458967305057786,8.538022994995117,3225060
2022-11-15,8.53802413072433,8.597315434855185,8.30085608694605,8.488614082336426,2064459
2022-11-16,8.488614614090979,8.775191781791007,8.350266658421939,8.547905921936035,1785237
2022-11-17,8.547905840455282,8.636843743793435,8.330503123871287,8.468850135803223,2495149
2022-11-20,8.468850281269615,8.547905987279586,8.330503266961342,8.379912376403809,235330
2022-11-21,8.379912191963502,8.429322242736816,8.24156518070022,8.429322242736816,1620966
2022-11-22,8.429322519323172,8.498496969642925,8.202037597693826,8.458969116210938,253663
2022-11-23,8.458967703190064,8.587432498570966,8.399675461737319,8.478731155395508,980829
2022-11-24,8.478732415310688,8.547905921936035,8.39967670990505,8.547905921936035,700286
2022-11-27,8.547904879505392,8.75542631649221,8.419440080701476,8.676370620727539,1953078
2022-11-28,8.676371745150378,8.745546194722868,8.340384523398823,8.379912376403809,2855755
2022-11-29,8.379911202317942,8.636842682061577,8.389793399789209,8.597314834594727,5395856
2022-11-30,8.597314834594727,8.656607077004113,8.488613489665445,8.597314834594727,3263202
2022-12-01,8.597315746863824,8.69613584722595,8.51826004354145,8.557787895202637,1838550
2022-12-04,8.55778836759693,8.874011198342084,8.597316221440073,8.785074234008789,11121683
2022-12-05,8.785072774975221,8.953066361512638,8.607196991013671,8.765308380126953,4904579
2022-12-06,8.765308690835404,9.111178073594584,8.597315098343032,9.042003631591797,12402019
2022-12-07,9.042004227776905,9.654687336333591,9.111178674340712,9.5953950881958,17066569
2022-12-08,9.595394539670194,9.733742482470765,9.338463049791242,9.536102294921875,8022307
2022-12-11,9.536102496557909,9.664568244213726,9.150706196008732,9.27917194366455,5733936
2022-12-12,9.279171900275236,9.348345401605576,8.913539055157576,9.239644050598145,3537353
2022-12-13,9.239644149408166,9.980792045593262,9.289053255219212,9.980792045593262,11009107
2022-12-14,9.980792045593262,10.37607054659133,9.832561900905272,9.980792045593262,35923804
2022-12-15,9.980791147095658,10.346423963208197,10.030200248458764,10.227840423583984,32407748
2022-12-18,10.227841300116427,10.267369150045393,9.931381954440043,9.941264152526855,6568730
2022-12-19,9.94126373724465,10.059847282077888,9.605276555674688,10.000555038452148,6517749
2022-12-20,10.000554902473779,10.178430688514164,9.77327001357171,9.88197135925293,7482499
2022-12-21,9.881971915696356,9.970909813724548,9.654687013996115,9.733742713928223,9067812
2022-12-22,9.733741891366883,9.881971080608734,9.417518175943027,9.644804000854492,7619028
2022-12-25,9.6448056182633,9.486694205245598,9.09141473028299,9.368109703063965,11108955
2022-12-26,9.36810945654167,9.76338892110248,9.328581604327423,9.5855131149292,4622970
2022-12-27,9.585512027655778,9.852325706651335,9.506456332194478,9.674449920654297,4510513
2022-12-28,9.674450718683245,10.03020137760436,9.595395016700776,9.97091007232666,2549159
2022-12-29,9.970909478791132,10.178430919746623,9.802915886473915,9.872089385986328,8466733
2023-01-02,9.87208975100508,10.049965547663353,9.832561900905272,9.980792045593262,3540095
2023-01-03,9.980792841985323,10.178432108254484,10.010438496321107,10.069729804992676,10428904
2023-01-04,10.069728667903997,10.32666015625,9.427400889457244,10.32666015625,14371468
2023-01-05,10.32666015625,10.474890296027272,10.178430958890981,10.32666015625,12459842
2023-01-09,10.326660159469647,10.425480252685306,9.88197162483569,10.119138717651367,9248551
2023-01-10,10.11913867558009,10.13890307110835,9.72386018919737,9.872089385986328,6575946
2023-01-11,9.872090513183144,10.662648518632867,9.694215645210267,10.277251243591309,13272995
2023-01-12,10.27725083461389,10.445244439427432,9.79303441717171,10.336543083190918,10336249
2023-01-15,10.33654282841832,10.405716331371284,10.09937572479248,10.09937572479248,2822927
2023-01-16,10.099375352128954,10.277250202075663,10.119138805492694,10.19819450378418,2262242
2023-01-17,10.198193656732906,10.870167978815306,10.316777194320709,10.484770774841309,15566758
2023-01-18,10.484771369263312,10.623119308834983,10.18831297969553,10.376070022583008,7204396
2023-01-19,10.376069844032218,10.425479888916016,10.178430606915247,10.425479888916016,4135305
2023-01-22,10.425481048816774,10.761468260505438,10.435363247376635,10.623120307922363,10801453
2023-01-23,10.623119868638593,10.672529916976384,10.326660521030139,10.435362815856934,1921734
2023-01-24,10.435361674326694,10.5934730577771,10.287131545528304,10.484770774841309,1392325
2023-01-25,10.484771592186448,10.652765185803064,10.425480289979557,10.573709487915039,2756570
2023-01-29,10.573709307876248,10.889933036462256,10.553945854949882,10.83064079284668,3823426
2023-01-30,10.83064136205881,10.919579260947248,10.47489070892334,10.47489070892334,3513225
2023-01-31,10.474890441334217,10.534181744133008,10.030200958251953,10.030200958251953,2208135
2023-02-01,10.030201645019698,10.178431797002526,9.476811716388472,9.545985221862793,6500092
2023-02-02,9.545985097250865,9.733743098827812,9.308817988076285,9.427401542663574,5605348
2023-02-05,9.427401387852512,9.723860740661621,8.962948433198852,9.723860740661621,3934506
2023-02-06,9.723860882645404,9.68433303118824,9.447165922445258,9.634922981262207,1718428
2023-02-07,9.634922840577058,9.872089945857024,9.585512791372489,9.723860740661621,2489601
2023-02-08,9.723860373686007,9.78315167655921,9.377990984725338,9.615158081054688,2961934
2023-02-09,9.615157900973244,9.684332342920776,9.338462960437864,9.664567947387695,6059917
2023-02-12,9.6645686342505,9.832562238548025,9.575630732867303,9.634922981262207,1229412
2023-02-13,9.634922531779706,9.723860429013827,9.516338982940303,9.65468692779541,851953
2023-02-14,9.654687678254808,10.366189026596269,9.605277626793177,10.15866756439209,5696199
2023-02-15,10.158666855927027,10.208076903942805,9.931381954440043,9.941264152526855,6652869
2023-02-16,9.941263827916991,10.079610826941817,9.753505840071513,9.872089385986328,3950992
2023-02-19,9.872089629458515,9.931381875087352,9.65468692779541,9.65468692779541,1204987
2023-02-20,9.654687378199947,9.822680040079154,9.397755872519225,9.634922981262207,3333991
2023-02-21,9.63492148851805,9.842442912121319,9.466927910247872,9.783150672912598,1685383
2023-02-22,9.783151586939729,9.822679435965856,9.437283143565688,9.536102294921875,2468008
2023-02-23,9.536102294921875,9.625040190835223,9.397755294539563,9.536102294921875,490274
2023-02-26,9.536103288517943,9.625041193698006,9.50645763426404,9.575631141662598,583004
2023-02-27,9.575631300171413,9.654687950187732,9.4866943359375,9.4866943359375,1771925
2023-02-28,9.486692879538268,9.674449920654297,9.397754986539747,9.674449920654297,2117661
2023-03-01,9.674451405878033,9.654687950187732,9.417519884975516,9.4866943359375,1581879
2023-03-02,9.486692606099563,9.605276145873534,9.289052430724746,9.43728256225586,2438958
2023-03-05,9.437283571989955,9.486693621120246,9.239644317887096,9.26928997039795,1464662
2023-03-06,9.269289284667499,9.338462782881555,9.091413497924805,9.091413497924805,4553194
2023-03-07,9.091413833523916,9.19023392812174,8.725780991381194,8.745545387268066,6747188
2023-03-08,8.745545106673061,8.814718605221191,8.547904923818567,8.715898513793945,977325
2023-03-09,8.715899184967888,8.903657184654447,8.696135730611482,8.89377498626709,1347638
2023-03-12,8.893774161805212,8.943184206743329,8.15262631498811,8.597314834594727,2561564
2023-03-13,8.597315103471795,8.64672514995519,8.211918814221473,8.626960754394531,3489671
2023-03-14,8.626961463000871,8.893775170475948,8.310738647402259,8.844365119934082,1475416
2023-03-15,8.84436488096178,8.834482682636757,8.211919266853062,8.399676322937012,2776872
2023-03-16,8.39967609814306,8.834482446206422,8.103216753254355,8.409558296203613,3214370
2023-03-19,8.409558252756934,8.587433104836572,8.281092505888251,8.370030403137207,605090
2023-03-20,8.370031119966328,8.646726091001227,8.300856670393836,8.379912376403809,2323331
2023-03-21,8.379911202317942,8.686252726999694,8.429321247256059,8.597314834594727,6109876
2023-03-22,8.597315914068266,8.735663868782233,8.26132869720459,8.26132869720459,1139776
2023-03-23,8.261327659917391,8.597314834594727,8.251446404864346,8.597314834594727,1120497
2023-03-26,8.597315100847176,8.883892239461474,8.508377205687868,8.834482192993164,3994968
2023-03-27,8.83448201225688,8.874009860139214,8.518259229198199,8.676370620727539,989916
2023-03-28,8.676370575336676,8.745545015582547,8.547904834786603,8.636842727661133,187824
2023-03-29,8.636843371453088,8.706017816855235,8.528142017847282,8.567669868469238,1532846
2023-03-30,8.567669868469238,8.696135618595171,8.389794069461283,8.567669868469238,1939395
2023-04-02,8.567668643117075,8.587432094392327,8.409557263242416,8.538022994995117,644406
2023-04-03,8.538023899679779,8.765308796728053,8.538023899679779,8.70601749420166,3172068
2023-04-04,8.70601826836917,9.051886743644245,8.745546121041132,9.002476692199707,6987052
2023-04-05,9.002475886539193,9.04200373567368,8.834482292113059,8.913538932800293,3847776
2023-04-06,8.913539298230978,8.99259499974102,8.775191349379256,8.814719200134277,2483098
2023-04-09,8.814719341969308,8.834482796455676,8.696135787796154,8.725781440734863,591416
2023-04-10,8.725781982034885,8.844365543564319,8.735664181100265,8.785074234008789,1078376
2023-04-11,8.785073132873775,8.943184528428418,8.785073132873775,8.87401008605957,946769
2023-04-12,8.874009450317024,8.933301690611389,8.6961346142703,8.735662460327148,1450126
2023-04-13,8.735662460327148,8.893773844554541,8.6961346142703,8.735662460327148,1596632
2023-04-18,8.735662599467048,8.923419635623086,8.775190446153488,8.854246139526367,1520929
2023-04-19,8.854246817089646,9.032122611999512,8.804836769345984,9.032122611999512,4123163
2023-04-26,9.032121928688907,9.200115512857103,8.99259408196805,9.061767578125,3337881
2023-04-27,9.06176868041485,9.427401542663574,9.071650878901705,9.427401542663574,7390765
2023-04-30,9.42740148462676,9.82267999748432,9.48669373276455,9.5953950881958,7815839
2023-05-01,9.5953950881958,9.5953950881958,9.5953950881958,9.5953950881958,0
2023-05-02,9.279172620236517,9.407638377259156,9.190234715957896,9.249526023864746,1963778
2023-05-03,9.249524889510209,9.348344980460201,8.97282995423575,9.091413497924805,2131564
2023-05-07,9.091413273856318,9.190233362370776,8.923419688832666,9.101295471191406,1062715
2023-05-08,9.101295916788677,9.289052963256836,9.140823765646093,9.289052963256836,1556788
2023-05-09,9.289053524498838,9.397755822238183,9.140824317932129,9.140824317932129,3107103
2023-05-10,9.14082466442329,9.249526023864746,8.943185400703213,9.249526023864746,2174818
2023-05-11,9.2495265223293,9.289054377203502,9.012359393084076,9.022241592407227,2424485
2023-05-14,9.022240863991614,9.09141436883211,8.943185160625813,9.012358665466309,1231813
2023-05-15,9.012358224094859,9.13094177333605,8.824601173400879,8.824601173400879,1059255
2023-05-16,8.82460089310911,8.883892194637326,8.626960708233074,8.794954299926758,1237508
2023-05-17,8.794955153097556,8.883893056435708,8.399676629837256,8.468850135803223,1203390
2023-05-18,8.468850825732806,8.567670935807602,8.340385059602939,8.439205169677734,918863
2023-05-21,8.439204482163285,8.626961545107344,8.468850135803223,8.468850135803223,643270
2023-05-22,8.468850825732806,8.617080990844999,8.419441713113823,8.439205169677734,578309
2023-05-23,8.439205169677734,8.498497424206294,8.290975946983956,8.439205169677734,1674529
2023-05-24,8.439203896978778,8.587433097318417,8.409558245394505,8.57755184173584,541506
2023-05-25,8.577552066729302,8.626961173193024,8.498496365485387,8.567669868469238,585880
2023-05-28,8.567669729804107,8.666489825968775,8.547905333603861,8.656607627868652,853545
2023-05-29,8.656606957712768,9.140823318113547,8.547904671863224,9.101295471191406,2524367
2023-05-30,9.101296531943948,9.437283741150429,9.051886481927998,9.427401542663574,5038931
2023-05-31,9.427400723406032,9.733742252948659,9.30881717912386,9.338462829589844,9203071
2023-06-01,9.338462474568452,9.486692606099563,9.170468890950778,9.43728256225586,1210502
2023-06-04,9.437282966290793,9.526220860533485,9.328580676697172,9.37799072265625,694019
2023-06-05,9.377990858790584,9.437283103285834,9.289052963256836,9.289052963256836,840337
2023-06-06,9.289053148200862,9.704096040676307,9.397755441536695,9.447165489196777,5402547
2023-06-07,9.447166230003171,9.476811883956595,9.249526023864746,9.249526023864746,2867340
2023-06-08,9.249525306203711,9.368108855234984,8.992594754511758,9.239644050598145,1103182
2023-06-11,9.239644317887096,9.368109126240228,9.140824219626516,9.26928997039795,561772
2023-06-12,9.269290421445927,9.476811883956595,9.239644767492502,9.249526023864746,591398
2023-06-13,9.249525817850788,9.377991572012117,9.002476508098614,9.051886558532715,2502086
2023-06-14,9.051885650028453,9.338462782881555,9.091413497924805,9.091413497924805,1387969
2023-06-15,9.091413273856318,9.338462552724252,9.101295471191406,9.101295471191406,1837473
2023-06-18,9.101295471191406,9.239643406628003,9.022239777347124,9.101295471191406,2807014
2023-06-19,9.101296156886486,9.170469658607239,8.202036864843587,9.071650505065918,3947425
2023-06-20,9.071651141189399,9.190234699205282,8.943185384400937,9.002476692199707,2288780
2023-06-21,9.002476199712136,9.002476199712136,8.775191294886746,8.982712745666504,3184627
2023-06-22,8.98271288691669,8.98271288691669,8.794954887230132,8.89377498626709,1922951
2023-06-25,8.89377467485367,8.972830374347797,8.775191125612482,8.824601173400879,1280604
2023-06-26,8.824601482392204,8.972830688529333,8.765309234486368,8.89377498626709,7752065
2023-07-04,8.893774901644317,9.002476255616049,8.814719200134277,8.814719200134277,1832123
2023-07-05,8.814719888786554,8.923421251250607,8.745546380165644,8.785074234008789,3414664
2023-07-06,8.785073375915406,8.834482481579458,8.626961033568282,8.656607627868652,1667474
2023-07-09,8.656608248276722,8.745546152715333,8.21191966850202,8.340384483337402,527953
2023-07-10,8.340384075405169,8.498496421350652,8.320620621173422,8.399676322937012,1923946
2023-07-11,8.39967648855789,8.597315746863824,8.37003083541658,8.557787895202637,2202617
2023-07-12,8.557787939028367,9.249525817850788,8.775191595487412,9.051886558532715,5474480
2023-07-13,9.051887131474187,9.14082503940125,8.903657913208008,8.903657913208008,867237
2023-07-16,8.90365682190696,9.002475974499577,8.90365682190696,8.992594718933105,1006705
2023-07-17,8.992595111365418,9.160588714764122,8.992595111365418,9.140824317932129,1537803
2023-07-18,9.140822964558453,9.209996458392107,9.09141292221234,9.200115203857422,1111540
2023-07-19,9.200115203857422,9.200115203857422,9.200115203857422,9.200115203857422,0
2023-07-24,9.209998667455094,9.289054377203502,9.012359393084076,9.022241592407227,610784
2023-07-25,9.022240780400594,9.14082433435062,8.913539424884314,8.933302879333496,638806
2023-07-26,8.933302752399339,8.99259499974102,8.804837001840946,8.814719200134277,388961
2023-07-27,8.814719284004847,8.943185035785568,8.814719284004847,8.89377498626709,1411149
2023-07-30,8.893774834627237,9.289053339198908,8.844364785951205,9.190234184265137,1283605
2023-07-31,9.190234268756805,9.26928997039795,9.111178567115662,9.26928997039795,638459
2023-08-01,9.269289853356737,9.338463355814724,8.893774804093697,8.943184852600098,2947029
2023-08-02,8.94318467142766,9.061768219989764,8.94318467142766,8.992594718933105,879569
2023-08-03,8.992595251946456,9.081532211825843,8.913539548219227,9.051886558532715,241487
2023-08-06,9.051886236455905,9.239644232941169,8.962948337322706,9.190234184265137,1152913
2023-08-07,9.190234268756805,9.279172168707667,9.101296368805944,9.26928997039795,728659
2023-08-08,9.269289873436158,9.516339174085036,9.19023417262198,9.39775562286377,2255155
2023-08-09,9.397755580024265,9.51633913070497,9.298935483247867,9.358227729797363,980733
2023-08-10,9.358227912818881,9.407637962173407,9.289053466755224,9.308817863464355,459022
2023-08-13,9.308817723843246,9.476811323677948,9.328581177837645,9.39775562286377,812984
2023-08-14,9.397756299818553,9.516339859581828,9.348346247645932,9.368109703063965,963852
2023-08-15,9.368109677048567,9.58551334055335,9.308818368540763,9.575631141662598,1396556
2023-08-16,9.575630875292026,9.634923124568823,9.496575171201851,9.545985221862793,597645
2023-08-17,9.545983615443864,9.56574800934958,9.140822964558453,9.200115203857422,1705882
2023-08-20,9.20011671237343,9.516339527369599,9.249525820402837,9.506457328796387,1107099
2023-08-21,9.506457103723745,9.585512805601082,9.387873550907738,9.516339302062988,1171273
2023-08-22,9.516339058976762,9.980792002455821,9.49657466280314,9.941264152526855,8724939
2023-08-23,9.941264405320638,10.227841560197506,9.980792256254748,10.178431510925293,4484669
2023-08-24,10.178431510925293,10.385952963933942,10.089493610718971,10.178431510925293,5306398
2023-08-27,10.178431360101303,10.55394640962011,10.178431360101303,10.47489070892334,3696855
2023-08-28,10.47489070892334,10.524299815045104,10.37607061184323,10.47489070892334,4895010
2023-08-29,10.474890793719412,10.721940096001301,10.435362943051041,10.553946495056152,3606811
2023-08-30,10.553946356018823,10.771349060621654,10.553946356018823,10.642884254455566,12535161
2023-08-31,10.642884254455566,10.642884254455566,10.642884254455566,10.642884254455566,0
2023-09-03,10.771349288422403,10.83064153610695,10.613237884488013,10.633002281188965,1824219
2023-09-04,10.633001465366194,11.245683579812736,10.573709222230875,11.166627883911133,9497088
2023-09-05,11.166628505325955,11.739782803717318,11.196274157334257,11.304975509643555,6679006
2023-09-06,11.304975760903133,11.334622355988634,10.919579448974694,11.087573051452637,1742889
2023-09-07,11.087572720250924,11.453205566952024,11.018398276202737,11.225919723510742,2247770
2023-09-10,11.225919723510742,11.225919723510742,11.225919723510742,11.225919723510742,0
2023-09-11,11.265447564777611,11.710137053254797,11.314857612654885,11.433441162109375,5173495
2023-09-12,11.433441497261107,11.601435099517316,11.146864342074336,11.29509449005127,1914065
2023-09-13,11.295093975286951,11.71013686283785,11.23580173031471,11.690372467041016,2723920
2023-09-14,11.690372557142542,14.022517561302646,11.660726905637063,13.054084777832031,11163071
2023-09-17,13.05408450406758,13.982989418577555,13.09361235271868,13.439481735229492,9236383
2023-09-18,13.439482663985425,13.666767573831558,13.09361325757278,13.19243335723877,2560833
2023-09-19,13.192432729180068,13.577829026209375,12.846563339233398,12.846563339233398,4415927
2023-09-20,12.846563339233398,12.846563339233398,12.846563339233398,12.846563339233398,0
2023-09-21,12.846563339233398,12.846563339233398,12.846563339233398,12.846563339233398,0
2023-09-24,12.846563339233398,12.846563339233398,12.846563339233398,12.846563339233398,0
2023-09-25,13.834760622623627,14.131219967306361,13.73594052692329,13.795232772827148,2176277
2023-09-26,13.795232648516238,13.844642695921166,13.39007195614872,13.469127655029297,3050240
2023-09-27,13.469127655029297,13.469127655029297,13.469127655029297,13.469127655029297,0
2023-10-01,13.469127655029297,13.469127655029297,13.469127655029297,13.469127655029297,0
2023-10-02,13.162786135240681,13.311016277682798,12.471048297765615,12.846563339233398,1775578
2023-10-03,12.846563564119586,13.044202815083922,12.550104216463938,12.836681365966797,1196277
2023-10-04,12.836681506076646,12.79715365545234,12.451285198094237,12.747743606567383,2916510
2023-10-08,12.747743920311933,12.747743920311933,11.413678222094166,12.362347602844238,3259093
2023-10-09,12.362346873824427,12.55010392223412,11.957186183241719,12.35246467590332,1447801
2023-10-10,12.352464955538908,13.340662151982022,12.263527057072102,13.04420280456543,2062112
2023-10-11,13.044202944587518,13.231960941681425,12.846563691661009,12.955265045166016,1432829
2023-10-12,12.955264136744491,13.33077916218294,12.895972836233184,12.994791984558105,1640921
2023-10-15,12.99479285301019,13.231960898160231,12.905855896299506,12.91573715209961,1134822
2023-10-16,12.915735987980344,13.34066104888916,12.905854733070857,13.34066104888916,2713002
2023-10-17,13.340661895312428,15.998912830354836,13.399954140622297,15.376348495483398,13315389
2023-10-18,15.376349271214718,15.801273438102704,15.0502433191859,15.218236923217773,3123831
2023-10-19,15.218236923217773,15.218236923217773,15.218236923217773,15.218236923217773,0
2023-10-22,15.544341523022203,17.589909427999064,15.74198171720328,16.809234619140625,5346451
2023-10-23,16.80923408196593,17.29345046891517,16.502893487127942,16.749942779541016,4017669
2023-10-24,16.74994208190897,19.76394256988129,16.819115579329722,19.022794723510742,5310861
2023-10-25,19.022796634611375,22.827356338500977,19.319255049008326,22.827356338500977,5725710
2023-10-26,22.827355132935455,27.363180319648517,23.420273815252585,24.95197868347168,10538052
2023-10-29,24.951978060452795,25.989584314972674,23.242397441740945,23.56850242614746,7023900
2023-10-30,23.568504368448753,25.683245842524098,23.528975574433275,24.724695205688477,7836033
2023-10-31,24.72469519396759,25.287967314564625,21.987388409302607,22.244319915771484,4698367
2023-11-01,22.24431859468883,23.64755865601219,21.750220008093795,22.135616302490234,4480170
2023-11-02,22.1356151817635,23.084285400109763,21.90833029579799,22.185026168823242,2169040
2023-11-05,22.185026487758684,23.71673129673846,22.491367072587344,22.66924285888672,3370681
2023-11-06,22.669244087639996,23.123813890745275,22.18502769026572,22.283845901489258,1692586
2023-11-07,22.28384505218723,22.580305329068572,21.305530096635433,21.740337371826172,2643618
2023-11-08,21.740337106142007,22.995347927811867,21.83915719722813,22.333255767822266,3164112
2023-11-09,22.333256211132127,23.706849661501664,22.580305501333065,22.728534698486328,5557697
2023-11-12,22.72853551215689,23.519092515166847,22.343139208794106,22.60995101928711,2275667
2023-11-13,22.60995110481986,23.18310540537945,22.343139293317517,22.689006805419922,1397585
2023-11-14,22.689005294714885,24.210829785983943,22.728534084801254,23.835315704345703,4333106
2023-11-15,23.835316371791315,24.85315824214343,23.855078882551446,24.220712661743164,3659975
2023-11-16,24.22071279819314,25.050798569563117,24.13177490234375,24.13177490234375,1914638
2023-11-19,24.131776326371693,24.90257084093921,24.220714227469355,24.56658363342285,1687372
2023-11-20,24.566581495483597,24.80374858282537,23.74637794494629,23.74637794494629,2270819
2023-11-21,23.746378618719064,23.855079025478823,23.12381334755052,23.716732025146484,2366130
2023-11-22,23.716732177734375,24.803749446181172,23.51909198898531,24.70492935180664,2089277
2023-11-23,24.70492904484168,24.902569231135015,24.181183870549894,24.220712661743164,989481
2023-11-26,24.220713701332947,24.60611000782659,23.983546598503278,24.092247009277344,506843
2023-11-27,24.092245751951832,24.64563751451059,23.96378095143713,24.230594635009766,1165279
2023-11-28,24.23059510498066,24.645637992531558,23.32145363152805,23.38074493408203,1725126
2023-11-29,23.380746404194156,23.71673361452012,22.432077964334937,22.738418579101562,1664384
2023-11-30,22.738416767633538,23.104048659553943,21.98738670349121,21.98738670349121,2097603
2023-12-03,21.987387119103733,23.321453680825645,21.987387119103733,23.212751388549805,1753048
2023-12-04,23.212752018329468,24.16142231111922,23.123814119479285,24.01319122314453,1525118
2023-12-05,24.01319178610216,24.309652084165084,23.23251695936004,23.41039276123047,905311
2023-12-06,23.41039199669776,23.914372790592846,22.9261755989954,22.945938110351562,526487
2023-12-07,22.94593712313345,23.17322389989794,21.829275173999303,22.906410217285156,1794302
2023-12-10,22.90641261985886,23.015114920806912,22.234438186428484,22.47160530090332,453629
2023-12-11,22.47160486337519,22.590189360722075,21.54269893614062,21.82927703857422,980568
2023-12-12,21.829274591233787,22.619831535459355,21.651398807573926,21.769983291625977,1730691
2023-12-13,21.769985124928546,23.2028699426086,21.839158627768995,23.015113830566406,1019627
2023-12-14,23.015114690014673,23.321455307534812,22.432078165963553,22.481487274169922,837839
2023-12-17,22.481486543427295,23.09416964338946,22.62971574806499,22.679126739501953,799094
2023-12-18,22.679125237138,23.469682199393507,22.68900554993428,23.24239730834961,1078078
2023-12-19,23.242397986540453,24.70492935180664,23.12381349632371,24.70492935180664,6678154
2023-12-20,24.704928945037715,26.384864867234878,24.902569130532616,24.971742630004883,7767494
2023-12-21,24.971743714121704,26.57262212375183,23.835317310280747,24.01319122314453,9434051
2023-12-24,24.01319122314453,24.01319122314453,24.01319122314453,24.01319122314453,0
2023-12-25,23.380746099343067,24.951979831605342,23.351099504170275,24.902570724487305,4644702
2023-12-26,24.9025714239263,25.00138964093788,23.983547680959884,24.210832595825195,4718714
2023-12-27,24.210830787701834,24.803749469674084,23.72661439812818,23.87484359741211,5276922
2023-12-28,23.874843015175042,24.161421093660174,23.321453138420207,23.56850242614746,3815281
2023-12-31,23.5685032227868,24.38870681037154,23.5685032227868,23.864961624145508,2215376
2024-01-02,23.864961350236054,24.438115635164664,23.884725746056205,24.042837142944336,1793745
2024-01-03,24.042835365977176,24.359058136381922,23.864959586415406,23.95389747619629,1134704
2024-01-04,23.953899346148958,24.171302046564588,23.489447351464253,23.706850051879883,1745118
2024-01-08,23.706850153244897,23.89460814544643,23.321453855684968,23.37086296081543,1197710
2024-01-09,23.370863441929767,23.864962042752115,23.370863441929767,23.598148345947266,1024062
2024-01-10,23.598147672003243,23.864961361188108,23.46968286878638,23.62779426574707,792267
2024-01-11,23.6277956153356,23.77602482284834,23.321455001831055,23.321455001831055,1286403
2024-01-14,23.321453473083718,25.41643040756539,23.963781253424706,24.714811325073242,4659455
2024-01-15,24.714811895839652,25.742535991152298,24.803749793538586,25.02115249633789,2606789
2024-01-16,25.021151564493888,29.398865245478472,24.813631067482614,27.965978622436523,9516724
2024-01-17,27.965981662763234,29.132054729414968,27.47188303349295,27.669523239135742,4419011
2024-01-18,27.66952096973676,28.1240907666609,27.42247167536411,27.768341064453125,1015478
2024-01-21,27.768342254794494,31.108448028564453,27.7782244531734,31.108448028564453,4627222
2024-01-22,31.108443696868846,32.92672647899573,30.43646937936504,32.46227264404297,4105317
2024-01-23,32.46227558079661,32.808146852677545,30.63411232111539,31.67171859741211,1552889
2024-01-24,31.67172180637156,34.78454472032407,31.63219301077904,34.3398551940918,1810998
2024-01-28,34.33985242108073,36.42494909929261,33.41094841770792,34.62643051147461,6493203
2024-01-29,34.62642762219091,35.575095942605586,33.40106154773402,33.58882141113281,2919006
2024-01-30,33.58882314052348,38.539689255452394,34.03350884696337,38.49028015136719,5582418
2024-01-31,38.490277622350156,38.53968672318892,32.610504150390625,32.610504150390625,9472166
2024-02-01,32.61050659852575,34.68571914692635,31.622309428873454,33.49988555908203,8355629
2024-02-04,33.499887078171014,34.48808429263419,31.81995105964897,33.59870529174805,5394718
2024-02-05,33.59870564778646,38.73733197138257,33.66787915195804,37.057395935058594,8497817
2024-02-06,37.05739460273348,44.46887352328017,35.97037920225588,44.07359313964844,10719534
2024-02-07,44.0735918639782,47.680513008781105,42.52212262309015,45.457069396972656,15439072
2024-02-08,45.45707294552825,46.346451967549214,41.514164307466395,42.49248123168945,9205438
2024-02-11,42.49247556476924,45.21001760670216,42.30471947168154,42.739524841308594,6488136
2024-02-12,42.73952635639281,45.85234885900504,41.50427992990747,44.66651153564453,9593629
2024-02-13,44.66651120365097,47.43346242447758,44.290995237282104,45.01237869262695,6618555
2024-02-14,45.012381507430376,45.6547111924651,43.78701909585474,43.89571762084961,2385097
2024-02-15,43.89571758087621,46.09940064245719,43.97477516589846,44.72580337524414,8037320
2024-02-18,44.72580337524414,44.72580337524414,44.72580337524414,44.72580337524414,0
2024-02-19,44.71592240064238,48.96516952124394,44.50840189753774,47.73980712890625,11984082
2024-02-20,47.73980652936674,49.79525467798279,47.23582386281548,47.43346405029297,8088945
2024-02-21,47.433462704429786,48.91575841394322,47.433462704429786,47.49275588989258,2285358
2024-02-22,47.49275473762493,47.97696921330115,46.54408264160156,46.54408264160156,1908245
2024-02-25,46.544085843028036,55.8529052734375,46.2476274418614,55.8529052734375,10729382
2024-02-26,55.85290793492093,67.01953588857526,53.56029066113139,61.5251579284668,17173074
2024-02-27,61.52515653476941,72.62261073245953,61.36704513221635,63.73871994018555,13151930
2024-02-28,63.73871265758167,68.6796981349136,62.05877684135427,65.22100830078125,8173376
2024-02-29,65.22101078185098,66.11038970947266,62.77028234422703,66.11038970947266,3338838
2024-03-03,66.11039287902437,73.11670726942805,66.19932700637744,71.94075775146484,8675841
2024-03-04,71.94075787456335,85.47905625396088,72.46450117479512,83.0382080078125,12051554
2024-03-05,83.0382083448217,90.3212243208182,75.79472116099221,79.04589080810547,19831460
2024-03-06,79.04588475245932,81.82272375952898,70.66597747802734,70.66597747802734,13184445
2024-03-07,70.66598497864146,74.80652618408203,66.2092134265255,74.80652618408203,11385285
2024-03-10,74.80652091301491,81.03216594660195,76.10106430062437,76.19988250732422,7626479
2024-03-11,76.19988011243242,78.26520846312769,72.69177733975003,72.97835540771484,5910299
2024-03-12,72.97836384251161,77.27702028012853,69.67778871704762,77.07938385009766,5458890
2024-03-13,77.07938434565324,80.04397605125529,73.13647948821955,77.05962371826172,8377759
2024-03-14,77.05961855534186,79.0557735193943,73.12659050543972,76.1208267211914,6087302
2024-03-17,76.12083113354349,77.67230047721884,74.75712167545096,75.10298919677734,3204505
2024-03-18,75.10298265933096,75.99236159342905,67.49386769511078,67.58280181884766,7431488
2024-03-19,67.58280375030785,67.18752337504014,60.57648567488282,63.35332107543945,9186533
2024-03-20,63.35332253710634,66.20921181680282,63.363206620036244,63.78813171386719,5072469
2024-03-21,63.78812705342896,65.4779432223628,59.60804992233789,61.66350173950195,8534739
2024-03-24,61.66350353651628,62.8493370982519,56.32723743001418,59.09418869018555,9052437
2024-03-25,59.094193026550464,60.280030444976454,57.34508349406495,60.230621337890625,6462767
2024-03-26,60.230622897689614,61.16941103532514,58.30363751405319,59.66735076904297,5689915
2024-03-27,59.66734829185473,60.18121129080213,57.36484699482156,58.283870697021484,2945646
2024-03-28,58.28386658486656,59.884744888468155,54.93387889950625,57.799652099609375,6424860
2024-03-31,57.799652411026045,61.2682227157965,55.24022166614375,60.77412414550781,4800782
2024-04-01,60.774127448680595,65.4977088310794,58.92619975087147,64.44033813476562,11961457
2024-04-02,64.44033899314945,66.69342741984201,63.24462127685547,63.24462127685547,6573514
2024-04-03,63.24462284158105,64.03518364283943,62.355243825002006,63.83753967285156,2971298
2024-04-04,63.83753854645201,67.1974105834961,63.63990211929794,67.1974105834961,5017404
2024-04-07,67.1974059578002,68.18560310423844,62.256420225609006,62.750518798828125,2179314
2024-04-08,62.75052446962284,65.2111334756036,62.31571904297871,64.3217544555664,1952446
2024-04-15,64.32175418042367,69.56908660652387,64.28223292578804,67.81009674072266,6273998
2024-04-16,67.81009461259687,69.02557294718012,65.74475854308807,66.08074951171875,3371623
2024-04-17,66.08074894171999,68.65994421592974,66.01157543985539,67.76068115234375,10351413
2024-04-18,67.76067715578894,68.92675007512109,60.378843360803224,64.2822265625,10868580
2024-04-21,64.28222771066963,65.61629235711493,63.402732849121094,63.402732849121094,3512216
2024-04-22,63.40273626537062,64.72691690063476,61.46586687942291,61.762325286865234,4413972
2024-04-23,61.762324765197235,62.24654305001256,57.80953598022461,57.80953598022461,5668028
2024-04-24,57.809535966300466,58.283870168022155,52.868549986274786,55.82326126098633,7043591
2024-04-28,55.82326126098633,55.82326126098633,55.82326126098633,55.82326126098633,0
2024-04-29,50.398056951062436,57.31543731689453,51.41589885573947,57.31543731689453,7908772
2024-04-30,57.31543575887614,58.17516623975083,50.39805558108075,50.41781997680664,8805314
2024-05-02,54.410139043084385,58.30363464355469,53.56028885021707,58.30363464355469,5565603
2024-05-07,58.303637933817434,59.06455027107721,55.93196301847077,57.335205078125,4546937
2024-05-08,57.33520187388771,64.52928003789827,60.85318525545532,61.61409378051758,20006727
2024-05-09,61.61408995692687,61.76232103528071,59.499348687826526,60.78400421142578,9631711
2024-05-12,60.784007926250375,62.157605196547884,55.339043029666186,56.97945022583008,7282020
2024-05-13,56.97945031097737,59.14360081846777,55.141402918740496,58.797733306884766,5379821
2024-05-14,58.79773372454497,60.2602651362569,57.01897950866144,58.94596481323242,9116519
2024-05-15,58.945963905130085,60.08238841209151,57.83918033790706,58.15540313720703,7920095
2024-05-16,58.155404033130246,59.29183232727224,58.20481690914151,58.94596481323242,7131904
2024-05-19,58.94596682982914,60.774130214593946,59.34124346372983,60.18121337890625,10784803
2024-05-20,60.18121055881335,63.14580213767759,60.77412736671695,61.959964752197266,14526281
2024-05-21,61.95996411534466,62.93827721529736,60.289908463825924,60.329437255859375,9935755
2024-05-22,60.32943582516627,61.26822388049556,59.78592814145131,59.894630432128906,7079435
2024-05-23,59.89463280029536,60.576487510133205,58.69891509491052,58.797733306884766,8927896
2024-05-26,58.797733306884766,58.797733306884766,58.797733306884766,58.797733306884766,0
2024-05-27,59.18313204012979,59.67723065962618,57.018981443818,57.700836181640625,8042267
2024-05-28,57.91906135584087,57.532207462812856,55.548338239957246,56.837852478027344,7745260
2024-05-29,56.83785355524341,57.532208553188646,55.568178439410055,56.302207946777344,5627797
2024-05-30,56.302206804883376,59.51607660656732,52.76100054950704,53.64382553100586,65632266
2024-06-02,53.643826048406794,54.65559603061846,51.114389741086775,52.54277801513672,7785210
2024-06-03,52.54277962945024,54.35801807158601,52.671728409540215,53.475196838378906,4342911
2024-06-04,53.47519739291894,53.95132557585809,52.8205206683863,53.068504333496094,9187564
2024-06-05,53.06850379368044,53.44544002031364,49.596732517458356,52.57253646850586,13561462
2024-06-06,52.57253479688226,52.57253479688226,51.22350310987304,51.43180847167969,2070829
2024-06-09,51.431811269662376,52.076570320536455,48.932139224135454,49.398345947265625,7254119
2024-06-10,49.3983432515996,49.83479690551758,47.017702437216286,49.83479690551758,11163656
2024-06-11,49.83480008366466,53.06850548173438,49.62649092467814,51.977378845214844,6875703
2024-06-12,51.9773761304058,52.96931076049805,51.38221308199226,52.96931076049805,2895551
2024-06-13,52.9693134289786,54.45721544907428,52.57253804338088,54.06044006347656,5751958
2024-06-23,54.060437895702,55.53842217466064,53.6735839914185,55.20116424560547,4086103
2024-06-24,55.20116369043571,56.044306612628795,54.853984299468316,54.91350173950195,4404610
2024-06-25,54.913502279536004,57.53220912388393,53.911646174067364,57.28422546386719,6048545
2024-06-26,57.28422602662386,59.516078988700116,56.58987101496961,56.59979248046875,10921061
2024-06-27,56.59979082632805,57.53220800768599,56.15341949017201,56.43115997314453,7090844
2024-07-02,56.65930505353248,59.36728614162786,57.05608041943677,58.52414321899414,10479561
2024-07-03,58.52414429072036,60.44849614755622,58.77212795296917,59.72438430786133,11239933
2024-07-04,59.724383776443034,60.34930365925012,59.42680414117835,59.7144660949707,3714604
2024-07-07,59.71446393769643,61.400753521850376,59.76405991112709,60.71631622314453,4202229
2024-07-08,60.71631786497558,61.29164176733318,59.83349664867472,60.121158599853516,3929742
2024-07-09,60.12116128442405,61.698337569746,60.012047864695724,61.49003219604492,5209581
2024-07-10,61.490031664083915,62.09510863237188,60.21043503568074,60.50801467895508,4365458
2024-07-14,60.508013598549844,60.97422409451115,57.80995014198629,58.12736892700195,3395279
2024-07-15,58.12736838821951,59.09946766524129,57.84962789988778,58.32575607299805,2928220
2024-07-16,58.32575606917538,58.71260997330647,57.26438630719969,57.56196594238281,3016708
2024-07-17,57.56196433955081,58.920917482799474,57.43301556438464,58.57373809814453,4452307
2024-07-18,58.57374029082633,59.416887013182375,58.10753357867669,59.16890335083008,3618622
2024-07-21,59.16890390399877,59.20857841455895,58.18688692697344,58.20672607421875,3196734
2024-07-22,58.20672607421875,58.8911596264949,57.28422653892935,58.20672607421875,3388179
2024-07-23,58.20672718722751,58.3753542661414,57.53221130371094,57.53221130371094,2912080
2024-07-24,57.53221129355113,58.12737058646394,57.13543590898892,57.67108154296875,2866355
2024-07-28,57.67107767607021,57.88930450134017,56.143497467041016,56.143497467041016,1934105
2024-07-29,56.14350023865511,56.82793757572459,54.66551971435547,54.66551971435547,3681423
2024-07-30,54.66552021786162,56.03439112067838,54.863907908461655,55.57809829711914,3278976
2024-07-31,55.57809884339571,56.034391671439835,55.60785945683303,55.79632568359375,1805922
2024-08-01,55.79632405962938,56.242695408892494,55.06229075373777,55.07221221923828,1121114
2024-08-04,55.07221392470186,54.51672914131338,52.622134052596685,53.22721481323242,1880144
2024-08-05,53.22721317769381,53.00898634379488,50.78705484637633,52.08648681640625,5325220
2024-08-06,52.08648734687752,53.80253763903731,52.07656966520402,53.76285934448242,1556993
2024-08-07,53.76285823657833,56.63946642178096,53.564470551822545,55.89551544189453,6070475
2024-08-08,55.89551709681171,56.49068016870025,54.9035824275946,55.92527770996094,2764239
2024-08-11,55.92527450064039,59.5557550302795,56.03438791342158,58.43486785888672,8731389
2024-08-12,58.43487004533791,60.50801361396032,57.790111009649785,59.16890335083008,12564086
2024-08-13,59.16890224260603,60.28978565101456,58.33567700135128,58.52414321899414,7532829
2024-08-14,58.524144865446985,58.88124194802095,57.343743983765634,57.58180618286133,3131407
2024-08-15,57.58180620181665,58.24640439103263,56.86761582036404,57.2346305847168,2553126
2024-08-18,57.23463059966028,57.87938585786126,55.9054380048117,56.401405334472656,4531564
2024-08-19,56.401401475832415,56.88744730664681,55.171400917492996,55.42930603027344,4336842
2024-08-20,55.42931034877877,56.510519289064284,55.151566068458415,56.341888427734375,5441711
2024-08-21,56.341886230484356,56.71882244940673,55.38962989377236,55.4689826965332,5799674
2024-08-22,55.468982732782045,56.44108200073242,54.62583981025424,56.44108200073242,5590093
2024-08-25,56.44108197467899,56.52043477745506,54.91350173595391,55.052371978759766,4566007
2024-08-26,55.05237199694797,55.73680552983025,54.95318004746254,55.538421630859375,3112040
2024-08-27,55.53842375421588,57.3536622299261,55.449149482693706,57.0362434387207,6681361
2024-08-28,57.036240160334124,57.31398064069198,56.351806640625,56.351806640625,2983988
2024-08-29,56.35180773969046,58.52414321899414,56.29229029962572,58.52414321899414,15359538
2024-09-01,58.52414054870606,60.49809203892219,58.633253958547726,59.516075134277344,10600463
2024-09-02,59.516076761759464,62.392688652149936,58.85148238753967,59.337528228759766,9748580
2024-09-03,59.33753146933626,61.89672472614262,58.98043438383487,60.50801467895508,9175892
2024-09-04,60.50801468764988,60.50801468764988,59.228418059062825,60.369144439697266,4538282
2024-09-05,60.369143889881926,61.480109647315146,60.14099937261897,60.70640182495117,5003207
2024-09-08,60.70640071484444,60.904788399598026,58.524143750415746,58.534061431884766,5533604
2024-09-09,58.53406252224372,60.01204682806259,58.45470971722234,59.1788215637207,4494260
2024-09-10,59.17882103910722,59.71446665799223,58.33567810058594,58.33567810058594,3421745
2024-09-11,58.33567753350144,58.99035424446439,57.0461594745144,58.46462631225586,3569538
2024-09-12,58.46462743574392,59.020112206965614,57.68100193096797,57.928985595703125,2262560
2024-09-16,57.92898170177451,58.27615729549475,56.193096165312966,56.5402717590332,3885823
2024-09-17,56.54027556658666,57.532210225649585,56.24269592565387,57.2346305847168,1651839
2024-09-18,57.2346311292067,57.31398393504281,56.619632694237545,57.0362434387207,922553
2024-09-19,57.03624181682599,61.00398037799649,57.095759257458475,59.506160736083984,8705361
2024-09-22,59.506162347225036,60.60720664925934,59.66487174261173,59.744224548339844,3418026
2024-09-23,59.744224016245866,60.250112810987595,58.71261106345487,59.1788215637207,3420929
2024-09-24,60.508012487733346,61.49994711867979,60.41873821959095,60.60720443725586,5686554
2024-09-25,59.02011267865291,60.617128097739446,59.10938695002825,60.50801467895508,4972734
2024-09-26,60.508012487733346,61.49994711867979,60.41873821959095,60.60720443725586,5686554
2024-09-29,60.60720499573043,62.15462439648074,60.329464507363845,61.5892219543457,4319277
2024-09-30,61.589221959112884,63.28542928564929,61.69833537495973,63.18623733520508,9662242
2024-10-01,63.1862373290517,63.483816964285715,62.20422037045604,62.49188232421875,4561529
2024-10-02,62.491880623815945,61.995913317277726,60.30962371826172,60.30962371826172,5412530
2024-10-03,60.30962857006364,61.30156326293945,60.30962857006364,61.30156326293945,3643411
2024-10-07,61.30156223926116,61.44043248851588,59.27801459144249,59.89301681518555,8373245
2024-10-08,59.893013479388706,59.39704616885634,56.53035571940813,57.47269058227539,11222292
2024-10-09,57.47269326063628,59.506162355727575,57.53221070288871,59.11930465698242,3706579
2024-10-10,59.11930692776221,59.516082323491055,57.552052060887526,57.70083999633789,5307626
2024-10-13,57.70083895971498,58.18688862155418,55.55826018591897,56.639469146728516,2489660
2024-10-14,56.63946642939599,58.028176438942836,55.37971276647765,57.423095703125,3784326
2024-10-15,57.42309517851657,59.496238708496094,57.43301664382675,59.496238708496094,3825003
2024-10-16,59.49623980551287,59.99220713011761,58.03809466031721,58.05793380737305,2750670
2024-10-17,58.0579354464684,58.52414595561667,56.88745222464163,57.87938690185547,1770794
2024-10-20,57.879384734335225,58.00833729704443,55.54833984375,55.54833984375,3040351
2024-10-21,55.54833882193176,58.52414268739239,55.052371511021654,58.514225006103516,2832823
2024-10-22,58.514228294593934,58.52414597644018,57.03624396009001,58.01826095581055,2373191
2024-10-23,58.018258766136235,58.04801559448242,56.55019216888503,58.04801559448242,3475278
2024-10-24,58.04801559079039,59.49623925714488,57.27430778239588,59.020111083984375,6859721
2024-10-27,59.02011162150081,59.51607894605124,58.79196710627926,58.89115905761719,2667990
2024-10-28,58.8911585346727,59.51607841755755,57.571887430727294,59.506160736083984,2597857
2024-10-29,59.50616071021099,59.49623924481138,58.534061433288166,59.367286682128906,2268049
2024-10-30,59.367285579370346,59.21849765651312,58.028175354003906,58.028175354003906,1314616
2024-10-31,58.028178066788115,59.91285544919615,58.028178066788115,58.63325881958008,4454224
2024-11-03,58.63325881079441,59.41688810638889,58.77212905883789,58.77212905883789,1816510
2024-11-04,58.772128523156994,59.46648354097616,58.276161193847656,58.276161193847656,1604720
2024-11-05,58.2761611863456,58.62333680324527,58.06785581620579,58.41503143310547,1725967
2024-11-06,58.415030883192756,59.466482973509905,58.63325771686415,58.82172393798828,2185052
2024-11-07,58.821720730472144,61.281718072157695,59.07962584418953,60.2203483581543,7486268
2024-11-10,60.22035433903143,61.400759046105875,60.50801630831265,60.81551742553711,4546186
2024-11-11,60.81551415081032,61.45035171508789,60.706400734963175,61.45035171508789,3545446
2024-11-12,61.45035334423283,62.987851320465985,61.271804801554865,61.896724700927734,5532317
2024-11-13,61.896725265477684,61.96616039004903,60.92462595361777,61.00398254394531,1823813
2024-11-14,61.0039809099986,61.10317286132075,60.46833529142605,60.48817443847656,1738498
2024-11-17,60.48817445086415,60.68656213747947,59.5259966303346,60.21043395996094,3722148
2024-11-18,60.2104328481919,60.508012480654955,58.52414321899414,58.52414321899414,4178906
2024-11-19,58.52414321899414,59.02011053440934,58.44478663224115,58.52414321899414,1934193
2024-11-20,58.5241453701799,59.11930465698242,57.928986083377374,59.11930465698242,1656036
2024-11-21,59.11930026861594,59.11930026861594,58.13728713989258,58.13728713989258,1484004
2024-11-24,58.13728929271864,58.72253087600728,57.135433197021484,57.135433197021484,2247055
2024-11-25,57.13543322225944,59.02011053440934,57.13543322225944,58.52414321899414,6243499
2024-11-26,58.52414375777658,58.60350034526014,57.829788753016885,58.32575607299805,3703988
2024-11-27,58.325756094298214,58.325756094298214,56.86761474609375,56.86761474609375,1912652
2024-11-28,56.867616360972356,57.780194439699,56.639468057360226,57.52229309082031,3419480
2024-12-01,57.522291982198716,58.02817698845071,57.1552734375,57.1552734375,2052564
2024-12-02,57.155275118070925,57.70083843448275,56.42124557495117,56.42124557495117,4123792
2024-12-03,56.421243934536434,57.224708579079405,56.421243934536434,56.73866271972656,2660298
2024-12-04,56.73866432844505,57.84963010810986,56.78826030555026,57.393341064453125,2381415
2024-12-05,57.3933388921088,57.72067535575786,56.937049865722656,56.937049865722656,2501070
2024-12-08,56.93704985341589,58.02817644391741,57.135433754285,57.28422546386719,2993125
2024-12-09,57.284226556614556,57.72067644435476,56.74858093261719,56.74858093261719,2514182
2024-12-10,56.748577077846406,57.33381863825332,56.054222106933594,56.054222106933594,991875
2024-12-11,56.054225390307984,56.63946698499541,56.044307708740234,56.044307708740234,868152
2024-12-12,56.04430933261354,56.72874289853136,56.074066162109375,56.074066162109375,1541369
2024-12-15,56.074063978341584,56.51051764157917,54.76471055648953,55.06229019165039,4101476
2024-12-16,55.06229234091911,56.98664803900549,55.300358328698536,56.42124557495117,3941527
2024-12-17,56.42124070403092,58.424949035773984,56.044304499225944,57.02632141113281,4251587
2024-12-18,57.02632299480362,57.28422433119221,55.58801703835992,55.80624008178711,1238503
2024-12-19,55.80624009058201,56.510516547002034,55.22099851306497,55.25075912475586,6117887
2024-12-22,55.25076185550131,55.94511688103248,55.0920524597168,55.0920524597168,1707534
2024-12-23,55.092049756287345,56.26253291173511,55.349951092807736,55.94511413574219,3349640
2024-12-24,55.94511575734117,56.1434996601393,55.44914843248507,56.044307708740234,1195495
2024-12-25,56.04430987656379,56.49068124298625,55.71696961321047,56.292293548583984,1347541
2024-12-26,56.29229413175353,56.33197242783115,55.69713482631163,55.74673080444336,1315814
2024-12-29,55.74672697671938,56.13358087708722,55.052371978759766,55.052371978759766,2335391
2024-12-30,55.052374227692695,55.42931046208554,52.79076438919659,53.2172966003418,1328953
2024-12-31,53.21729495316478,55.54833984375,53.27680860985337,55.54833984375,2829278
2025-01-02,55.54833708197822,55.54833708197822,54.68535504752651,54.804386138916016,2324164
2025-01-05,54.80438666945773,55.34003226179115,54.536563873291016,54.536563873291016,1152427
2025-01-06,54.53656716865057,54.784550833722975,53.54463250836097,53.76285934448242,1666539
2025-01-08,53.76285935258961,53.87197277066679,53.068504333496094,53.068504333496094,2386825
2025-01-09,53.06850324358259,53.31648690359933,51.77898896828161,52.076568603515625,4886796
2025-01-12,52.076568597279085,52.076568597279085,50.033181876770925,51.3822135925293,3077581
2025-01-13,51.38221244593581,52.17575938340028,48.30721664428711,48.30721664428711,2991385
2025-01-14,48.30721824054467,52.56261879972133,48.50560592744886,52.294795989990234,9229868
2025-01-15,52.29479489994329,54.8539842774786,51.82858441302584,54.566322326660156,8332913
2025-01-16,54.56632450365257,55.270600994776814,53.852134114693314,54.744873046875,4053446
2025-01-19,54.56632507931639,55.54834207739985,53.85213468282257,54.54648971557617,5436486
2025-01-20,54.1993059221681,54.52664615635553,53.56446838378906,53.56446838378906,1138582
2025-01-21,53.56446949882627,54.209228515625,53.35616413669633,54.209228515625,1269871
2025-01-22,54.20923230067604,55.101971250965356,53.96124862827392,54.5564079284668,2869381
2025-01-23,54.55640740350846,54.853987050741495,53.812456393460614,54.06044006347656,3783346
2025-01-26,54.06043787136533,54.55640519128612,54.06043787136533,54.159629821777344,3756147
2025-01-27,54.159632591854795,54.35802028675602,53.584312438964844,53.584312438964844,1750740
2025-01-28,53.584309721765536,54.04059874814908,52.63205337524414,52.63205337524414,1843036
2025-01-29,52.63205443718115,54.6555982683848,52.63205443718115,53.76285934448242,3935100
2025-01-30,53.76285823377438,54.55640518882578,53.96124591851982,54.22906494140625,893276
2025-02-02,54.22906274930143,55.062287964406465,53.56446838378906,53.56446838378906,2440412
2025-02-03,53.56447111780503,53.96124649150907,52.969311841179355,53.26689147949219,900063
2025-02-04,53.26689148053636,53.5446319717764,52.43366622288584,52.57253646850586,1906840
2025-02-05,52.5725370114144,53.03874751275072,51.907942605103884,52.374149322509766,3439531
2025-02-06,52.374149322509766,52.96931238922367,52.2650359044157,52.374149322509766,3302882
2025-02-09,52.37414603364244,52.870113332794226,51.481407165527344,51.481407165527344,1121886
2025-02-10,51.48141099650712,51.947617719329955,50.78705596923828,50.78705596923828,1972548
2025-02-11,50.78705488876261,51.08463452728108,49.34874888800454,50.48947525024414,5656171
2025-02-12,50.48947416806514,51.58060074722273,48.70398880736318,51.23342514038086,6230972
2025-02-13,51.233424583895406,51.43180848054721,50.489473619660316,50.80689239501953,1252936
2025-02-16,50.80689186149228,51.6996307388415,51.08463234103245,51.28302001953125,2040381
2025-02-17,51.28302276188623,51.729394116395625,50.36052322387695,50.36052322387695,3461690
2025-02-18,50.360520502774094,50.88624463416208,50.31092452915961,50.58866500854492,3226106
2025-02-19,50.5886671793509,51.12431279880497,50.17205644239578,50.975521087646484,3027913
2025-02-20,50.97552162214851,51.55084554180144,50.79697308045833,51.47148895263672,3466499
2025-02-23,51.471490613063935,51.70955660430747,50.97552326657624,51.08463668823242,2465076
2025-02-24,51.08463341018994,51.580600724851976,50.8068929248369,50.88624572753906,2412325
2025-02-25,50.88624681572191,51.09455218419122,50.35060119628906,50.35060119628906,1346416
2025-02-26,50.350600654045294,51.550844444055365,50.390278947782726,51.52108383178711,3169590
2025-02-27,51.52108174619261,53.56446838378906,51.134227857738516,53.56446838378906,12456509
2025-03-02,53.56447272950462,54.1794711717132,52.89987831007334,53.57439041137695,2336633
2025-03-03,53.57439154418369,54.119958656960684,53.1676984680694,53.17761993408203,1836180
2025-03-04,53.17761720743424,53.34624428169682,52.59237561240638,52.641971588134766,1437251
2025-03-05,52.641968866625895,52.8205173971617,52.076566447905904,52.4535026550293,1573227
2025-03-06,52.45350156204878,52.82051629653365,52.2253570631025,52.50309753417969,1052020
2025-03-09,52.50310134569585,53.0387469650277,52.19560024187267,52.57253646850586,1160665
2025-03-10,52.57253378337222,53.5644683830585,52.38406757164671,53.42559814453125,2530298
2025-03-11,53.42559807244064,53.3660806343249,51.828582763671875,51.828582763671875,2826534
2025-03-12,51.82858385870069,52.473342874821235,51.778987884521484,51.778987884521484,1704398
2025-03-13,51.77898789584713,53.56446945420111,51.77898789584713,53.09825897216797,3621229
2025-03-16,53.098257911072494,54.496885545292,53.17761449533498,53.56446838378906,3991453
2025-03-17,53.5644727453703,54.159632040079984,52.97923113253589,53.366085052490234,1341775
2025-03-18,53.36608342993381,54.060438441937436,52.870116104778425,53.961246490478516,3908903
2025-03-19,53.96124481454362,54.060436762921825,53.167694091796875,53.167694091796875,3379468
2025-03-20,53.167694117287944,53.66366142727731,52.9990670481781,53.51487350463867,1623177
2025-03-23,53.514873480011055,53.86204908327173,52.96931019605988,53.09825897216797,1390098
2025-03-24,53.09826391647815,53.405765039378295,52.175764331708365,52.77092742919922,2682707
2025-03-25,52.77092524783945,52.77092524783945,52.27495791239722,52.66181182861328,1416929
2025-03-26,52.66181017769679,53.028824934917814,52.374148224015016,52.49317932128906,891736
2025-03-27,52.49317769446382,53.018905610331124,52.324550627212396,52.67172622680664,1263328
2025-04-03,52.67172731926568,52.57253536987577,51.28302110815545,51.511165618896484,2182182
2025-04-06,51.51116443683733,50.08277996517705,48.62463488223849,49.199954986572266,3099749
2025-04-07,49.19995663756279,49.19003895609071,46.92842918742045,47.6327018737793,6511372
2025-04-08,47.63270077971963,48.44608686324076,47.61286163330078,47.61286163330078,3095585
2025-04-09,47.61286273580969,47.79141127378341,46.37294443539798,46.52173614501953,3246608
2025-04-10,46.52173559197916,48.35681314120134,47.3946353406623,47.41447448730469,2750677
2025-04-13,47.41447395131115,47.96003723405341,47.186329443398215,47.751731872558594,1867160
2025-04-14,47.751729677970744,48.198100992038235,47.51366749975482,47.57318115234375,1742346
2025-04-15,47.57318336217605,48.803183953193695,47.57318336217605,48.30721664428711,2972386
2025-04-16,48.307218819988826,48.57504163293244,47.83109063606587,47.999717712402344,892034
2025-04-17,47.99971879392168,48.19810648767555,47.57318657672655,48.15842819213867,1141701
2025-04-22,48.15842874858638,48.456008400690315,47.81125311845356,47.89060592651367,1385974
2025-04-23,47.89060375096516,50.09269988757365,47.93028204515802,49.586814880371094,5320965
2025-04-27,49.58681269043944,50.98544033556091,49.59673037158445,50.10261535644531,2584334
2025-04-28,50.10261535715683,50.58866497973457,49.82487487792969,49.82487487792969,1237831
2025-04-29,49.82487599848601,52.572535376977015,50.836649774907016,51.23342514038086,5697225
2025-04-30,51.2334251334605,51.511165618896484,50.89616720803239,51.511165618896484,1447961
2025-05-04,51.51116615170503,53.03874640526418,51.58060127378223,52.35430908203125,4830916
2025-05-05,52.354308565411024,53.554552343609686,52.463421980150024,52.96931076049805,4793116
2025-05-06,52.96931294038939,53.366084538396784,52.17576217651367,52.17576217651367,1330819
2025-05-07,52.17576162552866,53.564471663715686,52.27495736193084,53.068504333496094,6238439
2025-05-08,53.06850214341867,53.50495201378516,52.27495520460221,53.167694091796875,2531467
2025-05-11,53.167694091796875,53.94140566808193,52.87011446273198,53.167694091796875,3581534
2025-05-12,53.1676957451432,53.66366307031778,52.24519621760405,52.57253646850586,2451524
2025-05-13,52.5725397300356,53.46528248430657,52.53286143341675,52.77092742919922,1477330
2025-05-14,52.77092032440274,53.366079557833885,52.50309753417969,52.50309753417969,2160902
2025-05-15,52.50310081498096,52.96931130679022,52.49317934957673,52.562618255615234,5206500
2025-05-18,52.56261878693174,53.1676957451432,52.56261878693174,52.57253646850586,1806283
2025-05-19,52.57253925616925,52.63205670056106,50.985445245026945,51.580604553222656,3575898
2025-05-20,51.580601820261215,51.778989507125225,51.09455217664092,51.1838264465332,2662190
2025-05-21,51.18382425977924,51.38221193816742,50.40019879523778,50.58866500854492,5922740
2025-05-22,50.588669354130076,50.787057049559834,50.340685680825516,50.59858703613281,2133255
2025-05-25,50.59858703613281,50.787057049559834,49.953831755899294,50.59858703613281,2722609
2025-05-26,50.59858215877008,51.947613816938194,50.65809959684109,50.71761703491211,2882276
2025-05-27,50.966821468622655,53.817694487650215,51.036597761883655,53.72798156738281,7994813
2025-05-28,53.72798263062828,55.522237268960716,53.79775892527012,54.82447052001953,9068553
2025-05-29,54.82447052001953,55.32287479747425,54.12670377107834,54.82447052001953,6978173
2025-06-01,54.82446895594085,56.81808600888416,54.924148287578916,56.718406677246094,6847137
2025-06-02,56.71840547335999,56.99751063804057,55.63188405046712,56.220001220703125,3583758
2025-06-03,56.22000315243516,56.81808675516461,56.22000315243516,56.77821350097656,2265094
2025-06-04,56.778212966227805,56.93770217895508,56.22996903513548,56.93770217895508,1802048
2025-06-10,56.937700476509605,58.61233906133541,56.937700476509605,58.313297271728516,3269193
2025-06-11,58.313299958368894,59.011066701281294,57.26665174526171,57.51585388183594,2522345
2025-06-12,57.51585144376047,57.416168311842604,55.33283838629274,55.811309814453125,1980487
2025-06-15,55.81131021741021,53.92733893704846,51.33563832883482,53.827659606933594,3366956
2025-06-16,53.82766229392869,54.625108382223054,52.84082014542992,53.73794937133789,3155312
2025-06-17,53.73794710837774,54.01705227689664,52.731172177275475,53.55852127075195,2619875
2025-06-18,53.55852166894091,54.55533019537389,52.63148943515643,54.29616165161133,2027067
2025-06-19,54.296161226480095,54.326064265231665,51.13627624511719,51.13627624511719,12060377
2025-06-22,51.13627723361534,52.990341722507544,49.86036352191438,52.83085250854492,2378515
2025-06-23,52.83085250854492,53.32925677749346,52.83085250854492,52.83085250854492,2578868
2025-06-24,52.830851961319475,54.8244690164636,53.44887218370778,54.70485305786133,7360302
2025-06-25,54.704851796605595,55.572074130892545,54.37590316488001,55.512264251708984,2282903
2025-06-29,55.51226609123341,56.76824697804927,55.51226609123341,56.66856384277344,2029488
2025-06-30,56.66856146568675,57.03738334695208,55.372711181640625,55.372711181640625,2347347
2025-07-01,55.37271446471515,56.2200040179019,54.73475759797677,54.82447052001953,1741601
2025-07-02,54.82446928735667,55.92095715209469,54.86434254126203,55.33283996582031,1180068
2025-07-06,55.33283834422254,56.23993393011069,55.32287193229966,56.1103515625,1346269
2025-07-07,56.11035419205684,56.8081209375608,56.120320604446775,56.31968307495117,2219959
2025-07-09,56.31968264836884,56.708437371520304,55.31290769360539,56.58882141113281,1674661
2025-07-10,56.58882157599793,56.59878798834142,56.020641009348495,56.39942932128906,1228349
2025-07-13,56.3994279481006,56.718406370645425,55.38268280029297,55.38268280029297,1201910
2025-07-14,55.3826838233353,56.12032001314996,55.22319460911677,56.07048034667969,2154254
2025-07-15,56.07047955179841,56.469204482953636,56.12031921756213,56.309715270996094,1374972
2025-07-16,56.30971699976147,56.409396334349154,54.525428771972656,54.525428771972656,1729523
2025-07-17,54.525428714051266,55.621916603442514,54.6948843431749,54.82447052001953,1562861
2025-07-20,54.82446795167138,55.51226445342964,54.74472144580351,55.02383041381836,1860401
2025-07-21,55.02383018511455,55.52223443714906,54.3260634717617,54.80453109741211,1613171
2025-07-22,54.8045317219555,54.814501936522504,53.98714904350595,54.046958923339844,1032947
2025-07-23,54.046958923339844,54.046958923339844,54.046958923339844,54.046958923339844,0
2025-07-27,55.32287512383624,55.36274837887333,54.24632005297222,54.445682525634766,1189103
2025-07-28,54.445681329973766,55.06370536190776,52.34241470449258,52.53181076049805,2312563
2025-07-29,52.531809806513614,53.658204499720746,52.55174643323229,52.9604377746582,1958145
2025-07-30,52.96043785880944,53.2196064015185,52.33244742500304,52.36235046386719,872519
2025-07-31,52.36235122687135,53.1298942565918,52.46203436207564,53.1298942565918,561126
2025-08-03,53.1298942565918,53.1298942565918,53.1298942565918,53.1298942565918,0
2025-08-04,53.1298942565918,53.1298942565918,53.1298942565918,53.1298942565918,0
2025-08-05,53.1298942565918,53.1298942565918,53.1298942565918,53.1298942565918,0
2025-08-06,53.1298942565918,53.1298942565918,53.1298942565918,53.1298942565918,0
2025-08-07,53.1298942565918,53.1298942565918,53.1298942565918,53.1298942565918,0
2025-08-10,55.75150107956808,56.778212642997296,55.82127737208136,56.60875701904297,3346047
2025-08-11,56.608759118174625,57.017450476274156,56.26984405517578,56.26984405517578,2024664
2025-08-12,56.269842166665676,56.77821284284072,56.12031936645508,56.12031936645508,1224349
2025-08-13,56.12031941657369,56.758276266666144,55.37271301989858,55.8212776184082,695098
2025-08-14,55.82127641557573,56.30971425732201,53.987148609820196,55.322872161865234,1326831
2025-08-17,55.32287147741556,55.82127572495984,54.6849146489625,55.6717529296875,484799
2025-08-18,55.671756380903226,56.22000412920714,54.82447062856187,54.934120178222656,2445135
2025-08-19,54.93411888544008,55.322873605072076,54.82446933835971,55.03379821777344,844024
2025-08-20,55.0337987545977,55.611949534834515,54.824469873142085,54.87430953979492,1864019
2025-08-21,54.87430776231718,55.30293572618863,54.59520259608375,54.834434509277344,1011275
2025-08-24,54.83443510711697,55.37271262145524,54.42574376530962,55.08363723754883,806699
2025-08-25,55.08363744775585,55.3228731669934,54.38587452190207,54.5952033996582,1405329
2025-08-26,54.595203928285805,55.023831902616394,53.32925663230042,53.72798156738281,3679630
2025-08-27,53.72798263062828,54.82447052001953,53.73794904306732,54.82447052001953,2197475
2025-08-28,54.82446992834064,55.28300094604492,54.0768635202269,55.28300094604492,1360103
2025-08-31,55.283000568099354,55.512266075384105,54.42574461758596,54.54536437988281,568257
2025-09-01,54.545365341452204,54.82447052001953,54.34600286996574,54.82447052001953,531645
2025-09-02,54.82446933011396,55.183321010496535,53.817694384616445,54.32606506347656,1390993
2025-09-03,54.326066586113456,54.79456782669094,52.581651603990544,53.030216217041016,2012563
2025-09-07,53.03021388758755,53.72798061029055,52.162991542132964,52.44209671020508,1378105
2025-09-08,52.44209756661977,53.309319926236675,52.452063978846795,52.61155319213867,726098
2025-09-09,52.61155415955503,53.229578199632655,52.182926177978516,52.182926177978516,1198298
2025-09-10,52.182926717686755,53.01027964964307,52.083247382461536,52.73117446899414,1244581
2025-09-11,52.731171786441884,53.12989290958182,52.53180932361057,52.820884704589844,545233
2025-09-14,52.82088595246703,53.72798156738281,52.83085236470883,53.72798156738281,946602
2025-09-15,53.72798252947766,54.02702433488293,53.32925758725539,54.00708770751953,1342643
2025-09-16,54.00708548837959,54.00708548837959,52.74113822174269,53.52861785888672,1423332
2025-09-17,53.5286195250164,53.78778807311256,52.741139863361305,53.45884323120117,1885160
2025-09-18,53.45884152248133,53.90740611304365,53.12989288856139,53.827659606933594,1232779
2025-09-21,53.8276621755504,54.94408669670726,53.52862036841303,54.33603286743164,1813081
2025-09-22,54.33603018506264,54.82446802787552,54.046958607196544,54.425743103027344,515501
2025-09-23,54.42574558417039,54.97399333146065,53.92734130665044,54.116737365722656,1240934
2025-09-24,54.11673478049128,55.322872161865234,53.97718219785597,55.322872161865234,975360
2025-09-25,55.322874907003346,55.422554241682484,54.834437041020635,54.934120178222656,1388631
2025-09-28,54.93411756533302,55.62191406795962,54.326063766152274,55.43252182006836,1275772
2025-09-29,55.432522113724914,56.170158285228176,54.94408426838677,56.06051254272461,2537634
2025-09-30,56.06051420933307,56.76824736324107,55.9309280338566,56.69847106933594,2757864
2025-10-01,56.698472029127416,57.475981490102235,56.4293332612847,56.977577209472656,2988844
2025-10-02,56.977573925304526,57.51585142996383,56.818084716796875,56.818084716796875,1979513
2025-10-05,56.818087293303684,57.30652515542635,56.56888515605235,56.61872482299805,700299
2025-10-06,56.61872509243036,56.917766898050445,55.6219165386815,55.83124542236328,1425158
2025-10-07,55.83124323811182,56.170158285228176,55.821276826074296,56.06051254272461,718049
2025-10-08,56.060511703209045,57.8248594016775,55.831242402029595,57.60556411743164,4376961
2025-10-12,57.60556414907024,58.78179848371034,57.0174469817502,58.313297271728516,2905808
2025-10-13,58.3132997926393,58.80173765204666,57.914574854244606,58.41297912597656,2546292
2025-10-14,58.41297798000869,58.811702910581054,56.8679255284556,57.61553192138672,8536867
2025-10-15,57.61553267868563,57.814895146592235,57.31649087808713,57.67534255981445,629826
2025-10-16,57.67534021803627,58.014255258959764,57.087223052978516,57.087223052978516,1356148
2025-10-19,57.0872258480853,58.21362056902907,57.06728922087571,57.81489562988281,2146813
2025-10-20,57.81489540942305,58.21362034704889,57.38626743235827,57.59559631347656,933306
2025-10-21,57.59559668790168,57.59559668790168,56.91776657104492,56.91776657104492,1195017
2025-10-22,56.917766683941515,57.26665195795492,56.31968307495117,56.31968307495117,1038594
2025-10-23,56.31968092420183,56.69846922344265,56.02063913112654,56.24990463256836,1239443
2025-10-26,56.24990391760485,57.66537016134723,56.31968020835143,56.897830963134766,1219969
2025-10-27,56.897833593378394,58.014258099455944,56.92773663293137,57.81489562988281,2250337
2025-10-28,57.814894338135566,58.41297793096925,57.216810745301885,57.914573669433594,2292133
2025-10-29,57.914573830592225,58.41297809351478,57.69527854062177,57.725181579589844,1487438
2025-10-30,57.72518291788608,58.16377731051808,57.11712909461985,57.32645797729492,1749507
2025-11-02,57.32645819634023,59.38985539888248,57.71521672603735,58.96122741699219,6609344
2025-11-03,58.96122642334862,61.812095642089844,59.031002716664354,61.812095642089844,10541811
2025-11-04,61.81209613927634,64.78258514404297,61.961618941882925,64.78258514404297,7293061
2025-11-05,64.78258201693217,68.75985339107095,63.795743735437306,68.46080780029297,8557963
2025-11-06,68.46081270664862,72.01941898772249,68.77979114398411,70.6737289428711,12230207
2025-11-09,70.67372507074363,72.66734209612402,69.97595454883324,70.97276306152344,3312000
2025-11-10,70.97276373569548,72.7670221175997,71.02260720382162,71.63066101074219,4408574
2025-11-11,71.6306578731634,72.16893536415694,69.9759521484375,69.9759521484375,2225740
2025-11-12,69.9759585058349,72.06926258489281,70.07564544677734,70.07564544677734,2638265
2025-11-13,70.07564392981982,71.47116981225443,70.07564392981982,71.37149047851562,2225339
2025-11-16,71.37149233478509,74.7606430053711,71.07245432579114,74.7606430053711,3204663
2025-11-17,74.76063644073513,79.17649833736968,75.37866043979481,76.45520782470703,4878896
2025-11-18,76.45521200208447,77.2426916615588,74.27220647017018,74.3619155883789,2928436
2025-11-19,74.36191411345536,75.70760409521472,72.98632109288619,74.95003509521484,1825376
2025-11-20,74.95003415779864,76.25585086979764,73.36510467529297,73.36510467529297,1610519
2025-11-23,73.36510290231497,73.76382781692904,72.3184585571289,72.3184585571289,1200201
2025-11-24,72.31846327546485,75.39859804160184,70.77340698242188,70.77340698242188,6123732
2025-11-25,70.77340634787075,73.26542769814787,70.82324981689453,70.82324981689453,3808177
2025-11-26,70.82325045189256,72.01941766873212,70.68369786342947,70.77340698242188,1419701
2025-11-27,70.77340931362576,72.26862218644884,70.67372997644674,71.77021789550781,1819451
2025-11-30,71.77021270479793,76.2558509988478,71.88983246378893,76.196044921875,2792621
2025-12-01,76.19604388494078,77.25265845732322,74.76063721676441,75.20919799804688,1821218
2025-12-02,75.20920240927022,76.25585443371202,73.66415371252964,74.75067138671875,2425200
2025-12-03,74.75066804390755,78.5983495013446,74.30210725637518,76.90377807617188,4226448
2025-12-04,76.90378306882448,77.63144906962167,74.87029266357422,74.87029266357422,2611695
2025-12-07,74.87028643849989,76.3555289620874,73.97315727473905,74.88025665283203,980270
2025-12-08,74.8802590854779,75.25904358690688,73.49469584506299,73.86351013183594,1908201
2025-12-09,73.86350922815028,75.70760345458984,73.66415056774156,75.70760345458984,1553418
2025-12-10,75.70760457303811,77.25266083169012,75.80729150976057,76.8041000366211,2093377
2025-12-11,76.80410021304671,77.45201967295796,75.20920048236985,75.60792541503906,1514208
2025-12-14,75.60792868329877,76.1462062249132,73.81367781629658,73.9432601928711,1360858
2025-12-15,73.94325648673636,75.85712702429797,74.02300299372946,75.76741790771484,1920440
2025-12-16,75.76741465494915,76.63463316487085,75.13942044564568,75.30888366699219,693511
2025-12-17,75.30888695653711,75.75744774988004,74.2921380042264,74.46159362792969,936308
2025-12-18,74.46159242484632,75.73751370194101,73.96318817138672,73.96318817138672,2099936
2025-12-21,73.96319141576744,75.04971669059319,74.26223702297892,74.4217300415039,309231
2025-12-22,74.42172535314897,75.25904083251953,74.37188188673848,75.25904083251953,1442650
2025-12-23,75.25904729207356,75.35872662840488,74.26223871866861,74.7606430053711,1049946
2025-12-24,74.76064193669842,75.2092027463003,74.37188720703125,74.37188720703125,864319
2025-12-25,74.37188827014683,75.05968861941092,74.46159739133125,74.7606430053711,336704
2025-12-28,74.76063651408245,76.55489483243852,74.76063651408245,75.85712432861328,1057527
2025-12-29,75.85712799955577,77.25266146969486,75.45840306450951,76.75425720214844,2218073
2025-12-30,76.75426005800304,79.24628148845768,76.28575881227022,79.00704956054688,4141132
2025-12-31,79.00704613003836,80.64181150903096,79.02697895439633,79.74468231201172,2976805
2026-01-04,79.74468280742695,80.1434077424732,76.65457786964826,76.75425720214844,2310278
2026-01-05,76.75425720214844,77.45202013469519,75.65776933455544,76.75425720214844,2817644
2026-01-06,76.75425391429108,78.14978732465087,76.27578249172234,77.6015396118164,924776
2026-01-08,77.6015443492032,78.7478757064454,77.28256591636625,77.47196197509766,1687188
2026-01-11,77.47196153495473,78.67809896492463,77.41215545571438,77.74109649658203,1305898
2026-01-12,77.74109285046552,78.74787156571841,77.37227857238673,77.55170440673828,2336665
2026-01-13,77.55170784901297,78.41892641600079,77.50186437974085,78.22953796386719,2374004
2026-01-14,78.22953596053526,78.29931225270197,74.79054200505911,76.25585174560547,1717691
2026-01-15,76.25585627403223,76.62467818598459,75.2590476952867,75.90697479248047,2335422
2026-01-18,75.90697413208245,77.25266418067208,75.7574513255623,75.9568099975586,631519
2026-01-19,75.95680678819939,82.6354284885293,76.06645633467814,81.75823211669922,9496719
2026-01-20,81.75822974248692,85.16732058893166,82.03734251044746,83.48271179199219,6382671
2026-01-21,83.48271445405634,83.731916586755,81.7382995251656,82.68526458740234,2521856
2026-01-22,82.68526514079338,85.0776071517211,82.24667455573932,83.23351287841797,1861546
2026-01-25,83.23351167322043,87.61947069557289,82.79491348947154,86.16413116455078,3240685
2026-01-26,86.16413535077677,87.71915428864257,85.87505995244733,86.19403839111328,8137065
2026-01-27,86.19403495848515,86.93167114257812,85.87505653252232,86.93167114257812,4894446
2026-01-28,86.93166971754162,87.60949981223192,85.83518187158406,86.2139663696289,6184363
2026-02-01,86.2139665760529,86.7223410495492,84.93805289006221,85.72553253173828,1500483
2026-02-02,85.7255346818319,86.50304412841797,83.83159692947999,86.50304412841797,3114327
2026-02-03,86.50303961615285,89.21435992797797,86.5229800447945,88.15774536132812,5676579
2026-02-04,88.15774713038161,90.70957448446184,88.21755320741619,89.91212463378906,7180789
2026-02-05,89.91212520809145,90.2111708052652,87.23071546829404,87.73908233642578,3728009
2026-02-08,87.73908705771494,89.19443426355843,87.85870682403034,88.3172378540039,1497835
2026-02-09,88.31723095495798,89.682861328125,88.11787229838474,89.682861328125,2199124
2026-02-10,89.68286659594114,89.96197177355593,88.11787747427611,88.6860580444336,2432159
2026-02-11,88.68605628789643,88.98509428439846,86.73231247824344,86.93167114257812,1236562
2026-02-12,86.93167413477667,88.71596238065604,86.2837470458189,88.58638000488281,1885666
2026-02-15,88.58637984230297,92.59354692434923,88.22752815077096,91.30766296386719,3417900
2026-02-16,91.30765782718852,95.04568973281889,91.50702409184937,91.70638275146484,6168783
2026-02-17,91.70638102807888,96.69042347525708,91.90573968394791,95.39456939697266,4753944
2026-02-18,95.3945714824866,96.49106692887355,95.23508607531375,96.06243896484375,1605437
2026-02-19,96.06243673793061,97.07917804959301,91.25782012939453,91.25782012939453,2634503
2026-02-22,91.25782461333293,93.20159821865563,88.71595980171499,90.20120239257812,2175568
2026-02-23,90.20119803907903,92.70318947585068,89.21435976439392,92.67328643798828,3744730
2026-02-24,92.67328699941804,93.69999853248805,90.81922259026518,91.20797729492188,2733839
2026-02-25,91.20797842752835,91.68644985730256,86.55288452315938,87.56962585449219,5771809
2026-02-26,87.56962788223996,89.61308841175574,86.822021484375,86.822021484375,4722361
2026-03-01,86.82202100790253,84.96795654296875,81.76820209027218,84.96795654296875,3569992
2026-03-02,84.96795661428398,84.96795661428398,82.93446630893871,82.95440673828125,3818878
2026-03-03,82.95441004436893,83.68207603841662,77.75106811523438,77.75106811523438,4724767
2026-03-04,77.7510629002052,79.74467989764636,74.26223315468317,78.74787139892578,10550709
2026-03-05,78.74787230860055,81.59874525627757,79.5054489057922,80.33279418945312,4863541
2026-03-08,80.33279853834935,80.44244808881487,76.95361811411951,77.64141845703125,4816964
2026-03-09,77.64141497937689,77.75106452493107,75.75744748583027,76.25585174560547,4706961
2026-03-10,76.25585493863692,79.72475207814408,76.96358810454687,79.54532623291016,4519718
2026-03-11,79.54532428105105,79.9938850806063,78.44882880650158,79.69483947753906,2617573
2026-03-12,79.69484177609691,79.7247524213028,77.35234316799324,77.75106811523438,2285054
2026-03-15,77.75106189836453,78.54851172908378,76.28575220731888,76.45520782470703,1292001
2026-03-16,76.45520830699864,77.70121892220426,73.49469347350811,73.57443237304688,2907678
2026-03-17,73.57443585546935,76.70441406061025,74.06287751538143,76.37547302246094,2307496
2026-03-18,76.37546990978711,79.64500056878336,76.75425440148463,78.74787139892578,9465363
2026-03-19,78.74787139892578,78.74787139892578,78.74787139892578,78.74787139892578,0
2026-03-24,78.74787018405404,80.74148715073895,78.24946594238281,78.24946594238281,2621177
2026-03-25,78.24947152604064,80.14340930054631,78.34915086047867,78.99707794189453,2175245
2026-03-26,78.99707532538591,79.5253826249503,77.76103488819324,77.78096771240234,1341703
2026-03-29,77.78097031629652,78.23950133891118,76.00665230551286,76.16614532470703,1925540
2026-03-30,76.1661467442941,76.53496104922456,73.77380464711304,74.7606430053711,2934813
2026-03-31,74.76064324057269,75.75745181711366,73.96319333732156,74.27220916748047,3462547
2026-04-01,74.27220336908307,78.74787139892578,75.15936232454075,78.74787139892578,3277609
2026-04-02,78.7478704518817,79.24627469524803,76.26581944932998,77.16294860839844,2807530
2026-04-05,77.1629510227406,79.24627717477513,77.15298080814866,78.86749267578125,2232541
2026-04-06,78.86749213191847,81.04053499020449,78.88742495591944,79.0269775390625,4727999
2026-04-07,79.02697802004508,79.59515857059863,77.05330141498345,77.45201873779297,1925361
2026-04-08,77.45202141782057,83.73191833496094,79.7247513037222,83.73191833496094,7842808
2026-04-09,83.7319192815604,85.9548057229934,82.2466766522884,84.71875762939453,4818429
2026-04-14,84.71875260884286,86.91173588023766,85.02776841645276,85.22712707519531,3856827
2026-04-15,85.22712827283283,86.22393679064373,85.22712827283283,85.72553253173828,1909344
2026-04-16,85.72553372245304,86.72234225410946,85.27697292522586,86.22393798828125,2415772
2026-04-19,86.22394108129485,99.68085674138135,90.70957963465702,93.05207824707031,16879284
2026-04-20,93.05207631807217,94.68684172633796,91.42728112468666,93.20159912109375,5314154
2026-04-21,93.20159966617243,95.32479914535006,93.61029482315192,93.74984741210938,4988433
2026-04-22,93.74984383588095,95.16531010133762,92.70319185358042,92.96236419677734,3426236
2026-04-23,92.96236656637163,95.57400007384575,93.10191915356282,93.2514419555664,8956882
2026-04-26,93.2514414002841,93.9791073712986,92.70319366455078,92.70319366455078,1650082
2026-04-27,92.70319601830016,95.06563504174429,92.71316623330634,93.70000457763672,4466339
2026-04-28,93.69999973221653,94.99585383436107,93.63022344087307,93.71993255615234,3213737
2026-04-29,93.71993599888297,95.19521599082475,93.6302268803083,94.39776611328125,4720161
2026-04-30,94.39776763610523,94.96594821138102,93.73987794080759,93.80965423583984,7023677
2026-05-03,93.80965263936336,96.09234511663676,93.89936175785853,95.7035903930664,4387757
2026-05-04,95.70359263186397,97.63739608010529,95.59394308110774,96.59075164794922,8149620
2026-05-05,96.59075012623613,98.13579881747188,94.70678257298985,97.8865966796875,6515755
2026-05-06,97.88659733947473,99.58117645085798,97.83676147460938,97.83676147460938,9508950
2026-05-10,97.8367605046212,100.27893840513832,98.21554501503473,99.68085479736328,7099554
2026-05-11,99.68085446733859,100.62781954276004,97.78691671145002,97.93643951416016,2722925
2026-05-12,97.93643529516977,98.53451887519991,96.83994746427364,97.19879913330078,2614089
2026-05-13,97.19880354095686,98.65414310687517,96.04250197609139,96.74027252197266,5268260
2026-05-14,96.74027415693865,97.28851430399058,94.80646310958937,94.8463363647461,3738415
2026-05-17,94.84632965872729,95.19521111037406,92.40414428710938,92.40414428710938,3389557
2026-05-18,92.40415040848089,94.06882648240773,91.86588047887942,93.70000457763672,3922907
2026-05-19,94.0,100.5,94.05000305175781,98.98999786376953,11938715
2026-05-20,98.98999786376953,101.4000015258789,98.02999877929688,98.0999984741211,12017671
2026-05-21,98.0999984741211,99.5,98.19999694824219,98.19999694824219,6489454
2026-05-24,98.19999694824219,100.98999786376953,97.0,97.0,6364076
2026-05-25,97.0,98.0,96.0,96.0,5468428
2026-05-26,96.0,96.0,96.0,96.0,0
2026-05-27,96.0,96.0,96.0,96.0,0
2026-05-28,96.0,96.0,96.0,96.0,0
2026-06-01,96.0,98.80000305175781,96.69999694824219,97.0999984741211,4284669
2026-06-02,97.0999984741211,97.80000305175781,96.79000091552734,96.80000305175781,4732565
2026-06-03,96.80000305175781,97.33000183105469,95.5,97.0,2305816
2026-06-04,97.0,96.9800033569336,95.95999908447266,96.4000015258789,2697613
2026-06-07,96.4000015258789,96.4000015258789,94.1500015258789,94.5,2379248
2026-06-08,94.5,97.38999938964844,94.16000366210938,96.69999694824219,2783558
2026-06-09,96.69999694824219,97.38999938964844,95.80000305175781,95.80000305175781,3229240
2026-06-10,95.80000305175781,96.48999786376953,94.16000366210938,94.36000061035156,2676401
2026-06-11,94.36000061035156,95.0,92.91000366210938,92.91000366210938,2953647
2026-06-14,92.91000366210938,96.25,95.05000305175781,95.68000030517578,4761365
2026-06-15,95.68000030517578,96.69999694824219,94.97000122070312,95.30000305175781,3665440
2026-06-16,95.30000305175781,95.69000244140625,94.55000305175781,95.5999984741211,4947159
2026-06-17,95.5999984741211,95.5999984741211,95.5999984741211,95.5999984741211,0
2026-06-18,95.5999984741211,95.5999984741211,95.5999984741211,95.5999984741211,0
2026-06-21,96.80000305175781,98.9800033569336,97.0,97.0,10396531
2026-06-22,97.0,97.0,97.0,97.0,0
2026-06-23,96.6500015258789,96.94999694824219,94.19999694824219,95.0,3622400
2026-06-24,95.0,95.9000015258789,94.5,95.1500015258789,2472805
2026-06-25,95.1500015258789,96.30000305175781,94.19999694824219,95.86000061035156,3787322
2026-06-28,95.86000061035156,96.1500015258789,93.30000305175781,93.5999984741211,2276380
2026-06-29,93.5999984741211,94.30000305175781,92.0999984741211,92.36000061035156,2253123
2026-06-30,92.36000061035156,94.69999694824219,92.5999984741211,94.48999786376953,4284680
2026-07-01,94.48999786376953,95.1500015258789,94.0999984741211,94.43000030517578,2145971
2026-07-05,94.43000030517578,96.5999984741211,94.5,95.9000015258789,2435883
2026-07-06,95.9000015258789,98.5,96.01000213623047,97.98999786376953,6184690
2026-07-07,97.98999786376953,99.43000030517578,97.80000305175781,98.33999633789062,5176374
2026-07-08,98.33999633789062,98.4000015258789,96.0999984741211,97.79000091552734,3434157
2026-07-09,97.79000091552734,97.86000061035156,96.5,97.0999984741211,2034440
2026-07-12,97.0999984741211,97.18000030517578,96.30000305175781,96.5,1149459
2026-07-13,96.5,98.27999877929688,96.51000213623047,98.27999877929688,2548607
2026-07-14,98.27999877929688,98.1500015258789,96.69999694824219,97.91000366210938,2088510
2026-07-15,97.91000366210938,101.98999786376953,97.5,101.01000213623047,8396445
2026-07-16,101.01000213623047,103.5,101.11000061035156,101.1500015258789,7873546
2026-07-19,101.1500015258789,101.05000305175781,98.80999755859375,99.5,2167467
2026-07-20,99.5,102.88999938964844,99.06999969482422,101.87000274658203,4228486
2026-07-21,101.87000274658203,103.87000274658203,100.51000213623047,101.44999694824219,4162543
2026-07-22,101.44999694824219,102.0,99.69999694824219,100.5,5483632
2026-07-26,100.5,101.30000305175781,98.72000122070312,98.80000305175781,2513642
2026-07-27,98.80000305175781,100.19999694824219,99.0199966430664,99.70999908447266,2102260
2026-07-28,99.70999908447266,100.5,99.72000122070312,99.8499984741211,3104843
2026-07-29,99.8499984741211,100.0999984741211,97.58999633789062,97.58999633789062,2553586
2026-07-30,97.58999633789062,97.88999938964844,95.19999694824219,97.30000305175781,3985718
2026-08-02,97.30000305175781,98.69999694824219,97.30999755859375,98.5999984741211,1587575
2026-08-03,98.5999984741211,99.19999694824219,96.9000015258789,97.48999786376953,3350395
2026-08-04,97.48999786376953,99.9000015258789,96.19999694824219,99.9000015258789,3191794
2026-08-05,99.9000015258789,99.5,98.11000061035156,99.38999938964844,1936936
2026-08-06,99.38999938964844,99.58999633789062,98.0,98.5,2771492
2026-08-09,98.5,98.5,98.5,98.5,0
2026-08-10,98.5,98.5,98.5,98.5,0
2026-08-11,98.3499984741211,99.5,96.31999969482422,97.9000015258789,4110682
2026-08-12,97.9000015258789,98.4000015258789,97.01000213623047,98.3499984741211,1129738
2026-08-13,98.3499984741211,98.98999786376953,96.9000015258789,97.80000305175781,2930666
2026-08-16,97.80000305175781,97.80000305175781,97.80000305175781,97.80000305175781,0
2026-08-17,97.87999725341797,98.54000091552734,96.36000061035156,96.5,2745901
2026-08-18,96.5,97.4000015258789,96.38999938964844,96.80000305175781,1696246
2026-08-19,96.80000305175781,97.0,95.4000015258789,97.0,2290177
2026-08-20,97.0,97.69999694824219,95.51000213623047,97.69999694824219,2176618
2026-08-23,97.69999694824219,98.75,97.0,97.80000305175781,1997975
2026-08-24,97.80000305175781,98.29000091552734,97.3499984741211,98.0,2168567
2026-08-25,98.0,98.5,97.0999984741211,98.5,1326384
2026-08-26,98.5,98.5,97.51000213623047,97.51000213623047,1560183
2026-08-30,97.51000213623047,97.88999938964844,96.05999755859375,96.19999694824219,3331726
2026-08-31,96.19999694824219,97.0,94.9000015258789,97.0,6362761
2026-09-01,97.0,97.4000015258789,95.69999694824219,97.30000305175781,2433202
